{"type": "FeatureCollection", "generated_at": "2026-08-24T07:05:45+00:00", "pdf_compiled_at": "2026-08-24T06:00+00:00", "features": [{"type": "Feature", "properties": {"index": 1, "id": "A2035/18", "location": "FALA", "valid_from": "1805171221", "valid_to": "PERM", "height_ft": null, "is_low": false, "text": "ALONG R511, RIVERGLEN (255823.63S 0280037.35E , 255827.47S\n0280038.35E, 255833S 0280041E): 3 CRANES (200FT AGL) WITH DAY AND\nNGT\nMARKINGS ERECTED.\nA0753/20", "centre_lat": -25.97583333333333, "centre_lon": 28.011388888888888, "radius_nm": 1}, "geometry": {"type": "Point", "coordinates": [28.011388888888888, -25.97583333333333]}}, {"type": "Feature", "properties": {"index": 2, "id": "A0753/20", "location": "FAJA FACA", "valid_from": "2002180901", "valid_to": "PERM", "height_ft": null, "is_low": false, "text": "AVGAS FUEL SUPPLY AT VARIOUS AP SUSPECTED TO BE CONTAMINATED WITH\nPUMP-GAS OR ANOTHER SUBSTANCE. PILOTS ARE ADZ TO BE VIGILANT AND IF\nFUEL SUPPLY IS SUSPECT (LOOK AND SMELL), PILOTS ARE TO DRAIN SUCH\nFUEL FM ACFT AND INFORM THE SOUTH AFRICAN CAA.\nUSE OF PUMP-GAS IN AVGAS ENG IS HAZARDOUS. IF POSS PILOTS TO SUPPLY\nA\nSAMPLE TO THE SOUTH AFRICAN CAA TO ASSIST IN THE INVESTIGATION.\nA3225/26", "centre_lat": -29.933333333333334, "centre_lon": 23.733333333333334, "radius_nm": 609}, "geometry": {"type": "Point", "coordinates": [23.733333333333334, -29.933333333333334]}}, {"type": "Feature", "properties": {"index": 3, "id": "A3225/26", "location": "FACT", "valid_from": "2608260600", "valid_to": "2608261600", "height_ft": null, "is_low": false, "text": "PSN (335856.5S 0183559.4E): 1 CRANE (76FT AGL) ERECTED.\nA3222/26", "centre_lat": -33.983333333333334, "centre_lon": 18.933333333333334, "radius_nm": 1}, "geometry": {"type": "Point", "coordinates": [18.933333333333334, -33.983333333333334]}}, {"type": "Feature", "properties": {"index": 4, "id": "A3222/26", "location": "FAUP", "valid_from": "2608240500", "valid_to": "2608240800", "height_ft": null, "is_low": false, "text": "RFFS UPGRADED TO CAT 6.\nA3220/26", "centre_lat": -28.4, "centre_lon": 21.266666666666666, "radius_nm": 5}, "geometry": {"type": "Point", "coordinates": [21.266666666666666, -28.4]}}, {"type": "Feature", "properties": {"index": 5, "id": "A3220/26", "location": "FACA", "valid_from": "2609110600", "valid_to": "2609121000", "height_ft": 99999, "is_low": false, "text": "PRINCE ALBERT, WESTERN CAPE (325156S 0220518E, 325934S 0220518E,\n325934S 0215613E, 325156S 0215613E): ROCKET FIRING TAKING PLACE.", "centre_lat": -32.929166666666674, "centre_lon": 22.01263888888889, "radius_nm": null}, "geometry": {"type": "Polygon", "coordinates": [[[22.08833333333333, -32.86555555555556], [22.08833333333333, -32.99277777777778], [21.936944444444446, -32.99277777777778], [21.936944444444446, -32.86555555555556], [22.08833333333333, -32.86555555555556]]]}}, {"type": "Feature", "properties": {"index": 6, "id": "A3207/26", "location": "FAGM", "valid_from": "2608290700", "valid_to": "2608301400", "height_ft": 7483, "is_low": false, "text": "AIRSHOW TAKING PLACE.", "centre_lat": -26.25, "centre_lon": 28.15, "radius_nm": 3}, "geometry": {"type": "Point", "coordinates": [28.15, -26.25]}}, {"type": "Feature", "properties": {"index": 7, "id": "A3206/26", "location": "FACT", "valid_from": "2608240600", "valid_to": "2608280330", "height_ft": null, "is_low": false, "text": "WIP ON ALL APN, RWY AND TWY.\n5MIN PN TO VACATE.\nA3194/26", "centre_lat": -33.96666666666667, "centre_lon": 18.6, "radius_nm": 5}, "geometry": {"type": "Point", "coordinates": [18.6, -33.96666666666667]}}, {"type": "Feature", "properties": {"index": 8, "id": "A3194/26", "location": "FAKN", "valid_from": "2608251800", "valid_to": "2608280300", "height_ft": null, "is_low": false, "text": "AD CLSD TO FIXED WING TFC.\nA3192/26", "centre_lat": -25.383333333333333, "centre_lon": 31.1, "radius_nm": 5}, "geometry": {"type": "Point", "coordinates": [31.1, -25.383333333333333]}}, {"type": "Feature", "properties": {"index": 9, "id": "A3192/26", "location": "FAKN", "valid_from": "2608211800", "valid_to": "2608250300", "height_ft": null, "is_low": false, "text": "RWY 05/23 SHOULDER MAINT TAKING PLACE. AD CLSD TO FIXED WING TFC.\nA3190/26", "centre_lat": -25.383333333333333, "centre_lon": 31.1, "radius_nm": 5}, "geometry": {"type": "Point", "coordinates": [31.1, -25.383333333333333]}}, {"type": "Feature", "properties": {"index": 10, "id": "A3190/26", "location": "FAJA", "valid_from": "2609010600", "valid_to": "2611301430", "height_ft": 60000, "is_low": false, "text": "FAR148 (ALKANTPAN TEST RANGE): MISSILE FRNG TAKING PLACE.", "centre_lat": -29.9, "centre_lon": 21.783333333333335, "radius_nm": 28}, "geometry": {"type": "Point", "coordinates": [21.783333333333335, -29.9]}}, {"type": "Feature", "properties": {"index": 11, "id": "A3188/26", "location": "FAJA", "valid_from": "2704191600", "valid_to": "2705012000", "height_ft": 99999, "is_low": false, "text": "BLOEMFONTEIN SHOWGROUNDS, 35 CURIE AVENUE, HOSPITAL PARK,\nBLOEMFONTEIN (290822S 0261215E): LASER BEAM DISPLAY TAKING PLACE.", "centre_lat": -29.139444444444443, "centre_lon": 26.204166666666666, "radius_nm": 1}, "geometry": {"type": "Point", "coordinates": [26.204166666666666, -29.139444444444443]}}, {"type": "Feature", "properties": {"index": 12, "id": "A3180/26", "location": "FALE", "valid_from": "2608190729", "valid_to": "2608261000", "height_ft": null, "is_low": false, "text": "D-ATIS TEL LINE U/S.\nA3179/26", "centre_lat": -29.616666666666667, "centre_lon": 31.116666666666667, "radius_nm": 5}, "geometry": {"type": "Point", "coordinates": [31.116666666666667, -29.616666666666667]}}, {"type": "Feature", "properties": {"index": 13, "id": "A3179/26", "location": "FAPP", "valid_from": "2608190701", "valid_to": "2608310005", "height_ft": null, "is_low": false, "text": "RWY 23 WINDSOCK U/S.\nA3178/26", "centre_lat": -23.85, "centre_lon": 29.45, "radius_nm": 5}, "geometry": {"type": "Point", "coordinates": [29.45, -23.85]}}, {"type": "Feature", "properties": {"index": 14, "id": "A3178/26", "location": "FAPP", "valid_from": "2608190701", "valid_to": "2608310005", "height_ft": null, "is_low": false, "text": "TWY D2, D3 AND D4 GUARD LGT U/S.\nA3173/26", "centre_lat": -23.85, "centre_lon": 29.45, "radius_nm": 5}, "geometry": {"type": "Point", "coordinates": [29.45, -23.85]}}, {"type": "Feature", "properties": {"index": 15, "id": "A3173/26", "location": "FALA", "valid_from": "2608181117", "valid_to": "2609301200", "height_ft": null, "is_low": false, "text": "ILS LOC RWY 07 LAI 110.7 MHZ U/S. ALL ASSOCIATED PROC SUSPENDED.\nA3169/26", "centre_lat": -25.933333333333334, "centre_lon": 27.933333333333334, "radius_nm": 5}, "geometry": {"type": "Point", "coordinates": [27.933333333333334, -25.933333333333334]}}, {"type": "Feature", "properties": {"index": 16, "id": "A3169/26", "location": "FAKN", "valid_from": "2608302200", "valid_to": "2611272159", "height_ft": 2614, "is_low": false, "text": "AREA BOUNDED BY (252154S 0315835E, 253404S 0320053E, 254629S\n0302244E, 252619S 0302015E): UAS OPS (800FT AGL) TAKING PLACE BEYOND\nVISUAL LINE OF SIGHT (BVLOS).", "centre_lat": -25.536527777777778, "centre_lon": 31.176875000000003, "radius_nm": null}, "geometry": {"type": "Polygon", "coordinates": [[[31.976388888888888, -25.365000000000002], [32.014722222222225, -25.567777777777778], [30.378888888888888, -25.77472222222222], [30.3375, -25.43861111111111], [31.976388888888888, -25.365000000000002]]]}}, {"type": "Feature", "properties": {"index": 17, "id": "A3166/26", "location": "FAUP", "valid_from": "2608171415", "valid_to": "2611141000", "height_ft": null, "is_low": false, "text": "IAC RNAV-01 RNAV (GNSS) RWY 35 DATED 08 DECEMBER 2016 SUSPENDED.\nAERONAUTICAL DATA TABULATION RNAV-01A RNAV (GNSS) RWY 35 DATED 08\nDECEMBER 2016 SUSPENDED.\nA3164/26", "centre_lat": -28.4, "centre_lon": 21.266666666666666, "radius_nm": 5}, "geometry": {"type": "Point", "coordinates": [21.266666666666666, -28.4]}}, {"type": "Feature", "properties": {"index": 18, "id": "A3164/26", "location": "FAKN", "valid_from": "2608171411", "valid_to": "2611141000", "height_ft": null, "is_low": false, "text": "STAR ARR-01 RNAV (GNSS) RWY 05 DATED 20 MAY 2021 SUSPENDED.\nAERONAUTICAL DATA TABULATION ARR-01A RNAV (GNSS) RWY 05 DATED 20 MAY\n2021 SUSPENDED.\nA3161/26", "centre_lat": -25.383333333333333, "centre_lon": 31.1, "radius_nm": 5}, "geometry": {"type": "Point", "coordinates": [31.1, -25.383333333333333]}}, {"type": "Feature", "properties": {"index": 19, "id": "A3161/26", "location": "FASD", "valid_from": "2608170937", "valid_to": "2608281500", "height_ft": 25000, "is_low": false, "text": "SAR PJE TAKING PLACE.", "centre_lat": -32.96666666666667, "centre_lon": 17.966666666666665, "radius_nm": 50}, "geometry": {"type": "Point", "coordinates": [17.966666666666665, -32.96666666666667]}}, {"type": "Feature", "properties": {"index": 20, "id": "A3128/26", "location": "FAXX", "valid_from": "2608290800", "valid_to": "2608291600", "height_ft": 8500, "is_low": false, "text": "0.5NM CENTRED AT RHINO PARK AIRFIELD, BRONKHORSTSPRUIT (255000S\n0283226E): PJE TAKING PLACE.", "centre_lat": -25.833333333333332, "centre_lon": 28.540555555555557, "radius_nm": 1}, "geometry": {"type": "Point", "coordinates": [28.540555555555557, -25.833333333333332]}}, {"type": "Feature", "properties": {"index": 21, "id": "A3125/26", "location": "FALE", "valid_from": "2608141352", "valid_to": "2610141000", "height_ft": null, "is_low": false, "text": "TWY G RIGHT HAND SIDE GUARD LGT U/S.\nA3111/26", "centre_lat": -29.616666666666667, "centre_lon": 31.116666666666667, "radius_nm": 5}, "geometry": {"type": "Point", "coordinates": [31.116666666666667, -29.616666666666667]}}, {"type": "Feature", "properties": {"index": 22, "id": "A3111/26", "location": "FALA", "valid_from": "2608142200", "valid_to": "2609052300", "height_ft": null, "is_low": false, "text": "NIL TWR 124.0 MHZ SER AVBL.\nA3084/26", "centre_lat": -25.933333333333334, "centre_lon": 27.933333333333334, "radius_nm": 5}, "geometry": {"type": "Point", "coordinates": [27.933333333333334, -25.933333333333334]}}, {"type": "Feature", "properties": {"index": 23, "id": "A3084/26", "location": "FALE", "valid_from": "2608140600", "valid_to": "2611111800", "height_ft": 386, "is_low": true, "text": "UMDLOTI BEACH, KWAZULU NATAL (293945S 0310715E, 293948S 0310721E,\n293951S 0310719E 293949S 0310713E): UAS OPS (200FT AGL) TAKING PLACE\nBEYOND VISUAL LINE OF SIGHT (BVLOS).\nFUA REF: DN 10081.", "centre_lat": -29.663402777777776, "centre_lon": 31.121388888888887, "radius_nm": null}, "geometry": {"type": "Polygon", "coordinates": [[[31.120833333333334, -29.662499999999998], [31.1225, -29.66333333333333], [31.121944444444445, -29.664166666666667], [31.12027777777778, -29.66361111111111], [31.120833333333334, -29.662499999999998]]]}}, {"type": "Feature", "properties": {"index": 24, "id": "A3069/26", "location": "FALA", "valid_from": "2608120500", "valid_to": "2611091600", "height_ft": 5286, "is_low": false, "text": "DURBAN DEEP RADIO FLYERS AIRFIELD, ROODEPOORT, GAUTENG (260415S\n0275212E): MODEL ACFT OPS (400FT AGL) TAKING PLACE.\nFAU REF DN09/08-1.", "centre_lat": -26.070833333333333, "centre_lon": 27.87, "radius_nm": 8}, "geometry": {"type": "Point", "coordinates": [27.87, -26.070833333333333]}}, {"type": "Feature", "properties": {"index": 25, "id": "A3051/26", "location": "FAOR", "valid_from": "2608110400", "valid_to": "2611082359", "height_ft": 6180, "is_low": false, "text": "DENVER, GAUTENG (261208S 0280344E, 261244S 0280351E, 261234S\n0280723E, 261154S 0280713E): UAS OPS (400FT AGL) TAKING PLACE BEYOND\nVISUAL LINE OF SIGHT (BVLOS).", "centre_lat": -26.205555555555556, "centre_lon": 28.09243055555556, "radius_nm": null}, "geometry": {"type": "Polygon", "coordinates": [[[28.06222222222222, -26.202222222222222], [28.06416666666667, -26.21222222222222], [28.123055555555556, -26.209444444444443], [28.12027777777778, -26.198333333333334], [28.06222222222222, -26.202222222222222]]]}}, {"type": "Feature", "properties": {"index": 26, "id": "A3033/26", "location": "FAOR", "valid_from": "2608280500", "valid_to": "2608301600", "height_ft": null, "is_low": false, "text": "PJE (8000FT AGL) TAKING PLACE AT FAGM. REF NOTAM A3032/26.\nA3032/26", "centre_lat": -26.25, "centre_lon": 28.15, "radius_nm": 5}, "geometry": {"type": "Point", "coordinates": [28.15, -26.25]}}, {"type": "Feature", "properties": {"index": 27, "id": "A3032/26", "location": "FAGM", "valid_from": "2608280500", "valid_to": "2608301600", "height_ft": 12359, "is_low": false, "text": "PJE (8000FT AGL) TAKING PLACE.", "centre_lat": -26.25, "centre_lon": 28.15, "radius_nm": 5}, "geometry": {"type": "Point", "coordinates": [28.15, -26.25]}}, {"type": "Feature", "properties": {"index": 28, "id": "A3031/26", "location": "FACT", "valid_from": "2608070643", "valid_to": "2611042200", "height_ft": null, "is_low": false, "text": "PWR LINE ON RWY 16 AND RWY 19 APCH BLW 2 PERCENT NOT CLEARLY\nVISIBLE DRG POOR WX COND.\nA3029/26", "centre_lat": -33.96666666666667, "centre_lon": 18.6, "radius_nm": 5}, "geometry": {"type": "Point", "coordinates": [18.6, -33.96666666666667]}}, {"type": "Feature", "properties": {"index": 29, "id": "A3029/26", "location": "FAJA", "valid_from": "2608070552", "valid_to": "2611040800", "height_ft": null, "is_low": false, "text": "YSTERBERG VHF RELAY STN 134.4 MHZ AND 126.7 MHZ U/S.\nA3008/26", "centre_lat": -28.633333333333333, "centre_lon": 24.966666666666665, "radius_nm": 100}, "geometry": {"type": "Point", "coordinates": [24.966666666666665, -28.633333333333333]}}, {"type": "Feature", "properties": {"index": 30, "id": "A3008/26", "location": "FALE", "valid_from": "2608170500", "valid_to": "2608301600", "height_ft": null, "is_low": false, "text": "DUBE TRADEZONE 2 (293616.29S 0310646.00E): 1X CRANE (60M AGL)\nERECTED.\nA2989/26", "centre_lat": -29.6, "centre_lon": 31.116666666666667, "radius_nm": 1}, "geometry": {"type": "Point", "coordinates": [31.116666666666667, -29.6]}}, {"type": "Feature", "properties": {"index": 31, "id": "A2989/26", "location": "FALE", "valid_from": "2608040715", "valid_to": "2609041400", "height_ft": null, "is_low": false, "text": "GRASS CUTTING TAKING PLACE WI 50M OF RWY 06/24.\nESCORT WILL BE PROVIDED AT ALL TIMES. 15MIN PN TO VACATE.\nA2988/26", "centre_lat": -29.616666666666667, "centre_lon": 31.116666666666667, "radius_nm": 5}, "geometry": {"type": "Point", "coordinates": [31.116666666666667, -29.616666666666667]}}, {"type": "Feature", "properties": {"index": 32, "id": "A2988/26", "location": "FAJA", "valid_from": "2611270800", "valid_to": "2611281600", "height_ft": 99999, "is_low": false, "text": "VERKEERDEVLEI, FREE STATE (285007S 0264622E): RELEASE OF 1 WX\nBALLOON.", "centre_lat": -28.835277777777776, "centre_lon": 26.772777777777776, "radius_nm": 5}, "geometry": {"type": "Point", "coordinates": [26.772777777777776, -28.835277777777776]}}, {"type": "Feature", "properties": {"index": 33, "id": "A2975/26", "location": "FACT", "valid_from": "2608032200", "valid_to": "2609300330", "height_ft": null, "is_low": false, "text": "MAINT WORK TAKING PLACE ON ALL TWY. 15MIN PN TO VACATE.\nA2971/26", "centre_lat": -33.96666666666667, "centre_lon": 18.6, "radius_nm": 5}, "geometry": {"type": "Point", "coordinates": [18.6, -33.96666666666667]}}, {"type": "Feature", "properties": {"index": 34, "id": "A2971/26", "location": "FALA", "valid_from": "2608032200", "valid_to": "2610312159", "height_ft": 5487, "is_low": false, "text": "CRADLE NATURE RESERVE (254858S 0274928E, 255200S 0275219E, 255754S\n0274519E, 255530S 0274117E): UAS OPS (400 FT AGL) TAKING PLACE BEYOND\nVISUAL LINE OF SIGHT (BVLOS). FUA REF: MM 29/07-5.", "centre_lat": -25.893194444444443, "centre_lon": 27.784930555555555, "radius_nm": null}, "geometry": {"type": "Polygon", "coordinates": [[[27.824444444444445, -25.816111111111113], [27.871944444444445, -25.866666666666667], [27.755277777777778, -25.965], [27.688055555555557, -25.925], [27.824444444444445, -25.816111111111113]]]}}, {"type": "Feature", "properties": {"index": 35, "id": "A2965/26", "location": "FACA FAJA FAJO", "valid_from": "2608010001", "valid_to": "2609010001", "height_ft": null, "is_low": false, "text": "CHECKLIST\nYEAR=2018 2035\nYEAR=2020 0753\nYEAR=2026 1916 1921 1926 1948 1986 2048 2059 2075 2100 2121\n2123 2195 2198 2204 2212 2223 2249 2271 2307 2309\n2314 2333 2336 2342 2361 2365 2376 2377 2381 2383\n2400 2411 2443 2445 2460 2468 2469 2502 2503 2506\n2527 2546 2559 2567 2590 2623 2629 2631 2635 2642\n2645 2646 2647 2650 2651 2652 2653 2654 2655 2656\n2657 2659 2667 2677 2680 2692 2699 2711 2721 2732\n2744 2747 2752 2754 2769 2770 2780 2781 2784 2785\n2788 2801 2802 2803 2814 2815 2817 2822 2867 2868\n2869 2870 2871 2872 2885 2886 2887 2888 2889 2890\n2891 2892 2893 2896 2897 2898 2903 2922 2926 2935\nW5-HC4XRP-CT - 24AUG26 0600 ATNS 5/111\n2936 2937 2938 2940 2941 2942 2943 2944 2945 2947\n2948 2949 2956 2957\nLATEST PUBLICATIONS\nAIP SUPPLEMENT.....057 9 JUL 26\nAIP AMENDMENT......003 15 JUL 26\nCHECKL...", "centre_lat": -51.86666666666667, "centre_lon": 16.85, "radius_nm": 999}, "geometry": {"type": "Point", "coordinates": [16.85, -51.86666666666667]}}, {"type": "Feature", "properties": {"index": 36, "id": "A2947/26", "location": "FALE", "valid_from": "2608030500", "valid_to": "2610311700", "height_ft": 466, "is_low": true, "text": "BALLITO CRUSHERS, AREA BOUNDED BY (292702S0 311343E, 292648S\n0311416E, 292703S 0311416E, 292719S 0311346E): UAS OPS (400FT AGL)\nTAKING PLACE. CAMU (CENTRAL AIRSPACE MANAGEMENT UNIT) REF: DN\n20/07/11.", "centre_lat": -29.450925925925926, "centre_lon": 31.235, "radius_nm": null}, "geometry": {"type": "Polygon", "coordinates": [[[31.23777777777778, -29.446666666666665], [31.23777777777778, -29.450833333333332], [31.229444444444443, -29.455277777777777], [31.23777777777778, -29.446666666666665]]]}}, {"type": "Feature", "properties": {"index": 37, "id": "A2945/26", "location": "FAOR", "valid_from": "2608271500", "valid_to": "2608271900", "height_ft": 5186, "is_low": false, "text": "MODDERFONTEIN GOLF CLUB, GAUTENG (260609S 0280949E): TETHERED HOT\nAIR BALLOON OPS (100FT AGL) TAKING PLACE.", "centre_lat": -26.102500000000003, "centre_lon": 28.16361111111111, "radius_nm": 1}, "geometry": {"type": "Point", "coordinates": [28.16361111111111, -26.102500000000003]}}, {"type": "Feature", "properties": {"index": 38, "id": "A2944/26", "location": "FALA", "valid_from": "2608012200", "valid_to": "2610292159", "height_ft": 5487, "is_low": false, "text": "CRADLE NATURE RESERVE (255225S 0275117E, 255514S 0275334E, 255848S\n0274819E, 255707S 0274557E): UAS OPS (400 FT AGL) TAKING PLACE BEYOND\nVISUAL LINE OF SIGHT (BVLOS). FUA REF: MM 29/07-3.", "centre_lat": -25.93152777777778, "centre_lon": 27.829652777777778, "radius_nm": null}, "geometry": {"type": "Polygon", "coordinates": [[[27.854722222222225, -25.87361111111111], [27.892777777777777, -25.920555555555556], [27.80527777777778, -25.979999999999997], [27.765833333333333, -25.951944444444443], [27.854722222222225, -25.87361111111111]]]}}, {"type": "Feature", "properties": {"index": 39, "id": "A2942/26", "location": "FACT", "valid_from": "2607310944", "valid_to": "2610282200", "height_ft": null, "is_low": false, "text": "SOME RCLL 01/19 APPEAR TO BE OFF WHITE.\nA2936/26", "centre_lat": -33.96666666666667, "centre_lon": 18.6, "radius_nm": 5}, "geometry": {"type": "Point", "coordinates": [18.6, -33.96666666666667]}}, {"type": "Feature", "properties": {"index": 40, "id": "A2936/26", "location": "FAJA FACA FAJO", "valid_from": "2607310634", "valid_to": "2610281000", "height_ft": null, "is_low": false, "text": "THE FOLLOWING RNAV ROUTES AS PUBLISHED IN THE AIP ENR 3.3 AREA\nNAVIGATION ROUTES PORTION WITHIN SOUTH AFRICAN AIRSPACE ARE SUSPENDED\nAS FOLLOWS:\nQ11\nUQ11\nT122\nUT122\nZ36\nUZ36.\nA2935/26", "centre_lat": -51.86666666666667, "centre_lon": 16.85, "radius_nm": 999}, "geometry": {"type": "Point", "coordinates": [16.85, -51.86666666666667]}}, {"type": "Feature", "properties": {"index": 41, "id": "A2935/26", "location": "FAKN", "valid_from": "2607310633", "valid_to": "2610281000", "height_ft": null, "is_low": false, "text": "IAC VOR-01 VOR/DME RWY 05 DATED 19 JUL 2018 SUSPENDED.\nIAC VOR-02 VOR/DME RWY 23 DATED 19 JUL 2018 SUSPENDED.\nA2922/26", "centre_lat": -25.383333333333333, "centre_lon": 31.1, "radius_nm": 5}, "geometry": {"type": "Point", "coordinates": [31.1, -25.383333333333333]}}, {"type": "Feature", "properties": {"index": 42, "id": "A2922/26", "location": "FAOR", "valid_from": "2607312230", "valid_to": "2610170300", "height_ft": null, "is_low": false, "text": "RWY 03L/21R CLSD.\nA2893/26", "centre_lat": -26.133333333333333, "centre_lon": 28.25, "radius_nm": 5}, "geometry": {"type": "Point", "coordinates": [28.25, -26.133333333333333]}}, {"type": "Feature", "properties": {"index": 43, "id": "A2893/26", "location": "FACT", "valid_from": "2607281221", "valid_to": "PERM", "height_ft": null, "is_low": false, "text": "STAR ARR-06 ERDAS 1B RWY 19 DATED 03 JAN 2019 WITHDRAWN.\nSTAR ARR-07 GETEN 1B RWY 19 DATED 03 JAN 2019 WITHDRAWN.\nW5-HC4XRP-CT - 24AUG26 0600 ATNS 7/111\nSTAR ARR-08 ASPIK 1B RWY 19 DATED 10 MAY 2007 WITHDRAWN.\nA2892/26", "centre_lat": -33.96666666666667, "centre_lon": 18.6, "radius_nm": 5}, "geometry": {"type": "Point", "coordinates": [18.6, -33.96666666666667]}}, {"type": "Feature", "properties": {"index": 44, "id": "A2892/26", "location": "FACT", "valid_from": "2607281220", "valid_to": "PERM", "height_ft": null, "is_low": false, "text": "SID DEP-02 KODES 1A RWY01 DATED 03 JAN 2019 WITHDRAWN.\nSID DEP-03 IMSOM 1A RWY01 DATED 10 MAY 2007 WITHDRAWN.\nSID DEP-05 TETAN 1A RWY19 DATED 03 JAN 2019 WITHDRAWN.\nSID DEP-06 TETAN 1B RWY19 DATED 03 JAN 2019 WITHDRAWN.\nSID DEP-08 IMSOM 1B RWY19 DATED 10 MAY 2007 WITHDRAWN.\nSID DEP-09 OKTED 1B RWY19 DATED 03 JAN 2019 WITHDRAWN.\nSID DEP-10 OKTED 1C RWY19 DATED 03 JAN 2019 WITHDRAWN.\nA2891/26", "centre_lat": -33.96666666666667, "centre_lon": 18.6, "radius_nm": 5}, "geometry": {"type": "Point", "coordinates": [18.6, -33.96666666666667]}}, {"type": "Feature", "properties": {"index": 45, "id": "A2891/26", "location": "FAOR", "valid_from": "2607281218", "valid_to": "PERM", "height_ft": null, "is_low": false, "text": "IAC VOR-02 VOR Y RWY 21R DATED 10 JAN 2013 WITHDRAWN.\nIAC ILS-02 ILS Y RWY 03L DATED 18 AUG 2016 WITHDRAWN.\nIAC ILS-05 ILS X RWY 03R DATED 21 AUG 2014 WITHDRAWN.\nIAC ILS-06 ILS W RWY 03R DATED 21 AUG 2014 WITHDRAWN.\nA2890/26", "centre_lat": -26.133333333333333, "centre_lon": 28.25, "radius_nm": 5}, "geometry": {"type": "Point", "coordinates": [28.25, -26.133333333333333]}}, {"type": "Feature", "properties": {"index": 46, "id": "A2890/26", "location": "FAOR", "valid_from": "2607281216", "valid_to": "PERM", "height_ft": null, "is_low": false, "text": "SID DEP-01 RWY 03L EGMEN 2 A DATED 10 JAN 2013 WITHDRAWN.\nSID DEP-02 RWY 03L APDAK 3 A DATED 18 AUG 2016 WITHDRAWN.\nSID DEP-04 RWY 03L/R RAGUL 3A DATED 18 AUG 2016 WITHDRAWN.\nSID DEP-06 RWY 03L/R NESAN 1 A DATED 10 JAN 2013 WITHDRAWN.\nSID DEP-07 RWY 03L/R GRASMERE 5 B DATED 21 AUG 2014 WITHDRAWN.\nSID DEP-08 RWY 03L/R EXOBI 1A DATED 10 JAN 2013 WITHDRAWN.\nSID DEP-16 RWY 21L/R OVALA 1 B DATED 21 AUG 2014 WITHDRAWN.\nA2889/26", "centre_lat": -26.133333333333333, "centre_lon": 28.25, "radius_nm": 5}, "geometry": {"type": "Point", "coordinates": [28.25, -26.133333333333333]}}, {"type": "Feature", "properties": {"index": 47, "id": "A2889/26", "location": "FAOR", "valid_from": "2607281215", "valid_to": "PERM", "height_ft": null, "is_low": false, "text": "STAR ARR-07 RWY 03R AVILO 1A DATED 31 DEC 2020 WITHDRAWN.\nSTAR ARR-12 RWY 03R RNAV (GNSS) AVILO 1B DATED 31 DEC 2020 WITHDRAWN.\nAERONAUTICAL DATA TABULATION ARR-12A RNAV (GNSS) RWY 03R AVILO 1B\nDATED 10 JAN 2013 WITHDRAWN.\nA2888/26", "centre_lat": -26.133333333333333, "centre_lon": 28.25, "radius_nm": 5}, "geometry": {"type": "Point", "coordinates": [28.25, -26.133333333333333]}}, {"type": "Feature", "properties": {"index": 48, "id": "A2888/26", "location": "FAOR", "valid_from": "2607281211", "valid_to": "2610021000", "height_ft": null, "is_low": false, "text": "IAC ILS-01 ILS Z RWY 03L DATED 10 JAN 2013 SUSPENDED.\nIAC VOR-01 VOR Z RWY 21R DATED 04 APR 2013 SUSPENDED.\nIAC RNAV-01 RNAV (GNSS) RWY 03R DATED 31 DEC 2020 SUSPENDED.\nAERONAUTICAL DATA TABULATION RNAV-01A RNAV (GNSS) RWY 03R DATED 09\nJAN 2014 SUSPENDED.\nIAC RNAV-02 RNAV (GNSS) RWY 21L DATED 31 DEC 2020 SUSPENDED.\nAERONAUTICAL DATA TABULATION RNAV-02A RNAV (GNSS) RWY 21L DATED 01\nMAY 2014 SUSPENDED.\nA2887/26", "centre_lat": -26.133333333333333, "centre_lon": 28.25, "radius_nm": 5}, "geometry": {"type": "Point", "coordinates": [28.25, -26.133333333333333]}}, {"type": "Feature", "properties": {"index": 49, "id": "A2887/26", "location": "FAOR", "valid_from": "2607281208", "valid_to": "2610021000", "height_ft": null, "is_low": false, "text": "SID DEP-10 RNAV (GNSS) RWY 03L EGMEN 1 C DATED 10 JAN 2013 SUSPENDED.\nAERONAUTICAL DATA TABULATION DEP-10A RNAV (GNSS) RWY 03L EGMEN 1 C\nW5-HC4XRP-CT - 24AUG26 0600 ATNS 8/111\nDATED 10 JAN 2013 SUSPENDED.\nSID DEP-21 RNAV (GNSS) RWY 21R EGMEN 1 D DATED 10 JAN 2013 SUSPENDED.\nAERONAUTICAL DATA TABULATION DEP-21A RNAV (GNSS) RWY 21R EGMEN 1 D\nDATED 10 JAN 2013 SUSPENDED.\nSID DEP-22 RNAV (GNSS) RWY 21R APDAK 1 D DATED 21 AUG 2014 SUSPENDED.\nAERONAUTICAL DATA TABULATION DEP-22A RNAV (GNSS) RWY 21R APDAK 1 D\nDATED 10 JAN 2013  SUSPENDED.\nSID DEP-23 RNAV (GNSS) RWY 21R GEROX 1C DATED 21 AUG 2014 SUSPENDED.\nAERONAUTICAL DATA TABULATION DEP-23A RNAV (GNSS) RWY 21R GEROX 1C\nDATED 10 JAN 2013 SUSPENDED.\nA2886/26", "centre_lat": -26.133333333333333, "centre_lon": 28.25, "radius_nm": 5}, "geometry": {"type": "Point", "coordinates": [28.25, -26.133333333333333]}}, {"type": "Feature", "properties": {"index": 50, "id": "A2886/26", "location": "FALE", "valid_from": "2607281206", "valid_to": "2610021000", "height_ft": null, "is_low": false, "text": "IAC VOR-01 VOR Z RWY 06 DATED 05 JAN 2017 SUSPENDED.\nIAC VOR-02 VOR Z RWY 24 DATED 05 JAN 2017 SUSPENDED.\nIAC RNAV-01 RNAV (GNSS) RWY 06 DATED 17 AUG 2017 SUSPENDED.\nAERONAUTICAL DATA TABULATION RNAV-01A RNAV (GNSS) RWY 06 DATED 18\nNOV 2010 SUSPENDED.\nIAC RNAV-02 RNAV (GNSS) RWY 24 DATED 17 AUG 2017 SUSPENDED.\nAERONAUTICAL DATA TABULATION RNAV-02A RNAV (GNSS) RWY 24 DATED 18\nNOV 2010 SUSPENDED.\nA2885/26", "centre_lat": -29.616666666666667, "centre_lon": 31.116666666666667, "radius_nm": 5}, "geometry": {"type": "Point", "coordinates": [31.116666666666667, -29.616666666666667]}}, {"type": "Feature", "properties": {"index": 51, "id": "A2885/26", "location": "FALE", "valid_from": "2607281142", "valid_to": "PERM", "height_ft": null, "is_low": false, "text": "IAC ILS-01 ILS Z RWY 06 CAT II DATED 08 DEC 2016 WITHDRAWN.\nIAC ILS-03 ILS Z RWY 24 CAT II DATED 08 DEC 2016 WITHDRAWN.\nA2871/26", "centre_lat": -29.616666666666667, "centre_lon": 31.116666666666667, "radius_nm": 5}, "geometry": {"type": "Point", "coordinates": [31.116666666666667, -29.616666666666667]}}, {"type": "Feature", "properties": {"index": 52, "id": "A2871/26", "location": "FABL", "valid_from": "2607271030", "valid_to": "2610231200", "height_ft": null, "is_low": false, "text": "STOP BAR LGT AT TWY B AND TWY C NORTH U/S.\nA2870/26", "centre_lat": -29.1, "centre_lon": 26.3, "radius_nm": 5}, "geometry": {"type": "Point", "coordinates": [26.3, -29.1]}}, {"type": "Feature", "properties": {"index": 53, "id": "A2870/26", "location": "FABL", "valid_from": "2607271030", "valid_to": "2608272000", "height_ft": null, "is_low": false, "text": "TWY A2 CLSD.\nA2869/26", "centre_lat": -29.1, "centre_lon": 26.3, "radius_nm": 5}, "geometry": {"type": "Point", "coordinates": [26.3, -29.1]}}, {"type": "Feature", "properties": {"index": 54, "id": "A2869/26", "location": "FAOR", "valid_from": "2607280400", "valid_to": "2608281800", "height_ft": 5430, "is_low": false, "text": "EASTGATE SHOPPING CENTRE (261043S 0280652E, 261038S 0280705E, 261051S\n0280709E, 261055S 0280650E): REMOTELY PILOTED AIRCRAFT SYSTEMS (RPAS)\nOPS (100FT AGL) TAKING PLACE BEYOND VISUAL LINE OF SIGHT (BVLOS).\nFUA REF: MM 24/07-5.", "centre_lat": -26.179652777777783, "centre_lon": 28.116388888888892, "radius_nm": null}, "geometry": {"type": "Polygon", "coordinates": [[[28.114444444444445, -26.178611111111113], [28.118055555555557, -26.177222222222223], [28.11916666666667, -26.180833333333336], [28.11388888888889, -26.181944444444447], [28.114444444444445, -26.178611111111113]]]}}, {"type": "Feature", "properties": {"index": 55, "id": "A2868/26", "location": "FABL", "valid_from": "2607270940", "valid_to": "2610240930", "height_ft": null, "is_low": false, "text": "ATC TRG TAKING PLACE ON APP 124.3 MHZ.\nA2867/26", "centre_lat": -29.1, "centre_lon": 26.3, "radius_nm": 5}, "geometry": {"type": "Point", "coordinates": [26.3, -29.1]}}, {"type": "Feature", "properties": {"index": 56, "id": "A2867/26", "location": "FAPP", "valid_from": "2607270859", "valid_to": "2610250800", "height_ft": null, "is_low": false, "text": "NEW PERM TEL NR 011 928 6492. OLD NR 0152880343 WITHDRAWN.\nA2817/26", "centre_lat": -23.85, "centre_lon": 29.45, "radius_nm": 5}, "geometry": {"type": "Point", "coordinates": [29.45, -23.85]}}, {"type": "Feature", "properties": {"index": 57, "id": "A2817/26", "location": "FAOR", "valid_from": "2607230750", "valid_to": "2610201000", "height_ft": null, "is_low": false, "text": "SUBJECT TO ATC CLR, ACFT INBD TO FAOR TO BE F240 OR BELOW AT: AVAGO,\nIBGUB, NIBEX, OKPIT, UNPOM, WIV. ACFT NOT ROUTING VIA THE ABOVE\nPOINTS TO BE F240 OR BELOW AT 50DME JSV.\nA2815/26", "centre_lat": -26.133333333333333, "centre_lon": 28.25, "radius_nm": 50}, "geometry": {"type": "Point", "coordinates": [28.25, -26.133333333333333]}}, {"type": "Feature", "properties": {"index": 58, "id": "A2815/26", "location": "FAOR", "valid_from": "2607221737", "valid_to": "2610021000", "height_ft": null, "is_low": false, "text": "CHARTED STARS RWY 03 AND RWY 21:\nCOMPLY WITH ATC LVL INSTRUCTION AND NOT WITH CHARTED LVL RESTRICTION\nINBD ACFT ON STAR MUST MNTN CLR FL AND TO REQ DESCENT FM ATC.\nA2814/26", "centre_lat": -26.133333333333333, "centre_lon": 28.25, "radius_nm": 5}, "geometry": {"type": "Point", "coordinates": [28.25, -26.133333333333333]}}, {"type": "Feature", "properties": {"index": 59, "id": "A2814/26", "location": "FAJA", "valid_from": "2607221611", "valid_to": "2610160600", "height_ft": null, "is_low": false, "text": "PHALABORWA VHF RELAY STN 134.4 MHZ AND 126.7 MHZ U/S.\nA2803/26", "centre_lat": -23.933333333333334, "centre_lon": 31.15, "radius_nm": 100}, "geometry": {"type": "Point", "coordinates": [31.15, -23.933333333333334]}}, {"type": "Feature", "properties": {"index": 60, "id": "A2803/26", "location": "FALE", "valid_from": "2608040500", "valid_to": "2611011700", "height_ft": 665, "is_low": true, "text": "FLANDERS QUARRY, KWAZULU-NATAL (293708S 0310402E, 293715S 0310415E,\n293732S 0310350E, 293732S 0310343E): UAS OPS (400FT AGL) TAKING\nPLACE. FUA REF: MM21071.", "centre_lat": -29.622708333333335, "centre_lon": 31.065972222222225, "radius_nm": null}, "geometry": {"type": "Polygon", "coordinates": [[[31.06722222222222, -29.61888888888889], [31.070833333333333, -29.620833333333334], [31.06388888888889, -29.625555555555557], [31.061944444444446, -29.625555555555557], [31.06722222222222, -29.61888888888889]]]}}, {"type": "Feature", "properties": {"index": 61, "id": "A2801/26", "location": "FABL", "valid_from": "2607211312", "valid_to": "2610180800", "height_ft": null, "is_low": false, "text": "ATC TRG TAKING PLACE ON TWR 120.8 MHZ.\nA2788/26", "centre_lat": -29.1, "centre_lon": 26.3, "radius_nm": 5}, "geometry": {"type": "Point", "coordinates": [26.3, -29.1]}}, {"type": "Feature", "properties": {"index": 62, "id": "A2788/26", "location": "FAPP", "valid_from": "2607200000", "valid_to": "2610172359", "height_ft": 5036, "is_low": false, "text": "AREA BOUNDED BY (240007S 0292443E, 240023S 0292633E, 240114S\n0292626E, 240058S 0292435E): UAS OPS (400FT AGL) TAKING PLACE. FUA\nREF: AV 15/07-3.", "centre_lat": -24.01125, "centre_lon": 29.426180555555554, "radius_nm": null}, "geometry": {"type": "Polygon", "coordinates": [[[29.411944444444444, -24.001944444444444], [29.4425, -24.00638888888889], [29.440555555555555, -24.020555555555553], [29.40972222222222, -24.016111111111112], [29.411944444444444, -24.001944444444444]]]}}, {"type": "Feature", "properties": {"index": 63, "id": "A2785/26", "location": "FAKN", "valid_from": "2607181505", "valid_to": "2610151700", "height_ft": null, "is_low": false, "text": "ATC TRAINING ON APP 119.2 MHZ TAKING PLACE.\nA2784/26", "centre_lat": -25.383333333333333, "centre_lon": 31.1, "radius_nm": 5}, "geometry": {"type": "Point", "coordinates": [31.1, -25.383333333333333]}}, {"type": "Feature", "properties": {"index": 64, "id": "A2784/26", "location": "FAKN", "valid_from": "2607181505", "valid_to": "2610151700", "height_ft": null, "is_low": false, "text": "ATC TRAINING ON TWR 119.2 MHZ TAKING PLACE.\nA2781/26", "centre_lat": -25.383333333333333, "centre_lon": 31.1, "radius_nm": 5}, "geometry": {"type": "Point", "coordinates": [31.1, -25.383333333333333]}}, {"type": "Feature", "properties": {"index": 65, "id": "A2781/26", "location": "FACT", "valid_from": "2607171700", "valid_to": "2610142200", "height_ft": null, "is_low": false, "text": "15X OUTERMOST PALS CAT III ON RWY 01 U/S. REMAINDER PALS AVBL, ILS\nCAT IIIB OPS UNAFFECTED.\nA2780/26", "centre_lat": -33.96666666666667, "centre_lon": 18.6, "radius_nm": 5}, "geometry": {"type": "Point", "coordinates": [18.6, -33.96666666666667]}}, {"type": "Feature", "properties": {"index": 66, "id": "A2780/26", "location": "FAJA", "valid_from": "2610170300", "valid_to": "2610171500", "height_ft": 99999, "is_low": false, "text": "SECUNDA MODEL AIRFIELD TO ERMELO: AREA BOUNDED BY (261211S 0290654E,\nW5-HC4XRP-CT - 24AUG26 0600 ATNS 10/111\n260333S 0302301E, 264111S 0302748E, 264411S 0290826E): WX BALLOON\nRELEASE WITH PAYLOAD TAKING PLACE.", "centre_lat": -26.42125, "centre_lon": 29.775624999999998, "radius_nm": null}, "geometry": {"type": "Polygon", "coordinates": [[[29.115000000000002, -26.203055555555554], [30.38361111111111, -26.059166666666666], [30.46333333333333, -26.68638888888889], [29.140555555555554, -26.73638888888889], [29.115000000000002, -26.203055555555554]]]}}, {"type": "Feature", "properties": {"index": 67, "id": "A2769/26", "location": "FALA", "valid_from": "2607160722", "valid_to": "2610111000", "height_ft": null, "is_low": false, "text": "IAC VOR-01 VOR Z RWY 07 DATED 26 MAY 2016 SUSPENDED.\nIAC VOR-02 VOR Y RWY 07 DATED 26 MAY 2016 SUSPENDED\nIAC RNAV-02 RNAV (RNP) RWY 25 DATED 24 MAY 2018 SUSPENDED.\nAERONAUTICAL DATA TABULATION RNAV-02A RNAV (RNP) RWY 25 DATED 24 MAY\n2018 SUSPENDED.\nA2752/26", "centre_lat": -25.933333333333334, "centre_lon": 27.933333333333334, "radius_nm": 5}, "geometry": {"type": "Point", "coordinates": [27.933333333333334, -25.933333333333334]}}, {"type": "Feature", "properties": {"index": 68, "id": "A2752/26", "location": "FACT", "valid_from": "2607180500", "valid_to": "2609171700", "height_ft": 670, "is_low": true, "text": "AFRISAM PENINSULA PMA, WESTERN CAPE (334753S 0183329E, 334744S\n0183418E, 334832S 0183449E, 334846S 0183348E): UAS OPS (400FT AGL)\nTAKING PLACE BEYOND VISUAL LINE OF SIGHT (BVLOS). FUA REF DF\n06/07-14.", "centre_lat": -33.80381944444444, "centre_lon": 18.56833333333333, "radius_nm": null}, "geometry": {"type": "Polygon", "coordinates": [[[18.558055555555555, -33.79805555555556], [18.571666666666665, -33.79555555555555], [18.580277777777777, -33.80888888888889], [18.563333333333333, -33.812777777777775], [18.558055555555555, -33.79805555555556]]]}}, {"type": "Feature", "properties": {"index": 69, "id": "A2744/26", "location": "FAKN", "valid_from": "2607140724", "valid_to": "2610110724", "height_ft": null, "is_low": false, "text": "IAC ILS-02 ILS Y RWY 05 DATED 23 APR 2020 SUSPENDED.\nIAC RNAV-01 RNAV (GNSS) RWY 05 DATED 08 OCT 2020 SUSPENDED.\nAERONAUTICAL DATA TABULATION RNAV-01A RNAV (GNSS) RWY 05 DATED 08\nOCT 2020 SUSPENDED.\nA2721/26", "centre_lat": -25.383333333333333, "centre_lon": 31.1, "radius_nm": 5}, "geometry": {"type": "Point", "coordinates": [31.1, -25.383333333333333]}}, {"type": "Feature", "properties": {"index": 70, "id": "A2721/26", "location": "FAPP", "valid_from": "2607120716", "valid_to": "2610090700", "height_ft": null, "is_low": false, "text": "PAPI LGT RWY 23 U/S.\nA2711/26", "centre_lat": -23.85, "centre_lon": 29.45, "radius_nm": 5}, "geometry": {"type": "Point", "coordinates": [29.45, -23.85]}}, {"type": "Feature", "properties": {"index": 71, "id": "A2711/26", "location": "FAOR", "valid_from": "2607161000", "valid_to": "2610131300", "height_ft": 4999, "is_low": false, "text": "AREA BOUNDED BY (255402S 0280651E, 255351S 0280727E, 255422S\n0280740E, 255434S 0280703E): UAS OPS (300FT AGL) TAKING PLACE. FUA\nREF: GN 09073.", "centre_lat": -25.903402777777774, "centre_lon": 28.12090277777778, "radius_nm": null}, "geometry": {"type": "Polygon", "coordinates": [[[28.11416666666667, -25.900555555555552], [28.124166666666667, -25.8975], [28.12777777777778, -25.90611111111111], [28.1175, -25.909444444444443], [28.11416666666667, -25.900555555555552]]]}}, {"type": "Feature", "properties": {"index": 72, "id": "A2699/26", "location": "FAOR", "valid_from": "2607130400", "valid_to": "2610102200", "height_ft": 6062, "is_low": false, "text": "ALRODE, JOHANNESBURG (261714S 0280608E, 261743S 0281027E, 261950S\n0281045E, 262016S 0280626E): UAS OPS (1000FT AGL) TAKING PLACE BEYOND\nVISUAL LINE OF SIGHT (BVLOS).", "centre_lat": -26.312708333333333, "centre_lon": 28.140694444444442, "radius_nm": null}, "geometry": {"type": "Polygon", "coordinates": [[[28.102222222222224, -26.287222222222223], [28.174166666666668, -26.29527777777778], [28.179166666666667, -26.330555555555556], [28.107222222222223, -26.337777777777777], [28.102222222222224, -26.287222222222223]]]}}, {"type": "Feature", "properties": {"index": 73, "id": "A2692/26", "location": "FACT", "valid_from": "2607100000", "valid_to": "2610072359", "height_ft": 481, "is_low": true, "text": "AREA BOUNDED BY (340015S 0184336E, 340011S 0184346E, 340016S\n0184349E, 340020S 0184340E): UNMANNED AERIAL VEHICLE (UAV) OPS (400FT\nAGL) TAKING PLACE BEYOND VISUAL LINE OF SIGHT (BVLOS). FUA REF: DN\nW5-HC4XRP-CT - 24AUG26 0600 ATNS 11/111\n03/07-2.", "centre_lat": -34.004305555555554, "centre_lon": 18.728541666666665, "radius_nm": null}, "geometry": {"type": "Polygon", "coordinates": [[[18.726666666666667, -34.00416666666667], [18.729444444444443, -34.003055555555555], [18.730277777777776, -34.004444444444445], [18.727777777777778, -34.00555555555555], [18.726666666666667, -34.00416666666667]]]}}, {"type": "Feature", "properties": {"index": 74, "id": "A2677/26", "location": "FACT", "valid_from": "2607080751", "valid_to": "2610051000", "height_ft": 2800, "is_low": false, "text": "KITE ACT (300FT AGL)  TAKING PLACE ON SHORT FINAL APCH RWY 19.", "centre_lat": -33.96666666666667, "centre_lon": 18.6, "radius_nm": 1}, "geometry": {"type": "Point", "coordinates": [18.6, -33.96666666666667]}}, {"type": "Feature", "properties": {"index": 75, "id": "A2667/26", "location": "FAOR", "valid_from": "2607071448", "valid_to": "2609041600", "height_ft": null, "is_low": false, "text": "1NM NORTH EAST OF RWY 21R THR (260550.258S 0281509.2154E): 1 CRANE\n(38.8M AGL) ERECTED.\nA2659/26", "centre_lat": -26.1, "centre_lon": 28.25, "radius_nm": 1}, "geometry": {"type": "Point", "coordinates": [28.25, -26.1]}}, {"type": "Feature", "properties": {"index": 76, "id": "A2659/26", "location": "FAOR", "valid_from": "2607070750", "valid_to": "2610031000", "height_ft": null, "is_low": false, "text": "TFC ON FAOR ARR-19 TO EXPECT HDG 034 AFTER UVLOG FOR RADAR VECTORS\nRWY21L.\nREF NOTAM A2623/26, TEMPORARY SUSPENSION OF COMMUNICATION FAILURE\nPROCEDURE.\nA2657/26", "centre_lat": -26.133333333333333, "centre_lon": 28.25, "radius_nm": 5}, "geometry": {"type": "Point", "coordinates": [28.25, -26.133333333333333]}}, {"type": "Feature", "properties": {"index": 77, "id": "A2657/26", "location": "FABL", "valid_from": "2607070730", "valid_to": "2610021000", "height_ft": null, "is_low": false, "text": "IAC VOR-01 VOR RWY 02 DATED 11 DEC 2014 SUSPENDED.\nIAC VOR-02 VOR RWY 20 DATED 11 DEC 2014 SUSPENDED.\nIAC RNAV-02 RNAV (GNSS) RWY 20 DATED 30 MAR 2017 SUSPENDED.\nAERONAUTICAL DATA TABULATION RNAV-02A RNAV (GNSS) RWY 20 DATED 30\nMAR 2017 SUSPENDED.\nA2656/26", "centre_lat": -29.1, "centre_lon": 26.3, "radius_nm": 5}, "geometry": {"type": "Point", "coordinates": [26.3, -29.1]}}, {"type": "Feature", "properties": {"index": 78, "id": "A2656/26", "location": "FAPP", "valid_from": "2607070729", "valid_to": "2610021000", "height_ft": null, "is_low": false, "text": "IAC VOR-01 VOR RWY 05 DATED 15 SEP 2016 SUSPENDED.\nA2655/26", "centre_lat": -23.85, "centre_lon": 29.45, "radius_nm": 5}, "geometry": {"type": "Point", "coordinates": [29.45, -23.85]}}, {"type": "Feature", "properties": {"index": 79, "id": "A2655/26", "location": "FALE", "valid_from": "2607070729", "valid_to": "2610021000", "height_ft": null, "is_low": false, "text": "STAR ARR-01 RNAV (GNSS) RWY 06 APMAT 1A DATED 11 DEC 2014 SUSPENDED.\nAERONAUTICAL DATA TABULATION STAR ARR-01A RNAV (GNSS) RWY 06 APMAT\n1A DATED 06 MAY 2010 SUSPENDED.\nSTAR ARR-02 RNAV (GNSS) RWY 06 DUNSA 1A DATED 11 DEC 2014 SUSPENDED.\nAERONAUTICAL DATA TABULATION STAR ARR-02A RNAV (GNSS) RWY 06 DUNSA\n1A DATED 02 MAY 2013 SUSPENDED.\nSTAR ARR-03 RNAV (GNSS) RWY 06 GETOK 1C DATED 30 APR 2015 SUSPENDED.\nAERONAUTICAL DATA TABULATION STAR ARR-03A RNAV (GNSS) RWY 06 GETOK\n1C DATED 17 AUG 2017 SUSPENDED.\nSTAR ARR-04 RNAV (GNSS) RWY 06 ITMIL 1A DATED 20 AUG 2015 SUSPENDED.\nAERONAUTICAL DATA TABULATION STAR ARR-04A RNAV (GNSS) RWY 06 ITMIL\n1A DATED 06 MAY 2010 SUSPENDED.\nSTAR ARR-05 RNAV (GNSS) RWY 24 APMAT 1B DATED 20 AUG 2015 SUSPENDED.\nAERONAUTICAL DATA TABULATION STAR ARR-05A RNAV (GNSS) RWY 2...", "centre_lat": -29.616666666666667, "centre_lon": 31.116666666666667, "radius_nm": 5}, "geometry": {"type": "Point", "coordinates": [31.116666666666667, -29.616666666666667]}}, {"type": "Feature", "properties": {"index": 80, "id": "A2654/26", "location": "FACT", "valid_from": "2607070726", "valid_to": "2610021000", "height_ft": null, "is_low": false, "text": "IAC VOR-01 VOR Z RWY 01 DATED 03 JAN 2019 SUSPENDED.\nIAC RNAV-05 RNAV (GNSS) RWY 01 DATED 23 MAY 2019 SUSPENDED.\nAERONAUTICAL DATA TABULATION RNAV-05A RNAV (GNSS) RWY 01 DATED 26\nMAR 2020 SUSPENDED.\nIAC RNAV-06 RNAV (GNSS) RWY 19 DATED 24 MAY 2018 SUSPENDED.\nAERONAUTICAL DATA TABULATION RNAV-06A RNAV (GNSS) RWY 19 DATED 01\nFEB 2018 SUSPENDED.\nA2653/26", "centre_lat": -33.96666666666667, "centre_lon": 18.6, "radius_nm": 5}, "geometry": {"type": "Point", "coordinates": [18.6, -33.96666666666667]}}, {"type": "Feature", "properties": {"index": 81, "id": "A2653/26", "location": "FALE", "valid_from": "2607070721", "valid_to": "2610021000", "height_ft": null, "is_low": false, "text": "SID DEP-01 RNAV (GNSS) RWY 06 ITMIL 1C DATED 11 DEC 2014 SUSPENDED.\nAERONAUTICAL DATA TABULATION DEP-01A RNAV (GNSS) RWY 06 ITMIL 1C\nDATED 06 MAY 2010 SUSPENDED.\nSID DEP-02 RNAV (GNSS) RWY 24 OKTAN 1A DATED 11 DEC 2014 SUSPENDED.\nAERONAUTICAL DATA TABULATION DEP-02A RNAV (GNSS) RWY 24 OKTAN 1A\nDATED 07 APR 2011 SUSPENDED.\nSID DEP-03 RNAV (GNSS) RWY 06 TUBIN 1A DATED 11 DEC 2014 SUSPENDED.\nAERONAUTICAL DATA TABULATION DEP-03A RNAV (GNSS) RWY 06 TUBIN 1A\nDATED 07 APR 2011 SUSPENDED.\nSID DEP-04 RNAV (GNSS) RWY 24 TUBIN 1B DATED 11 DEC 2014 SUSPENDED.\nAERONAUTICAL DATA TABULATION DEP-04A RNAV (GNSS) RWY 24 TUBIN 1B\nDATED 07 APR 2011 SUSPENDED.\nSID DEP-05 RNAV (GNSS) RWY 06 GREYTOWN 1A DATED 11 DEC 2014\nSUSPENDED.\nAERONAUTICAL DATA TABULATION DEP-05A RNAV (GNSS) RWY 06 GREYTOWN 1A\nDATED 07 APR ...", "centre_lat": -29.616666666666667, "centre_lon": 31.116666666666667, "radius_nm": 5}, "geometry": {"type": "Point", "coordinates": [31.116666666666667, -29.616666666666667]}}, {"type": "Feature", "properties": {"index": 82, "id": "A2652/26", "location": "FABL", "valid_from": "2607070720", "valid_to": "2610021000", "height_ft": null, "is_low": false, "text": "SID DEP-01 RNAV (GNSS) RWY 02 OKTIG 1B DATED 30 MAR 2017 SUSPENDED.\nAERONAUTICAL DATA TABULATION DEP-01A RNAV (GNSS) RWY 02 OKTIG 1B\nDATED 30 MAR 2017 SUSPENDED.\nA2651/26", "centre_lat": -29.1, "centre_lon": 26.3, "radius_nm": 5}, "geometry": {"type": "Point", "coordinates": [26.3, -29.1]}}, {"type": "Feature", "properties": {"index": 83, "id": "A2651/26", "location": "FABL", "valid_from": "2607070720", "valid_to": "2610021000", "height_ft": null, "is_low": false, "text": "STAR ARR-01 RNAV (GNSS) RWY 02 UTONU 1A DATED 30 MAR 2017 SUSPENDED.\nAERONAUTICAL DATA TABULATION ARR-01A RNAV (GNSS) RWY 02 UTONU 1A\nDATED 30 MAR 2017 SUSPENDED.\nA2650/26", "centre_lat": -29.1, "centre_lon": 26.3, "radius_nm": 5}, "geometry": {"type": "Point", "coordinates": [26.3, -29.1]}}, {"type": "Feature", "properties": {"index": 84, "id": "A2650/26", "location": "FAUP", "valid_from": "2607070719", "valid_to": "2610021000", "height_ft": null, "is_low": false, "text": "IAC VOR-01 VOR RWY 35 DATED 06 MAR 2014 SUSPENDED.\nA2647/26", "centre_lat": -28.4, "centre_lon": 21.266666666666666, "radius_nm": 5}, "geometry": {"type": "Point", "coordinates": [21.266666666666666, -28.4]}}, {"type": "Feature", "properties": {"index": 85, "id": "A2647/26", "location": "FAOR", "valid_from": "2607070449", "valid_to": "2610071000", "height_ft": null, "is_low": false, "text": "TFC ON FAOR ARR-09 TO EXPECT RADAR VECTORS RWY 03R AFTER VEKOP.\nREF NOTAM A2623/26, TEMPORARY SUSPENSION OF COMMUNICATION FAILURE\nPROCEDURE.\nA2646/26", "centre_lat": -26.133333333333333, "centre_lon": 28.25, "radius_nm": 5}, "geometry": {"type": "Point", "coordinates": [28.25, -26.133333333333333]}}, {"type": "Feature", "properties": {"index": 86, "id": "A2646/26", "location": "FAOR", "valid_from": "2607070448", "valid_to": "2610031000", "height_ft": null, "is_low": false, "text": "TFC ON FAOR ARR-23 TO EXPECT HDG 214 AFTER ETLIG FOR RADAR VECTORS\nRWY 03R REF NOTAM A2623/26, TEMPORARY SUSPENSION OF COMMUNICATION\nFAILURE PROCEDURE.\nA2645/26", "centre_lat": -26.133333333333333, "centre_lon": 28.25, "radius_nm": 5}, "geometry": {"type": "Point", "coordinates": [28.25, -26.133333333333333]}}, {"type": "Feature", "properties": {"index": 87, "id": "A2645/26", "location": "FAOR", "valid_from": "2607070447", "valid_to": "2610031000", "height_ft": null, "is_low": false, "text": "TFC ON FAOR ARR-22 TO EXPECT HDG 027 AFTER ETGAV FOR RADAR VECTORS\nRWY21L.\nREF NOTAM A2623/26, TEMPORARY SUSPENSION OF COMMUNICATION FAILURE\nPROCEDURE.\nA2642/26", "centre_lat": -26.133333333333333, "centre_lon": 28.25, "radius_nm": 5}, "geometry": {"type": "Point", "coordinates": [28.25, -26.133333333333333]}}, {"type": "Feature", "properties": {"index": 88, "id": "A2642/26", "location": "FALE", "valid_from": "2607080000", "valid_to": "2610052359", "height_ft": 430, "is_low": true, "text": "LAOI FARM, BALITO, KWAZULU-NATA (292634S 0311414E, 292629S 0311520E,\n292735S 0311515E, 292735S 0311428E): UNMANNED AERIAL VEHICLE (UAV)\nOPS (400FT AGL) TAKING PLACE BEYOND VISUAL LINE OF SIGHT (BVLOS).\nFUA REF: MM 02/07-6", "centre_lat": -29.450902777777777, "centre_lon": 31.247013888888887, "radius_nm": null}, "geometry": {"type": "Polygon", "coordinates": [[[31.237222222222222, -29.442777777777778], [31.255555555555556, -29.441388888888888], [31.254166666666666, -29.459722222222222], [31.241111111111113, -29.459722222222222], [31.237222222222222, -29.442777777777778]]]}}, {"type": "Feature", "properties": {"index": 89, "id": "A2631/26", "location": "FAJA FACA FAJO", "valid_from": "2607060918", "valid_to": "2610031000", "height_ft": null, "is_low": false, "text": "THE FOLLOWING ATS (CONVENTIONAL) AIR ROUTES AS PUBLISHED IN THE AIP\nENR 3.1 LOWER ATS ROUTES, ENR 3.2 UPPER ATS ROUTES PORTIONS WITHIN\nSOUTH AFRICAN AIRSPACE ARE SUSPENDED AS FOLLOWS:\nA402\nUA402\nA405\nUA405\nG465\nUG465.\nA2629/26", "centre_lat": -51.86666666666667, "centre_lon": 16.85, "radius_nm": 999}, "geometry": {"type": "Point", "coordinates": [16.85, -51.86666666666667]}}, {"type": "Feature", "properties": {"index": 90, "id": "A2629/26", "location": "FAKN", "valid_from": "2607070500", "valid_to": "2609171700", "height_ft": 2247, "is_low": false, "text": "NA NELSPRUIT PMA, MPUMALANGA (252902S 0310502E, 252852S 0310513E,\n252901S 0310524E, 252911S 0310512E): UNMANNED AIRCRAFT SYSTEM (UAS)\nOPS (400FT AGL) TAKING PLACE BEYOND VISUAL LINE OF SIGHT (BVLOS).\nFUA REF: AV 01/07-3.", "centre_lat": -25.48375, "centre_lon": 31.086875, "radius_nm": null}, "geometry": {"type": "Polygon", "coordinates": [[[31.083888888888886, -25.483888888888888], [31.086944444444445, -25.481111111111108], [31.09, -25.483611111111113], [31.086666666666666, -25.48638888888889], [31.083888888888886, -25.483888888888888]]]}}, {"type": "Feature", "properties": {"index": 91, "id": "A2623/26", "location": "FAOR", "valid_from": "2607060857", "valid_to": "2610031000", "height_ft": null, "is_low": false, "text": "THE FLW FAOR ARR COMMUNICATION FAILURE PROCEDURES ARE TEMPORARILY\nSUSPENDED:\n1. ARR-08 AVAGO 1C RNAV (GNSS) RWY 03R DATED 15 MAY 2025\n2. ARR-09 NIBEX 1B RNAV (GNSS) RWY 03R DATED 15 MAY 2025\n3. ARR-18 AVAGO 1D RNAV (GNSS) RWY 21L DATED 17 APR 2025\n4. ARR-19 NIBEX 1D RNAV (GNSS) RWY 21L DATED 15 MAY 2025\n5. ARR-21 OKPIT 1C RNAV (GNSS) RWY 03R DATED 15 MAY 2025\n6. ARR-22 UNPOM 1B RNAV (GNSS) RWY 21L DATED 15 MAY 2025\n7. ARR-23 UNPOM 1A RNAV (GNSS) RWY 03R DATED 15 MAY 2025\n8. ARR-25 OKPIT 1D RNAV (GNSS) RWY 03R DATED 15 MAY 2025.\nA2590/26", "centre_lat": -26.133333333333333, "centre_lon": 28.25, "radius_nm": 5}, "geometry": {"type": "Point", "coordinates": [28.25, -26.133333333333333]}}, {"type": "Feature", "properties": {"index": 92, "id": "A2590/26", "location": "FALA", "valid_from": "2607011832", "valid_to": "2609282159", "height_ft": 5261, "is_low": false, "text": "FEATHERBROOKE, GAUTENG (260343S 0275040E, 260448S 0275111E, 260510S\n0275008E, 260356S 0274931E): UAS OPS (400FT AGL) TAKING PLACE BEYOND\nVISUAL LINE OF SIGHT (BVLOS). FUA REF: AV 30/06-3.", "centre_lat": -26.07340277777778, "centre_lon": 27.839583333333337, "radius_nm": null}, "geometry": {"type": "Polygon", "coordinates": [[[27.844444444444445, -26.061944444444446], [27.853055555555557, -26.08], [27.835555555555555, -26.08611111111111], [27.825277777777778, -26.065555555555555], [27.844444444444445, -26.061944444444446]]]}}, {"type": "Feature", "properties": {"index": 93, "id": "A2567/26", "location": "FAKN", "valid_from": "2606301600", "valid_to": "2609271700", "height_ft": null, "is_low": false, "text": "ACFT PARKED ALONG TWY A, PILOTS TO EXER CTN WHEN ENTERING PRKG.\nA2559/26", "centre_lat": -25.383333333333333, "centre_lon": 31.1, "radius_nm": 5}, "geometry": {"type": "Point", "coordinates": [31.1, -25.383333333333333]}}, {"type": "Feature", "properties": {"index": 94, "id": "A2559/26", "location": "FATP", "valid_from": "2607010500", "valid_to": "2609281800", "height_ft": 16500, "is_low": false, "text": "PJE TAKING PLACE.", "centre_lat": -29.033333333333335, "centre_lon": 26.15, "radius_nm": 5}, "geometry": {"type": "Point", "coordinates": [26.15, -29.033333333333335]}}, {"type": "Feature", "properties": {"index": 95, "id": "A2546/26", "location": "FAOR", "valid_from": "2606300800", "valid_to": "2609261100", "height_ft": 5491, "is_low": false, "text": "CHALMAR BEEF, BAPSFONTEIN, GAUTENG (260032S 0282214E, 260032S\n0282219E, 260035S 0282219E, 260035S 0282214E): UAS OPS (170FT AGL)\nTAKING PLACE. FUA REF: AVJ 230609.", "centre_lat": -26.009305555555557, "centre_lon": 28.37125, "radius_nm": null}, "geometry": {"type": "Polygon", "coordinates": [[[28.370555555555555, -26.00888888888889], [28.371944444444445, -26.00888888888889], [28.371944444444445, -26.009722222222223], [28.370555555555555, -26.009722222222223], [28.370555555555555, -26.00888888888889]]]}}, {"type": "Feature", "properties": {"index": 96, "id": "A2527/26", "location": "FACT", "valid_from": "2606261357", "valid_to": "2609232359", "height_ft": 504, "is_low": true, "text": "WINDERMERE, WESTERN CAPE (335513S 0182722E, 335312S 0183139E, 335418S\n0183147E, 335543S 0182737E): UAS OPS (400FT AGL) TAKING PLACE BEYOND\nVISUAL LINE OF SIGHT (BVLOS).", "centre_lat": -33.91013888888889, "centre_lon": 18.493402777777778, "radius_nm": null}, "geometry": {"type": "Polygon", "coordinates": [[[18.45611111111111, -33.92027777777778], [18.5275, -33.88666666666666], [18.529722222222222, -33.905], [18.460277777777776, -33.92861111111111], [18.45611111111111, -33.92027777777778]]]}}, {"type": "Feature", "properties": {"index": 97, "id": "A2506/26", "location": "FAOR", "valid_from": "2606251100", "valid_to": "2609221500", "height_ft": 5353, "is_low": false, "text": "AREA BOUNDED BY (261844S 0280736E, 261854S 0280746E, 261850S\n0280727E, 261901S 0280738E): UAS OPS (200FT AGL) TAKING PLACE.\nCAMU REF: AVJ 190615.", "centre_lat": -26.31451388888889, "centre_lon": 28.126875, "radius_nm": null}, "geometry": {"type": "Polygon", "coordinates": [[[28.12666666666667, -26.31222222222222], [28.129444444444445, -26.315], [28.124166666666667, -26.31388888888889], [28.127222222222223, -26.316944444444445], [28.12666666666667, -26.31222222222222]]]}}, {"type": "Feature", "properties": {"index": 98, "id": "A2502/26", "location": "FAOR", "valid_from": "2606250000", "valid_to": "2609242359", "height_ft": 5722, "is_low": false, "text": "KHABOKEDI WELTEVREDEN LANDFILL, GAUTENG (261201S 0282113E,261151S\n0282104E,261300S 0282108E,261257S 0282111E): UNMANNED AERIAL VEHICLE\n(UAV) OPS (400FT AGL) TAKING PLACE BEYOND VISUAL LINE OF SIGHT\n(BVLOS). FUA REF DN 17/06-3.", "centre_lat": -26.207569444444445, "centre_lon": 28.352500000000003, "radius_nm": null}, "geometry": {"type": "Polygon", "coordinates": [[[28.353611111111114, -26.200277777777778], [28.351111111111113, -26.1975], [28.352222222222224, -26.216666666666665], [28.353055555555557, -26.215833333333332], [28.353611111111114, -26.200277777777778]]]}}, {"type": "Feature", "properties": {"index": 99, "id": "A2469/26", "location": "FAPP", "valid_from": "2606201435", "valid_to": "2609171630", "height_ft": null, "is_low": false, "text": "ATC TRG TAKING PLACE ON APP 119.75 MHZ.\nA2468/26", "centre_lat": -23.85, "centre_lon": 29.45, "radius_nm": 5}, "geometry": {"type": "Point", "coordinates": [29.45, -23.85]}}, {"type": "Feature", "properties": {"index": 100, "id": "A2468/26", "location": "FAPP", "valid_from": "2606201434", "valid_to": "2609171434", "height_ft": null, "is_low": false, "text": "ATC TRG TAKING PLACE ON TWR 119.75 MHZ.\nA2460/26", "centre_lat": -23.85, "centre_lon": 29.45, "radius_nm": 5}, "geometry": {"type": "Point", "coordinates": [29.45, -23.85]}}, {"type": "Feature", "properties": {"index": 101, "id": "A2460/26", "location": "FACT", "valid_from": "2610210800", "valid_to": "2610221600", "height_ft": 737, "is_low": true, "text": "HEIDEVELD SPORTS FIELD, WESTERN CAPE (335754S 0183302E): KITE FLY\nOPS (670FT AGL) TAKING PLACE. APRX 300 KITES.", "centre_lat": -33.965, "centre_lon": 18.550555555555555, "radius_nm": 1}, "geometry": {"type": "Point", "coordinates": [18.550555555555555, -33.965]}}, {"type": "Feature", "properties": {"index": 102, "id": "A2445/26", "location": "FACT", "valid_from": "2610200800", "valid_to": "2610201300", "height_ft": 689, "is_low": true, "text": "DOLPHIN BEACH, CAPE TOWN (334944S 0182851E): KITE FLYING OPS (670FT\nAGL) TAKING PLACE (APRX 100 KITES).", "centre_lat": -33.82888888888889, "centre_lon": 18.480833333333333, "radius_nm": 1}, "geometry": {"type": "Point", "coordinates": [18.480833333333333, -33.82888888888889]}}, {"type": "Feature", "properties": {"index": 103, "id": "A2443/26", "location": "FAKN", "valid_from": "2606290500", "valid_to": "2609261700", "height_ft": 2100, "is_low": false, "text": "LAFARGE NELSPRUIT QUARRY (252838S 0310510E, 252836S 0310528E, 252905S\n0310524E, 252907S 0310504E): UAS OPS (300FT AGL) TAKING PLACE. FUA\nREF: DF 22/08/4.", "centre_lat": -25.48097222222222, "centre_lon": 31.087916666666665, "radius_nm": null}, "geometry": {"type": "Polygon", "coordinates": [[[31.08611111111111, -25.47722222222222], [31.09111111111111, -25.476666666666667], [31.09, -25.484722222222224], [31.084444444444443, -25.485277777777778], [31.08611111111111, -25.47722222222222]]]}}, {"type": "Feature", "properties": {"index": 104, "id": "A2411/26", "location": "FACT", "valid_from": "2606172200", "valid_to": "2608300300", "height_ft": null, "is_low": false, "text": "WIP ON RWY 01/19. 15MIN PN TO VACATE.\nA2381/26", "centre_lat": -33.96666666666667, "centre_lon": 18.6, "radius_nm": 5}, "geometry": {"type": "Point", "coordinates": [18.6, -33.96666666666667]}}, {"type": "Feature", "properties": {"index": 105, "id": "A2381/26", "location": "FAPP", "valid_from": "2610011000", "valid_to": "2612282200", "height_ft": 99999, "is_low": false, "text": "WX BALLOON RELEASE TAKING PLACE.", "centre_lat": -23.85, "centre_lon": 29.45, "radius_nm": 5}, "geometry": {"type": "Point", "coordinates": [29.45, -23.85]}}, {"type": "Feature", "properties": {"index": 106, "id": "A2377/26", "location": "FALA", "valid_from": "2606121001", "valid_to": "2609082359", "height_ft": null, "is_low": false, "text": "ATC TRG ON SMC 121.65 MHZ TAKING PLACE.\nA2376/26", "centre_lat": -25.933333333333334, "centre_lon": 27.933333333333334, "radius_nm": 5}, "geometry": {"type": "Point", "coordinates": [27.933333333333334, -25.933333333333334]}}, {"type": "Feature", "properties": {"index": 107, "id": "A2376/26", "location": "FALA", "valid_from": "2606121000", "valid_to": "2609082359", "height_ft": null, "is_low": false, "text": "ATC TRG ON TWR 124.0 MHZ TAKING PLACE.\nA2365/26", "centre_lat": -25.933333333333334, "centre_lon": 27.933333333333334, "radius_nm": 5}, "geometry": {"type": "Point", "coordinates": [27.933333333333334, -25.933333333333334]}}, {"type": "Feature", "properties": {"index": 108, "id": "A2365/26", "location": "FAPM", "valid_from": "2606111557", "valid_to": "2609081400", "height_ft": null, "is_low": false, "text": "VOR/DME PMV 117.90 MHZ/CH 126X U/S.\nA2361/26", "centre_lat": -29.65, "centre_lon": 30.4, "radius_nm": 25}, "geometry": {"type": "Point", "coordinates": [30.4, -29.65]}}, {"type": "Feature", "properties": {"index": 109, "id": "A2361/26", "location": "FACT", "valid_from": "2606120600", "valid_to": "2609021500", "height_ft": 187, "is_low": true, "text": "PINEWOOD, WESTERN CAPE (335603S 0183030E, 335604S 0183033E, 335607S\n0183031E, 335605S 0183028E): UAS OPS (150FT AGL) TAKING PLACE. FUA\nREF: TJ 03067.", "centre_lat": -33.93465277777777, "centre_lon": 18.50847222222222, "radius_nm": null}, "geometry": {"type": "Polygon", "coordinates": [[[18.508333333333333, -33.93416666666666], [18.509166666666665, -33.93444444444444], [18.50861111111111, -33.93527777777778], [18.50777777777778, -33.93472222222222], [18.508333333333333, -33.93416666666666]]]}}, {"type": "Feature", "properties": {"index": 110, "id": "A2342/26", "location": "FACT", "valid_from": "2606102200", "valid_to": "2609072200", "height_ft": null, "is_low": false, "text": "AIRFIELD DIRECTIONAL SIGNAGE:\nB3,L,E,B3-01, APN A AND APN B ARE PARTIALLY SVCBL.\nA2336/26", "centre_lat": -33.96666666666667, "centre_lon": 18.6, "radius_nm": 5}, "geometry": {"type": "Point", "coordinates": [18.6, -33.96666666666667]}}, {"type": "Feature", "properties": {"index": 111, "id": "A2336/26", "location": "FAOR", "valid_from": "2606100625", "valid_to": "2609070655", "height_ft": null, "is_low": false, "text": "SWEEPING OPS ON TXL I AND L. 5MIN PN TO VACATE.\nA2333/26", "centre_lat": -26.133333333333333, "centre_lon": 28.25, "radius_nm": 5}, "geometry": {"type": "Point", "coordinates": [28.25, -26.133333333333333]}}, {"type": "Feature", "properties": {"index": 112, "id": "A2333/26", "location": "FAOR", "valid_from": "2606092030", "valid_to": "2609010300", "height_ft": 5481, "is_low": false, "text": "DSV, GAUTENG (260326S 0281629E, 260314S 0281704E, 260345S 0281718E,\n260356S 0281644E): UAS OPS (200FT AGL) TAKING PLACE BEYOND VISUAL\nLINE OF SIGHT (BVLOS). FUA REF: DN 06/06-2.", "centre_lat": -26.05979166666667, "centre_lon": 28.28159722222222, "radius_nm": null}, "geometry": {"type": "Polygon", "coordinates": [[[28.27472222222222, -26.057222222222222], [28.284444444444446, -26.05388888888889], [28.288333333333334, -26.0625], [28.278888888888886, -26.065555555555555], [28.27472222222222, -26.057222222222222]]]}}, {"type": "Feature", "properties": {"index": 113, "id": "A2309/26", "location": "FALE", "valid_from": "2607010600", "valid_to": "2608301800", "height_ft": null, "is_low": false, "text": "1 CRANE (293600.4S 0310645.0E) ERECTED (197FT AGL).\nA2307/26", "centre_lat": -29.6, "centre_lon": 31.116666666666667, "radius_nm": 1}, "geometry": {"type": "Point", "coordinates": [31.116666666666667, -29.6]}}, {"type": "Feature", "properties": {"index": 114, "id": "A2307/26", "location": "FAJA", "valid_from": "2606081600", "valid_to": "2609052200", "height_ft": 99999, "is_low": false, "text": "MELROSE ARCH, JOHANNESBURG (260749S 0280411E): SEARCH LGT DISPLAY\nTAKING PLACE.", "centre_lat": -26.130277777777778, "centre_lon": 28.06972222222222, "radius_nm": 5}, "geometry": {"type": "Point", "coordinates": [28.06972222222222, -26.130277777777778]}}, {"type": "Feature", "properties": {"index": 115, "id": "A2271/26", "location": "FAUP", "valid_from": "2606040845", "valid_to": "2609011300", "height_ft": null, "is_low": false, "text": "ATC TRG ON TWR 121.3 MHZ.\nA2249/26", "centre_lat": -28.4, "centre_lon": 21.266666666666666, "radius_nm": 5}, "geometry": {"type": "Point", "coordinates": [21.266666666666666, -28.4]}}, {"type": "Feature", "properties": {"index": 116, "id": "A2249/26", "location": "FAKN", "valid_from": "2606010140", "valid_to": "2608292359", "height_ft": 2614, "is_low": false, "text": "EMGWENYA TO KOMATIPOORT AREA BOUNDED BY (252154S 0315835E, 253404S\n0320053E, 254629S 0302244E, 252619S 0302015E): UAS OPS (800FT AGL)\nW5-HC4XRP-CT - 24AUG26 0600 ATNS 17/111\nTAKING PLACE BEYOND VISUAL LINE OF SIGHT (BVLOS).", "centre_lat": -25.536527777777778, "centre_lon": 31.176875000000003, "radius_nm": null}, "geometry": {"type": "Polygon", "coordinates": [[[31.976388888888888, -25.365000000000002], [32.014722222222225, -25.567777777777778], [30.378888888888888, -25.77472222222222], [30.3375, -25.43861111111111], [31.976388888888888, -25.365000000000002]]]}}, {"type": "Feature", "properties": {"index": 117, "id": "A2223/26", "location": "FAXX", "valid_from": "2606010500", "valid_to": "2608311600", "height_ft": 12000, "is_low": false, "text": "GROUTVILLE AIRFIELD (292428.00S 0311651.00E): GROUTVILLE, KWAZULU\nNATAL (292430S 0311649E): PJE TAKING PLACE.", "centre_lat": -29.40833333333333, "centre_lon": 31.280277777777776, "radius_nm": 5}, "geometry": {"type": "Point", "coordinates": [31.280277777777776, -29.40833333333333]}}, {"type": "Feature", "properties": {"index": 118, "id": "A2212/26", "location": "FACT", "valid_from": "2605280645", "valid_to": "2608281000", "height_ft": null, "is_low": false, "text": "SOME STOP BAR LGT (BTN TWY A2, TWY L, TWY H, TWY M, TWY G2, TWY D4\nAND RWY 16) U/S.\nA2204/26", "centre_lat": -33.96666666666667, "centre_lon": 18.6, "radius_nm": 5}, "geometry": {"type": "Point", "coordinates": [18.6, -33.96666666666667]}}, {"type": "Feature", "properties": {"index": 119, "id": "A2204/26", "location": "FALE", "valid_from": "2606040600", "valid_to": "2608301800", "height_ft": 227, "is_low": true, "text": "1 CRANE (293600.4S 0310645.0E) ERECTED (197FT AGL).", "centre_lat": -29.6, "centre_lon": 31.116666666666667, "radius_nm": 1}, "geometry": {"type": "Point", "coordinates": [31.116666666666667, -29.6]}}, {"type": "Feature", "properties": {"index": 120, "id": "A2198/26", "location": "FACA", "valid_from": "2606010530", "valid_to": "2608312200", "height_ft": 99999, "is_low": false, "text": "ST AUGUSTINE'S CRICKET CLUB, WESTERN CAPE (340249S 0182840E):\nUNMANNED WX BALLOON OPS TAKING PLACE.", "centre_lat": -34.04694444444444, "centre_lon": 18.477777777777778, "radius_nm": 5}, "geometry": {"type": "Point", "coordinates": [18.477777777777778, -34.04694444444444]}}, {"type": "Feature", "properties": {"index": 121, "id": "A2195/26", "location": "FACT", "valid_from": "2606010300", "valid_to": "2608292300", "height_ft": 325, "is_low": true, "text": "PHILLIPI, CAPE TOWN , WESTERN CAPE (340052S 0183558E 340047S 0183725E\n340141S 0183641E 340133S 0183737E): INCREASED SECURITY CLUSTER UAS\nOPS (200FT AGL).", "centre_lat": -34.02034722222222, "centre_lon": 18.615347222222223, "radius_nm": null}, "geometry": {"type": "Polygon", "coordinates": [[[18.599444444444444, -34.01444444444444], [18.62361111111111, -34.01305555555555], [18.61138888888889, -34.028055555555554], [18.626944444444444, -34.02583333333333], [18.599444444444444, -34.01444444444444]]]}}, {"type": "Feature", "properties": {"index": 122, "id": "B1063/26", "location": "FAPN", "valid_from": "2609010420", "valid_to": "2609071600", "height_ft": 4170, "is_low": false, "text": "SUN CITY, NORTH WEST (252040S 0270443E, 251929S 0270515E, 252025S\n0270715E, 252147S 0270625E): UAS OPS (400FT AGL) TAKING PLACE. FUA\nREF: AV20083.", "centre_lat": -25.343125, "centre_lon": 27.09847222222222, "radius_nm": null}, "geometry": {"type": "Polygon", "coordinates": [[[27.078611111111112, -25.344444444444445], [27.0875, -25.32472222222222], [27.120833333333334, -25.340277777777775], [27.106944444444444, -25.363055555555558], [27.078611111111112, -25.344444444444445]]]}}, {"type": "Feature", "properties": {"index": 123, "id": "B1061/26", "location": "FAPE", "valid_from": "2608201144", "valid_to": "2611201500", "height_ft": null, "is_low": false, "text": "ATC TRG TAKING PLACE ON APP 120.4 MHZ.\nB1060/26", "centre_lat": -33.983333333333334, "centre_lon": 25.616666666666667, "radius_nm": 5}, "geometry": {"type": "Point", "coordinates": [25.616666666666667, -33.983333333333334]}}, {"type": "Feature", "properties": {"index": 124, "id": "B1060/26", "location": "FAPE", "valid_from": "2608201143", "valid_to": "2611201500", "height_ft": null, "is_low": false, "text": "ATC TRG TAKING PLACE ON CLR DELIVERY 122.10 MHZ.\nB1059/26", "centre_lat": -33.983333333333334, "centre_lon": 25.616666666666667, "radius_nm": 5}, "geometry": {"type": "Point", "coordinates": [25.616666666666667, -33.983333333333334]}}, {"type": "Feature", "properties": {"index": 125, "id": "B1059/26", "location": "FAPE", "valid_from": "2608201138", "valid_to": "2611201130", "height_ft": null, "is_low": false, "text": "ATC TRG TAKING PLACE ON TWR 118.1 MHZ.\nB1057/26", "centre_lat": -33.983333333333334, "centre_lon": 25.616666666666667, "radius_nm": 5}, "geometry": {"type": "Point", "coordinates": [25.616666666666667, -33.983333333333334]}}, {"type": "Feature", "properties": {"index": 126, "id": "B1057/26", "location": "FAPN", "valid_from": "2608190900", "valid_to": "2611162359", "height_ft": 5286, "is_low": false, "text": "BOSHOEK, NORTH WEST (252835S 0270130E, 252605S 0270654E, 253047S\n0270954E, 253322S 0270434E): UNMANNED AERIAL VEHICLE (UAV) OPS\n(1500FT AGL) TAKING PLACE BEYOND VISUAL LINE OF SIGHT (BVLOS). FUA\nREF: AV 17/08-6.", "centre_lat": -25.495069444444443, "centre_lon": 27.09527777777778, "radius_nm": null}, "geometry": {"type": "Polygon", "coordinates": [[[27.025, -25.476388888888888], [27.115000000000002, -25.434722222222224], [27.165, -25.513055555555557], [27.07611111111111, -25.55611111111111], [27.025, -25.476388888888888]]]}}, {"type": "Feature", "properties": {"index": 127, "id": "B1055/26", "location": "FAGG", "valid_from": "2608181306", "valid_to": "2610181415", "height_ft": null, "is_low": false, "text": "TWIN ENGINE AND SINGLE ENGINE ACFT BASED IN GA AREA TO USE\nDECOMMISSIONED RWY TO DO ENGINE RUNS. THIS AREA WILL BE CALLED ENGINE\nRUN-UP BAY.\nIT SHALL NOT BE USED DURING LOW VIS COND, NGT TIMES, AND BY ACFT WITH\nA WINGSPAN THAT IS MORE THAN 14M.\nB1054/26", "centre_lat": -34.0, "centre_lon": 22.366666666666667, "radius_nm": 5}, "geometry": {"type": "Point", "coordinates": [22.366666666666667, -34.0]}}, {"type": "Feature", "properties": {"index": 128, "id": "B1054/26", "location": "FABS", "valid_from": "2609010400", "valid_to": "2611291700", "height_ft": 16000, "is_low": false, "text": "PJE TAKING PLACE.", "centre_lat": -25.533333333333335, "centre_lon": 27.783333333333335, "radius_nm": 5}, "geometry": {"type": "Point", "coordinates": [27.783333333333335, -25.533333333333335]}}, {"type": "Feature", "properties": {"index": 129, "id": "B1053/26", "location": "FAPE", "valid_from": "2608200000", "valid_to": "2611172359", "height_ft": 642, "is_low": true, "text": "AFRIMAT MOREGROVE QUARRY (335542S 0253218E, 335602S 0253249E, 335634S\n0253224E, 335627S 0253203E): UNMANNED AERIAL VEHICLE (UAV) OPS (400FT\nAGL) TAKING PLACE BEYOND VISUAL LINE OF SIGHT (BVLOS). FUA REF:\nAV120820.", "centre_lat": -33.936458333333334, "centre_lon": 25.53986111111111, "radius_nm": null}, "geometry": {"type": "Polygon", "coordinates": [[[25.538333333333334, -33.92833333333333], [25.546944444444446, -33.93388888888889], [25.540000000000003, -33.94277777777778], [25.534166666666668, -33.94083333333333], [25.538333333333334, -33.92833333333333]]]}}, {"type": "Feature", "properties": {"index": 130, "id": "B1051/26", "location": "FAPN", "valid_from": "2608182200", "valid_to": "2611152159", "height_ft": 4133, "is_low": false, "text": "AREA BOUNDED BY (243459S 0273401E, 253219S 0271733E, 253023S\n0265809E, 243139S 0271210E): UAS OPS (800FT AGL) TAKING PLACE BEYOND\nVISUAL LINE OF SIGHT (BVLOS).", "centre_lat": -25.03888888888889, "centre_lon": 27.257847222222225, "radius_nm": null}, "geometry": {"type": "Polygon", "coordinates": [[[27.566944444444445, -24.583055555555557], [27.2925, -25.538611111111113], [26.969166666666666, -25.50638888888889], [27.202777777777776, -24.5275], [27.566944444444445, -24.583055555555557]]]}}, {"type": "Feature", "properties": {"index": 131, "id": "B1049/26", "location": "FAPN", "valid_from": "2608180000", "valid_to": "2610022359", "height_ft": 4432, "is_low": false, "text": "SUN CITY GOLF COURSE, MOGWASE, NORTH WEST PROVINCE (251921S 0270551E,\n252010S 0270714E, 252111S 0270613E, 252013S 0270439E): UNMANNED\nAERIAL VEHICLE (UAV) OPS (400FT AGL) TAKING PLACE BEYOND VISUAL LINE\nOF SIGHT (BVLOS).\nCENTRAL AIRSPACE MANAGEMENT UNIT (CAMU) REF: AV 15/08-4.", "centre_lat": -25.337152777777774, "centre_lon": 27.099791666666665, "radius_nm": null}, "geometry": {"type": "Polygon", "coordinates": [[[27.0975, -25.322499999999998], [27.120555555555555, -25.33611111111111], [27.103611111111114, -25.353055555555557], [27.0775, -25.336944444444445], [27.0975, -25.322499999999998]]]}}, {"type": "Feature", "properties": {"index": 132, "id": "B1035/26", "location": "FASD", "valid_from": "2608170926", "valid_to": "2608301600", "height_ft": 12000, "is_low": false, "text": "MIL PJE TAKING PLACE.\nW5-HC4XRP-CT - 24AUG26 0600 ATNS 19/111", "centre_lat": -32.96666666666667, "centre_lon": 17.966666666666665, "radius_nm": 5}, "geometry": {"type": "Point", "coordinates": [17.966666666666665, -32.96666666666667]}}, {"type": "Feature", "properties": {"index": 133, "id": "B1034/26", "location": "FACA", "valid_from": "2608170859", "valid_to": "2608301415", "height_ft": 19500, "is_low": false, "text": "FAR45A: INCREASED MIL FLY ACT. FREQ 122.5 MHZ.", "centre_lat": -32.96666666666667, "centre_lon": 18.166666666666668, "radius_nm": 60}, "geometry": {"type": "Point", "coordinates": [18.166666666666668, -32.96666666666667]}}, {"type": "Feature", "properties": {"index": 134, "id": "B1023/26", "location": "FAGA", "valid_from": "2609240400", "valid_to": "2609271600", "height_ft": 14000, "is_low": false, "text": "TEMPO DROP ZONE ESTABLISHED.", "centre_lat": -30.566666666666666, "centre_lon": 25.533333333333335, "radius_nm": 5}, "geometry": {"type": "Point", "coordinates": [25.533333333333335, -30.566666666666666]}}, {"type": "Feature", "properties": {"index": 135, "id": "B1022/26", "location": "FAXX", "valid_from": "2611240400", "valid_to": "2611301600", "height_ft": 15500, "is_low": false, "text": "ORANIA AIRSTRIP (294858S 0242341E): TEMPO DROP ZONE ESTABLISHED.", "centre_lat": -29.816111111111113, "centre_lon": 24.39472222222222, "radius_nm": 5}, "geometry": {"type": "Point", "coordinates": [24.39472222222222, -29.816111111111113]}}, {"type": "Feature", "properties": {"index": 136, "id": "B1021/26", "location": "FAXX", "valid_from": "2609010400", "valid_to": "2611231600", "height_ft": 15500, "is_low": false, "text": "ORANIA AIRSTRIP (294858S 0242341E): TEMPO DROP ZONE ESTABLISHED.", "centre_lat": -29.816111111111113, "centre_lon": 24.39472222222222, "radius_nm": 5}, "geometry": {"type": "Point", "coordinates": [24.39472222222222, -29.816111111111113]}}, {"type": "Feature", "properties": {"index": 137, "id": "B1020/26", "location": "FAPE", "valid_from": "2610241500", "valid_to": "2610241900", "height_ft": 1000, "is_low": false, "text": "EASTERN CAPE, GQEBERHA, NOORDHOEK SKI BOAT CLUB SLIPWAY (340224S\n0253818E, 340324S 0253818E, 340624S 0253818E) : PYROTECHNICS (1000FT\nAMSL) TRG EXER TAKING PLACE.", "centre_lat": -34.06777777777778, "centre_lon": 25.638333333333332, "radius_nm": null}, "geometry": {"type": "Polygon", "coordinates": [[[25.638333333333332, -34.04], [25.638333333333332, -34.056666666666665], [25.638333333333332, -34.10666666666667], [25.638333333333332, -34.04]]]}}, {"type": "Feature", "properties": {"index": 138, "id": "B1016/26", "location": "FAGG", "valid_from": "2608111333", "valid_to": "2611110800", "height_ft": null, "is_low": false, "text": "IAC VOR-01 VOR RWY 11 DATED 01 MAY 2014 SUSPENDED.\nIAC VOR-02 VOR RWY 29 DATED 01 MAY 2014 SUSPENDED.\nIAC RNAV-01 RNAV (GNSS) RWY 11 DATED 01 FEB 2018 SUSPENDED.\nAERONAUTICAL DATA TABULATON RNAV-01A RNAV (GNSS) RWY 11 DATED 29 MAR\n2018 SUSPENDED.\nIAC RNAV-02 RNAV (GNSS) RWY 29 DATED 29 MAR 2018 SUSPENDED.\nAERONAUTICAL DATA TABULATON RNAV-02A RNAV (GNSS) RWY 29 DATED 29 MAR\n2018 SUSPENDED.\nB0978/26", "centre_lat": -34.0, "centre_lon": 22.366666666666667, "radius_nm": 5}, "geometry": {"type": "Point", "coordinates": [22.366666666666667, -34.0]}}, {"type": "Feature", "properties": {"index": 139, "id": "B0978/26", "location": "FAPE", "valid_from": "2608021912", "valid_to": "2608310600", "height_ft": null, "is_low": false, "text": "RIGHT-HAND SIDE PAPI RWY 08 U/S.\nB0975/26", "centre_lat": -33.983333333333334, "centre_lon": 25.616666666666667, "radius_nm": 5}, "geometry": {"type": "Point", "coordinates": [25.616666666666667, -33.983333333333334]}}, {"type": "Feature", "properties": {"index": 140, "id": "B0975/26", "location": "FACA FAJA FAJO", "valid_from": "2608010001", "valid_to": "2609010001", "height_ft": null, "is_low": false, "text": "CHECKLIST\nYEAR=2026 0361 0441 0639 0643 0679 0697 0750 0751 0753 0754\n0757 0779 0795 0843 0882 0883 0884 0903 0904 0906\n0907 0908 0913 0965 0966 0972 0974\nW5-HC4XRP-CT - 24AUG26 0600 ATNS 20/111\nLATEST PUBLICATIONS\nAIP SUPPLEMENT.....057 9 JUL 26\nAIP AMENDMENT......003 15 JUL 26\nCHECKLIST OF AIP SUP AND AIC\nAIP SUP: 041/2021 042/2021 063/2022 064/2022 098/2024 019/2025\n041/2025\n091/2025 110/2025 111/2025 120/2025 004/2026 021/2026 022/2026\n038/2026 042/2026 047/2026 051/2026 054/2026 056/2026 057/2026\nAIP SUP: 008/2026 009/2026 010/2026 011/2026 012/2026 016/2026\n017/2026\n018/2026 024/2026 025/2026 026/2026 029/2026 030/2026 031/2026\n032/2026 033/2026 039/2026 040/2026 041/2026 044/2026 045/2026\n046/2026 049/2026\nAIC: A001/2014 B002/2014 D003/2014 F007/2014 C009/2014 A011/2014\nD012/2014\nA0...", "centre_lat": -51.86666666666667, "centre_lon": 16.85, "radius_nm": 999}, "geometry": {"type": "Point", "coordinates": [16.85, -51.86666666666667]}}, {"type": "Feature", "properties": {"index": 141, "id": "B0972/26", "location": "FAGG", "valid_from": "2608100645", "valid_to": "2610261015", "height_ft": null, "is_low": false, "text": "RWY 11/29 AND RWY STRIP AREA WIP. 5 MIN PN TO VACATE FOR SKED ACFT.\nNIL TRG FLT ALLOWED TO USE THE RWY.\nB0966/26", "centre_lat": -34.0, "centre_lon": 22.366666666666667, "radius_nm": 5}, "geometry": {"type": "Point", "coordinates": [22.366666666666667, -34.0]}}, {"type": "Feature", "properties": {"index": 142, "id": "B0966/26", "location": "FAKM", "valid_from": "2607271015", "valid_to": "2610011000", "height_ft": null, "is_low": false, "text": "ATC TRG TAKING PLACE ON APP 119.4 MHZ.\nB0965/26", "centre_lat": -28.8, "centre_lon": 24.766666666666666, "radius_nm": 5}, "geometry": {"type": "Point", "coordinates": [24.766666666666666, -28.8]}}, {"type": "Feature", "properties": {"index": 143, "id": "B0965/26", "location": "FAXX", "valid_from": "2610080400", "valid_to": "2610111600", "height_ft": 15000, "is_low": false, "text": "ZUIKERKOP LODGE  (290007S 0273531E): TEMPO DROP ZONE ESTABLISHED.", "centre_lat": -29.001944444444444, "centre_lon": 27.591944444444444, "radius_nm": 5}, "geometry": {"type": "Point", "coordinates": [27.591944444444444, -29.001944444444444]}}, {"type": "Feature", "properties": {"index": 144, "id": "B0913/26", "location": "FAPE", "valid_from": "2607100800", "valid_to": "2609070800", "height_ft": null, "is_low": false, "text": "AIR FORCE STN TWY GATE U/S. FIXED WING ACFT TO MAKE ALTERNATIVE\nARRANGEMENTS.\nB0908/26", "centre_lat": -33.983333333333334, "centre_lon": 25.616666666666667, "radius_nm": 5}, "geometry": {"type": "Point", "coordinates": [25.616666666666667, -33.983333333333334]}}, {"type": "Feature", "properties": {"index": 145, "id": "B0908/26", "location": "FAPE", "valid_from": "2607070731", "valid_to": "2610021000", "height_ft": null, "is_low": false, "text": "IAC VOR-01 VOR Z RWY 08 DATED 06 DEC 2018 SUSPENDED.\nIAC VOR-02 VOR Z RWY 26 DATED 07 JAN 2016 SUSPENDED.\nIAC RNAV-01 RNAV (GNSS) RWY 08 DATED 17 SEP 2015 SUSPENDED\nAERONAUTICAL DATA TABULATION RNAV-01A RNAV (GNSS) RWY 08 DATED 17\nSEP 2015 SUSPENDED\nIAC RNAV-02 RNAV (GNSS) RWY 26 DATED 17 SEP 2015 SUSPENDED\nAERONAUTICAL DATA TABULATION RNAV-02A RNAV (GNSS) RWY 26 DATED 17\nSEP 2015 SUSPENDED.\nB0907/26", "centre_lat": -33.983333333333334, "centre_lon": 25.616666666666667, "radius_nm": 5}, "geometry": {"type": "Point", "coordinates": [25.616666666666667, -33.983333333333334]}}, {"type": "Feature", "properties": {"index": 146, "id": "B0907/26", "location": "FAGG", "valid_from": "2607070726", "valid_to": "2610021000", "height_ft": null, "is_low": false, "text": "STAR ARR-02 RNAV (GNSS) RWY 11 XALIN 1B DATED 24 MAY 2018 SUSPENDED.\nAERONAUTICAL DATA TABULATON ARR-02A RNAV (GNSS) RWY 11 XALIN 1B DATED\n24 MAY 2018 SUSPENDED. STAR ARR-03 RNAV (GNSS) RWY 11 AXEMU 1A DATED\n24 MAY 2018 SUSPENDED. AERONAUTICAL DATA TABULATON ARR-03A RNAV\n(GNSS) RWY 11 AXEMU 1A DATED 24 MAY 2018 SUSPENDED. STAR ARR-04 RNAV\n(GNSS) RWY 11 GABGO 1A DATED 24 MAY 2018 SUSPENDED. AERONAUTICAL DATA\nTABULATON ARR-04A RNAV (GNSS) RWY 11 GABGO 1A DATED 24 MAY 2018\nSUSPENDED. STAR ARR-05 RNAV (GNSS) RWY 11 GABGO 1B DATED 24 MAY 2018\nSUSPENDED. AERONAUTICAL DATA TABULATON ARR-05A RNAV (GNSS) RWY 11\nGABGO 1B DATED 24 MAY 2018 SUSPENDED.\nB0906/26", "centre_lat": -34.0, "centre_lon": 22.366666666666667, "radius_nm": 5}, "geometry": {"type": "Point", "coordinates": [22.366666666666667, -34.0]}}, {"type": "Feature", "properties": {"index": 147, "id": "B0906/26", "location": "FAPN", "valid_from": "2607070719", "valid_to": "2610021000", "height_ft": null, "is_low": false, "text": "IAC VOR-01 BREAKCLOUD VOR/DME RWY 05 DATED 08 JUL 2004 SUSPENDED.\nB0904/26", "centre_lat": -25.333333333333332, "centre_lon": 27.166666666666668, "radius_nm": 5}, "geometry": {"type": "Point", "coordinates": [27.166666666666668, -25.333333333333332]}}, {"type": "Feature", "properties": {"index": 148, "id": "B0904/26", "location": "FAPE", "valid_from": "2607080001", "valid_to": "2610052359", "height_ft": 399, "is_low": true, "text": "NGQURA HARBOUR, GQEBERHA (335001S 0253650E, 334153S 0254833E, 334349S\n0255004E, 335132S 0253826E): UNMANNED AERIAL VEHICLE (UAV) OPS (400FT\nAGL) TAKING PLACE BEYOND VISUAL LINE OF SIGHT (BVLOS).\nFUA REF: GN 07/05-6.", "centre_lat": -33.780208333333334, "centre_lon": 25.724513888888886, "radius_nm": null}, "geometry": {"type": "Polygon", "coordinates": [[[25.61388888888889, -33.83361111111111], [25.809166666666666, -33.698055555555555], [25.834444444444443, -33.73027777777778], [25.640555555555554, -33.85888888888889], [25.61388888888889, -33.83361111111111]]]}}, {"type": "Feature", "properties": {"index": 149, "id": "B0903/26", "location": "FAGG", "valid_from": "2607080000", "valid_to": "2610052359", "height_ft": 900, "is_low": true, "text": "HANSMOESKRAAL BUFFER, WESTERN CAPE (340128S 0222657E, 340209S\n0222814E, 340323S 0222629E, 340311S 0222554E): UNMANNED AERIAL\nVEHICLE (UAV) OPS (400FT AGL) TAKING PLACE BEYOND VISUAL LINE OF\nSIGHT (BVLOS). FUA REF: NM 25/26-7.", "centre_lat": -34.04243055555555, "centre_lon": 22.448194444444447, "radius_nm": null}, "geometry": {"type": "Polygon", "coordinates": [[[22.449166666666667, -34.02444444444444], [22.470555555555553, -34.03583333333333], [22.441388888888888, -34.05638888888888], [22.43166666666667, -34.05305555555555], [22.449166666666667, -34.02444444444444]]]}}, {"type": "Feature", "properties": {"index": 150, "id": "B0884/26", "location": "FAGG", "valid_from": "2607020541", "valid_to": "2609291700", "height_ft": null, "is_low": false, "text": "ATC TRG TAKING PLACE ON APP 128.2 MHZ.\nB0883/26", "centre_lat": -34.0, "centre_lon": 22.366666666666667, "radius_nm": 5}, "geometry": {"type": "Point", "coordinates": [22.366666666666667, -34.0]}}, {"type": "Feature", "properties": {"index": 151, "id": "B0883/26", "location": "FAGG", "valid_from": "2607020540", "valid_to": "2609291700", "height_ft": null, "is_low": false, "text": "ATC TRG TAKING PLACE ON TWR 118.9 MHZ.\nB0882/26", "centre_lat": -34.0, "centre_lon": 22.366666666666667, "radius_nm": 5}, "geometry": {"type": "Point", "coordinates": [22.366666666666667, -34.0]}}, {"type": "Feature", "properties": {"index": 152, "id": "B0882/26", "location": "FAEL", "valid_from": "2607020439", "valid_to": "2609290600", "height_ft": null, "is_low": false, "text": "ATC TRG TAKING PLACE ON APP 120.1 MHZ\nB0843/26", "centre_lat": -33.03333333333333, "centre_lon": 27.816666666666666, "radius_nm": 5}, "geometry": {"type": "Point", "coordinates": [27.816666666666666, -33.03333333333333]}}, {"type": "Feature", "properties": {"index": 153, "id": "B0843/26", "location": "FAGG", "valid_from": "2606220000", "valid_to": "2609192359", "height_ft": 1043, "is_low": false, "text": "HOEKWIL WILDERNESS PIPELINE, WESTERN CAPE (335632S 0223415E, 335650S\n0223521E, 335930S 0223409E, 335934S 0223459E): UNMANNED AERIAL\nVEHICLE (UAV) OPS (400FT AGL) TAKING PLACE BEYOND VISUAL LINE OF\nSIGHT (BVLOS). FUA REF: AVJ 18/06-02.", "centre_lat": -33.96847222222222, "centre_lon": 22.578055555555554, "radius_nm": null}, "geometry": {"type": "Polygon", "coordinates": [[[22.570833333333333, -33.94222222222222], [22.589166666666664, -33.947222222222216], [22.569166666666668, -33.99166666666667], [22.583055555555557, -33.99277777777778], [22.570833333333333, -33.94222222222222]]]}}, {"type": "Feature", "properties": {"index": 154, "id": "B0795/26", "location": "FAJA", "valid_from": "2606050932", "valid_to": "2609021300", "height_ft": null, "is_low": false, "text": "LOWVELD MILITARY AIRSPACE SECTOR (LASS) 119.0 MHZ ATC TRG TAKING\nPLACE.\nB0779/26", "centre_lat": -23.85, "centre_lon": 30.516666666666666, "radius_nm": 110}, "geometry": {"type": "Point", "coordinates": [30.516666666666666, -23.85]}}, {"type": "Feature", "properties": {"index": 155, "id": "B0779/26", "location": "FAXX", "valid_from": "2606010400", "valid_to": "2608291600", "height_ft": 15500, "is_low": false, "text": "ORANIA AIRSTRIP (294858S 0242341E): TEMPO DROP ZONE ESTABLISHED.", "centre_lat": -29.816111111111113, "centre_lon": 24.39472222222222, "radius_nm": 5}, "geometry": {"type": "Point", "coordinates": [24.39472222222222, -29.816111111111113]}}, {"type": "Feature", "properties": {"index": 156, "id": "B0643/26", "location": "FAPN", "valid_from": "2604281910", "valid_to": "PERM", "height_ft": null, "is_low": false, "text": "AD NO LONGER LICENSED, AS IT DOES NOT COMPLY WITH CIVIL AVIATION\nREGULATIONS PART 139, SUBPART 2 WHICH ARE TRANSPOSED FM ICAO ANNEX\n14. NIL INTL OPS PERMITTED.\nB0441/26", "centre_lat": -25.333333333333332, "centre_lon": 27.166666666666668, "radius_nm": 5}, "geometry": {"type": "Point", "coordinates": [27.166666666666668, -25.333333333333332]}}, {"type": "Feature", "properties": {"index": 157, "id": "B0441/26", "location": "FAGG", "valid_from": "2605200645", "valid_to": "2609161015", "height_ft": null, "is_low": false, "text": "WIP ON TWY A,A1,A2,A3,B,C AND TXL.\nB0361/26", "centre_lat": -34.0, "centre_lon": 22.366666666666667, "radius_nm": 5}, "geometry": {"type": "Point", "coordinates": [22.366666666666667, -34.0]}}, {"type": "Feature", "properties": {"index": 158, "id": "B0361/26", "location": "FAGG", "valid_from": "2602271624", "valid_to": "PERM", "height_ft": null, "is_low": false, "text": "IMPLEMENTATION OF THE REPORTING OF PAVEMENT BEARING STRENGTH USING\nTHE ACR- PCR METHODOLOGY RWY 11/29 PCR 410/F/B/X/U DECOMMISSIONED\nRWY 02/20 PCR 410/F/B/X/U\nTWY A, A1, A2, B AND C PCR 410/F/B/X/U\nTWY A3, PCR 410/R/B/W/U\nAPN A PCR 410/R/B/W/U.\nSeries C\nC3558/18", "centre_lat": -34.0, "centre_lon": 22.366666666666667, "radius_nm": 5}, "geometry": {"type": "Point", "coordinates": [22.366666666666667, -34.0]}}, {"type": "Feature", "properties": {"index": 159, "id": "C3558/18", "location": "FAUH", "valid_from": "1810020653", "valid_to": "PERM", "height_ft": null, "is_low": false, "text": "RWY 16R/34L AND RWY 08L/26R CLSD.\nC1740/19", "centre_lat": -33.78333333333333, "centre_lon": 25.383333333333333, "radius_nm": 5}, "geometry": {"type": "Point", "coordinates": [25.383333333333333, -33.78333333333333]}}, {"type": "Feature", "properties": {"index": 160, "id": "C1740/19", "location": "FAJA", "valid_from": "1905200907", "valid_to": "PERM", "height_ft": 4233, "is_low": false, "text": "GAMSBERG MINE, AGGENEYS, NORTHERN CAPE, (291230.47S 0185735.94E,\n291411.13S 0185852.57E, 291613.40S 0185646.44E, 291442.12S\n0185337.63E): BLASTING (821FT AGL) TAKING PLACE.", "centre_lat": -29.233333333333334, "centre_lon": 18.933333333333334, "radius_nm": 3}, "geometry": {"type": "Point", "coordinates": [18.933333333333334, -29.233333333333334]}}, {"type": "Feature", "properties": {"index": 161, "id": "C3659/20", "location": "FANS", "valid_from": "2012101402", "valid_to": "PERM", "height_ft": null, "is_low": false, "text": "PILOTS ON SHORT FINAL APCH FOR RWY 22 TO EXER CTN AS THEY CAN\nENCOUNTER A SUDDEN SINK RATE/LOSS OF LIFT WHEN A WESTERLY OR\nNORTH-WESTERLY WIND PREVAILS. THE WIND CAN CAUSE A ROTOR EFFECT ONTO\nTHE PATH OF LANDING ACFT DUE TO THE HANGARS ERECTED ON THE WEST SIDE\nOF RWY 22.\nC0256/20", "centre_lat": -25.5, "centre_lon": 30.916666666666668, "radius_nm": 5}, "geometry": {"type": "Point", "coordinates": [30.916666666666668, -25.5]}}, {"type": "Feature", "properties": {"index": 162, "id": "C0256/20", "location": "FAJA", "valid_from": "2001171100", "valid_to": "PERM", "height_ft": 5575, "is_low": false, "text": "THARISA MINE, LAPOLOGANG, NORTH WEST PROVINCE (254358S 0273041E,\n254402S 0272803E, 254338S 0272746E): BLASTING (1640FT AGL) TAKING\nPLACE. 2NM RADIUS.", "centre_lat": -25.731296296296296, "centre_lon": 27.480555555555554, "radius_nm": null}, "geometry": {"type": "Polygon", "coordinates": [[[27.511388888888888, -25.732777777777777], [27.467499999999998, -25.733888888888888], [27.462777777777777, -25.72722222222222], [27.511388888888888, -25.732777777777777]]]}}, {"type": "Feature", "properties": {"index": 163, "id": "C0879/22", "location": "FASD", "valid_from": "2203221001", "valid_to": "PERM", "height_ft": null, "is_low": false, "text": "INCREASED BIRD ACT IN THE VCY OF AD.\nC0035/22", "centre_lat": -32.96666666666667, "centre_lon": 17.966666666666665, "radius_nm": 5}, "geometry": {"type": "Point", "coordinates": [17.966666666666665, -32.96666666666667]}}, {"type": "Feature", "properties": {"index": 164, "id": "C0035/22", "location": "FAKZ", "valid_from": "2201050941", "valid_to": "PERM", "height_ft": null, "is_low": false, "text": "PAPI RWY 20 UNREL.\nC0615/23", "centre_lat": -29.683333333333334, "centre_lon": 17.1, "radius_nm": 5}, "geometry": {"type": "Point", "coordinates": [17.1, -29.683333333333334]}}, {"type": "Feature", "properties": {"index": 165, "id": "C0615/23", "location": "FARG", "valid_from": "2302171137", "valid_to": "PERM", "height_ft": null, "is_low": false, "text": "INCREASED BIRD ACT IN THE AD VCY.\nC1632/24", "centre_lat": -25.65, "centre_lon": 27.266666666666666, "radius_nm": 5}, "geometry": {"type": "Point", "coordinates": [27.266666666666666, -25.65]}}, {"type": "Feature", "properties": {"index": 166, "id": "C1632/24", "location": "FAFB", "valid_from": "2404221055", "valid_to": "PERM", "height_ft": null, "is_low": false, "text": "PAPI RWY 26 U/S.\nC1631/24", "centre_lat": -28.816666666666666, "centre_lon": 27.9, "radius_nm": 5}, "geometry": {"type": "Point", "coordinates": [27.9, -28.816666666666666]}}, {"type": "Feature", "properties": {"index": 167, "id": "C1631/24", "location": "FAFB", "valid_from": "2404221054", "valid_to": "PERM", "height_ft": null, "is_low": false, "text": "NIL NGT OPS PERMITTED.\nC5181/25", "centre_lat": -28.816666666666666, "centre_lon": 27.9, "radius_nm": 5}, "geometry": {"type": "Point", "coordinates": [27.9, -28.816666666666666]}}, {"type": "Feature", "properties": {"index": 168, "id": "C5181/25", "location": "FAJA", "valid_from": "2511250900", "valid_to": "2611251500", "height_ft": 1052, "is_low": false, "text": "AREA BOUNDED BY (272345S 0320718E, 272249S 0321128E, 272624S\n0321043E, 272618S 0320727E):UAS OPS (800FT AGL) TAKING PLACE. FUA\nREF: GN 15/11/4.", "centre_lat": -27.41361111111111, "centre_lon": 32.153888888888886, "radius_nm": null}, "geometry": {"type": "Polygon", "coordinates": [[[32.12166666666667, -27.395833333333332], [32.191111111111105, -27.380277777777778], [32.17861111111111, -27.44], [32.12416666666667, -27.438333333333333], [32.12166666666667, -27.395833333333332]]]}}, {"type": "Feature", "properties": {"index": 169, "id": "C4643/25", "location": "FACA", "valid_from": "2510282200", "valid_to": "2610252159", "height_ft": 2301, "is_low": false, "text": "STUTT GROUP 1, FORT BEAUFORT, EASTERN CAPE (324753S 0263210E, 324753S\n0263230E, 324804S 0263226E, 324758S 0263208E): UNMANNED AERIAL\nVEHICLE (UAV) OPS (400FT AGL) TAKING PLACE BEYOND VISUAL LINE OF\nSIGHT (BVLOS).", "centre_lat": -32.799166666666665, "centre_lon": 26.538472222222225, "radius_nm": null}, "geometry": {"type": "Polygon", "coordinates": [[[26.53611111111111, -32.79805555555556], [26.541666666666668, -32.79805555555556], [26.540555555555557, -32.801111111111105], [26.535555555555558, -32.79944444444444], [26.53611111111111, -32.79805555555556]]]}}, {"type": "Feature", "properties": {"index": 170, "id": "C4642/25", "location": "FACA", "valid_from": "2510282200", "valid_to": "2610252159", "height_ft": 1291, "is_low": false, "text": "OORKANT BOERDERY, WESTERN CAPE (333636S 0193031E, 333633S 0193049E,\n333721S 0193103E, 333728S 0193048E): UAS OPS (400FT AGL) TAKING PLACE\nBEYOND VISUAL LINE OF SIGHT (BVLOS).", "centre_lat": -33.616527777777776, "centre_lon": 19.51326388888889, "radius_nm": null}, "geometry": {"type": "Polygon", "coordinates": [[[19.50861111111111, -33.61], [19.51361111111111, -33.60916666666667], [19.5175, -33.6225], [19.513333333333332, -33.62444444444444], [19.50861111111111, -33.61]]]}}, {"type": "Feature", "properties": {"index": 171, "id": "C4421/26", "location": "FAKM", "valid_from": "2608240516", "valid_to": "2608241630", "height_ft": null, "is_low": false, "text": "PRIVATE CLOSE USER GROUP (PCUG) AND TEL LINES U/S.\nC4420/26", "centre_lat": -28.8, "centre_lon": 24.766666666666666, "radius_nm": 5}, "geometry": {"type": "Point", "coordinates": [24.766666666666666, -28.8]}}, {"type": "Feature", "properties": {"index": 172, "id": "C4420/26", "location": "FAJA", "valid_from": "2608260500", "valid_to": "2608261500", "height_ft": 6074, "is_low": false, "text": "QUE SARA, PRETORIA EAST, GAUTENG (2555S 02828E, 2556S 02836E, 2558S\n02835E, 2557S 02828E): UAS OPS (1000FT AGL) TAKING PLACE BEYOND\nVISUAL LINE OF SIGHT (BVLOS).", "centre_lat": -25.941666666666666, "centre_lon": 28.529166666666665, "radius_nm": null}, "geometry": {"type": "Polygon", "coordinates": [[[28.466666666666665, -25.916666666666668], [28.6, -25.933333333333334], [28.583333333333332, -25.966666666666665], [28.466666666666665, -25.95], [28.466666666666665, -25.916666666666668]]]}}, {"type": "Feature", "properties": {"index": 173, "id": "C4419/26", "location": "FASD", "valid_from": "2608240700", "valid_to": "2608311500", "height_ft": 440, "is_low": true, "text": "AREA BOUNDED BY ( 325705S 0175728E, 325830S 0175905E, 325913S\n0175815E, 325827S 0175653E): REMOTELY PILOTED AIRCRAFT SYSTEMS (RPAS)\nOPS (400FT AGL) TAKING PLACE.", "centre_lat": -32.971875000000004, "centre_lon": 17.96534722222222, "radius_nm": null}, "geometry": {"type": "Polygon", "coordinates": [[[17.95777777777778, -32.95138888888889], [17.984722222222224, -32.975], [17.97083333333333, -32.98694444444445], [17.948055555555555, -32.97416666666667], [17.95777777777778, -32.95138888888889]]]}}, {"type": "Feature", "properties": {"index": 174, "id": "C4418/26", "location": "FAJA", "valid_from": "2608240000", "valid_to": "2608312359", "height_ft": 645, "is_low": true, "text": "ILLOVO SEZELA (302451S 0303932E, 302321S 0304003E, 302402S\n0304108E, 302441S 0304050E, 302501S 0304029E): UAS OPS (400FT AGL)\nTAKING PLACE BEYOND VISUAL LINE OF SIGHT (BVLOS).\nW5-HC4XRP-CT - 24AUG26 0600 ATNS 25/111", "centre_lat": -30.406444444444446, "centre_lon": 30.673444444444442, "radius_nm": null}, "geometry": {"type": "Polygon", "coordinates": [[[30.65888888888889, -30.414166666666667], [30.6675, -30.389166666666664], [30.685555555555556, -30.400555555555552], [30.680555555555557, -30.411388888888887], [30.674722222222222, -30.416944444444447], [30.65888888888889, -30.414166666666667]]]}}, {"type": "Feature", "properties": {"index": 175, "id": "C4414/26", "location": "FASI", "valid_from": "2608221354", "valid_to": "2611191000", "height_ft": null, "is_low": false, "text": "WARNING LGT (66M AGL) ON BRAKPAN REPEATER SITE, SALLIES WATER TOWER,\nBRAKPAN (261602S 0282218E) U/S.\nC4413/26", "centre_lat": -26.26722222222222, "centre_lon": 28.371666666666666, "radius_nm": 1}, "geometry": {"type": "Point", "coordinates": [28.371666666666666, -26.26722222222222]}}, {"type": "Feature", "properties": {"index": 176, "id": "C4413/26", "location": "FAEL", "valid_from": "2608221318", "valid_to": "2608251830", "height_ft": null, "is_low": false, "text": "TWR TEL LINES U/S. ALTN CTC NUMBER 010 498 5386.\nC4407/26", "centre_lat": -33.03333333333333, "centre_lon": 27.816666666666666, "radius_nm": 5}, "geometry": {"type": "Point", "coordinates": [27.816666666666666, -33.03333333333333]}}, {"type": "Feature", "properties": {"index": 177, "id": "C4407/26", "location": "FAJA", "valid_from": "2608240500", "valid_to": "2611111700", "height_ft": 4148, "is_low": false, "text": "NORTH WEST, AREA BOUNDED BY (251150S 0273250E, 251150S 0273420E,\n251310S 0273420E, 251310S 0273250E): UAS OPS (1000FT AGL) TAKING\nPLACE BEYOND VISUAL LINE OF SIGHT (BVLOS)", "centre_lat": -25.20833333333333, "centre_lon": 27.55972222222222, "radius_nm": null}, "geometry": {"type": "Polygon", "coordinates": [[[27.547222222222224, -25.197222222222223], [27.572222222222223, -25.197222222222223], [27.572222222222223, -25.21944444444444], [27.547222222222224, -25.21944444444444], [27.547222222222224, -25.197222222222223]]]}}, {"type": "Feature", "properties": {"index": 178, "id": "C4405/26", "location": "FAWB", "valid_from": "2608221015", "valid_to": "2611181100", "height_ft": null, "is_low": false, "text": "VODACOM TOWER, ROODEPLAAT, PRETORIA EAST(253505S 0282022E): MASTS\n(307M AGL) OBST LGT U/S.\nC4403/26", "centre_lat": -25.584722222222222, "centre_lon": 28.339444444444442, "radius_nm": 1}, "geometry": {"type": "Point", "coordinates": [28.339444444444442, -25.584722222222222]}}, {"type": "Feature", "properties": {"index": 179, "id": "C4403/26", "location": "FAJA", "valid_from": "2608240600", "valid_to": "2608261600", "height_ft": 4846, "is_low": false, "text": "ORKNEY, NORTH WEST (270130S 0263412E, 270216S 0263524E, 270321S\n0263418E, 270227S 0263321E): UAS OPS (550FT AMSL) TAKING PLACE.", "centre_lat": -27.03986111111111, "centre_lon": 26.571875, "radius_nm": null}, "geometry": {"type": "Polygon", "coordinates": [[[26.57, -27.025], [26.59, -27.03777777777778], [26.571666666666665, -27.055833333333332], [26.555833333333332, -27.040833333333335], [26.57, -27.025]]]}}, {"type": "Feature", "properties": {"index": 180, "id": "C4402/26", "location": "FAJA", "valid_from": "2608211743", "valid_to": "2608271300", "height_ft": null, "is_low": false, "text": "DURBAN UNIVERSITY OF TECHNOLOGY, DURBAN (295108.5S 0310028.0E): 1\nCRANE (151FT AGL) WITH DAY AND NGT MARKINGS ERECTED.\nC4401/26", "centre_lat": -29.85, "centre_lon": 31.0, "radius_nm": 1}, "geometry": {"type": "Point", "coordinates": [31.0, -29.85]}}, {"type": "Feature", "properties": {"index": 181, "id": "C4401/26", "location": "FATW", "valid_from": "2608211742", "valid_to": "2608271300", "height_ft": null, "is_low": false, "text": "NIL NGT OPS PERMITTED.\nC4400/26", "centre_lat": -27.2, "centre_lon": 22.483333333333334, "radius_nm": 5}, "geometry": {"type": "Point", "coordinates": [22.483333333333334, -27.2]}}, {"type": "Feature", "properties": {"index": 182, "id": "C4400/26", "location": "FATW", "valid_from": "2608211741", "valid_to": "2608271300", "height_ft": null, "is_low": false, "text": "RWY 18/36 WIP. PRIOR PERMISSION REQUIRED.\nCTC +27 53 7819331 / RESERVATIONS(AT)TSWALU.COM AND INFO(AT)TSWAL\nU.COM.\nC4399/26", "centre_lat": -27.2, "centre_lon": 22.483333333333334, "radius_nm": 5}, "geometry": {"type": "Point", "coordinates": [22.483333333333334, -27.2]}}, {"type": "Feature", "properties": {"index": 183, "id": "C4399/26", "location": "FATW", "valid_from": "2608211738", "valid_to": "2608271300", "height_ft": null, "is_low": false, "text": "DTHR 18 BY 1030M: TORA 1000M, TODA 1000, LDA 1000M, ASDA 1000M.\nC4398/26", "centre_lat": -27.2, "centre_lon": 22.483333333333334, "radius_nm": 5}, "geometry": {"type": "Point", "coordinates": [22.483333333333334, -27.2]}}, {"type": "Feature", "properties": {"index": 184, "id": "C4398/26", "location": "FAKM", "valid_from": "2608251000", "valid_to": "2608251500", "height_ft": 5007, "is_low": false, "text": "KIMBERLEY, NORTHERN CAPE (284939S 0244234E): BLASTING (1000FT AGL)\nW5-HC4XRP-CT - 24AUG26 0600 ATNS 26/111\nTAKING PLACE.", "centre_lat": -28.8275, "centre_lon": 24.709444444444443, "radius_nm": 1}, "geometry": {"type": "Point", "coordinates": [24.709444444444443, -28.8275]}}, {"type": "Feature", "properties": {"index": 185, "id": "C4397/26", "location": "FASD", "valid_from": "2609030600", "valid_to": "2609061600", "height_ft": null, "is_low": false, "text": "AD CLSD.\nC4396/26", "centre_lat": -32.96666666666667, "centre_lon": 17.966666666666665, "radius_nm": 5}, "geometry": {"type": "Point", "coordinates": [17.966666666666665, -32.96666666666667]}}, {"type": "Feature", "properties": {"index": 186, "id": "C4396/26", "location": "FASD", "valid_from": "2608290700", "valid_to": "2608291600", "height_ft": null, "is_low": false, "text": "AD CLSD.\nC4395/26", "centre_lat": -32.96666666666667, "centre_lon": 17.966666666666665, "radius_nm": 5}, "geometry": {"type": "Point", "coordinates": [17.966666666666665, -32.96666666666667]}}, {"type": "Feature", "properties": {"index": 187, "id": "C4395/26", "location": "FAMQ", "valid_from": "2608240600", "valid_to": "2609241700", "height_ft": 2661, "is_low": false, "text": "MONTAGU, WESTERN CAPE (334704S 0200520E, 334538S 0200843E, 334710S\n0200945E, 334827S 0200614E): UAS SURVEY (1000FT AGL) TAKING PLACE\nBEYOND VISUAL LINE OF SIGHT (BVLOS). FUA REF: MM 20/08-8.", "centre_lat": -33.78465277777777, "centre_lon": 20.125138888888888, "radius_nm": null}, "geometry": {"type": "Polygon", "coordinates": [[[20.08888888888889, -33.78444444444444], [20.14527777777778, -33.760555555555555], [20.162499999999998, -33.78611111111111], [20.10388888888889, -33.8075], [20.08888888888889, -33.78444444444444]]]}}, {"type": "Feature", "properties": {"index": 188, "id": "C4394/26", "location": "FAGC", "valid_from": "2608211133", "valid_to": "2611181100", "height_ft": null, "is_low": false, "text": "ATC TRG TAKING PLACE ON TWR 122.8 MHZ.\nC4392/26", "centre_lat": -25.983333333333334, "centre_lon": 28.133333333333333, "radius_nm": 5}, "geometry": {"type": "Point", "coordinates": [28.133333333333333, -25.983333333333334]}}, {"type": "Feature", "properties": {"index": 189, "id": "C4392/26", "location": "FAJA", "valid_from": "2608220001", "valid_to": "2611222359", "height_ft": 6277, "is_low": false, "text": "NEW CASTLE WINDFARM, KWA ZULU NATAL (273742S 0294506E, 273735S\n0294956E, 274306S 0295009E, 274309S 0294517E): UNMANNED AERIAL\nVEHICLE (UAV) OPS (400FT AGL) TAKING PLACE BEYOND VISUAL LINE OF\nSIGHT (BVLOS).", "centre_lat": -27.673055555555557, "centre_lon": 29.79361111111111, "radius_nm": null}, "geometry": {"type": "Polygon", "coordinates": [[[29.751666666666665, -27.628333333333334], [29.83222222222222, -27.62638888888889], [29.835833333333333, -27.71833333333333], [29.754722222222224, -27.719166666666666], [29.751666666666665, -27.628333333333334]]]}}, {"type": "Feature", "properties": {"index": 190, "id": "C4391/26", "location": "FACE", "valid_from": "2608240000", "valid_to": "2611232359", "height_ft": 2218, "is_low": false, "text": "AREA BOUNDED BY (332147S 0191511E, 331310S 0191923E, 332141S\n0193057E, 332643S 0192519E): REMOTELY PILOTED AIRCRAFT SYSTEM (RPAS)\nOPS (400FT AGL) TAKING PLACE BEYOND VISUAL LINE OF SIGHT (BVLOS).", "centre_lat": -33.34729166666666, "centre_lon": 19.37847222222222, "radius_nm": null}, "geometry": {"type": "Polygon", "coordinates": [[[19.253055555555555, -33.363055555555555], [19.323055555555555, -33.21944444444445], [19.515833333333333, -33.36138888888889], [19.421944444444446, -33.445277777777775], [19.253055555555555, -33.363055555555555]]]}}, {"type": "Feature", "properties": {"index": 191, "id": "C4390/26", "location": "FAXX", "valid_from": "2608240500", "valid_to": "2611111700", "height_ft": 3985, "is_low": false, "text": "VARSVLEI (2440S 02730E): PAUL HUGO FLIGHT PMA, LIMPOPO (244100S\n0272400E, 244100S 0272630E, 244200S 0272630E, 244200S 0272400E): UAS\nOPS (1000FT AGL) TAKING PLACE BEYOND VISUAL LINE OF SIGHT (BVLOS).", "centre_lat": -24.686666666666667, "centre_lon": 27.436666666666667, "radius_nm": null}, "geometry": {"type": "Polygon", "coordinates": [[[27.5, -24.666666666666668], [27.4, -24.683333333333334], [27.441666666666666, -24.683333333333334], [27.441666666666666, -24.7], [27.4, -24.7], [27.5, -24.666666666666668]]]}}, {"type": "Feature", "properties": {"index": 192, "id": "C4387/26", "location": "FAMM", "valid_from": "2609140600", "valid_to": "2611230800", "height_ft": null, "is_low": false, "text": "ATC TRAINING ON TWR 119.3 MHZ TAKING PLACE.\nC4385/26", "centre_lat": -25.8, "centre_lon": 25.55, "radius_nm": 5}, "geometry": {"type": "Point", "coordinates": [25.55, -25.8]}}, {"type": "Feature", "properties": {"index": 193, "id": "C4385/26", "location": "FAMG", "valid_from": "2608210426", "valid_to": "2611212359", "height_ft": 527, "is_low": true, "text": "ELLIOT FARM, AREA BOUNDED BY (305146S 0301948E, 305216S 0302050E,\nW5-HC4XRP-CT - 24AUG26 0600 ATNS 27/111\n305312S 0302018E, 305241S 0301921E): UAS OPS (400FT AGL) TAKING\nPLACE. CAMU REF DN19/084.", "centre_lat": -30.874652777777776, "centre_lon": 30.334513888888885, "radius_nm": null}, "geometry": {"type": "Polygon", "coordinates": [[[30.33, -30.86277777777778], [30.34722222222222, -30.871111111111112], [30.33833333333333, -30.886666666666667], [30.322499999999998, -30.878055555555555], [30.33, -30.86277777777778]]]}}, {"type": "Feature", "properties": {"index": 194, "id": "C4382/26", "location": "FAJA", "valid_from": "2608210900", "valid_to": "2608311600", "height_ft": 1097, "is_low": false, "text": "MTUNZINI TOWNBOARD FARM, KWAZULU-NATAL (285442S 0314220E,285433S\n0314251E, E 285652S 0314504E,285707S 0314446E): UAS OPS (1000 FT AGL)\nTAKING PLACE BEYOND VISUAL LINE OF SIGHT(BVLOS) FUA REF: AV 15/08-12.", "centre_lat": -28.930138888888884, "centre_lon": 31.729236111111113, "radius_nm": null}, "geometry": {"type": "Polygon", "coordinates": [[[31.705555555555556, -28.911666666666665], [31.714166666666667, -28.909166666666664], [31.75111111111111, -28.947777777777777], [31.746111111111112, -28.951944444444443], [31.705555555555556, -28.911666666666665]]]}}, {"type": "Feature", "properties": {"index": 195, "id": "C4380/26", "location": "FAJA", "valid_from": "2608290800", "valid_to": "2608301700", "height_ft": 2672, "is_low": false, "text": "BEAUMONT ESTON, KWAZULU-NATAL (295026S 0303113E, 295052S 0303128E,\n295052S 0303106E,295035S 0303102E): UAS AGRICULTURAL CROP SPRAYING\nOPS (400FT AGL) TAKING PLACE AT EXTENDED VISUAL LINE OF SIGHT\n(EVLOS). CAMU REF AV18/08-9.", "centre_lat": -29.844791666666666, "centre_lon": 30.52006944444444, "radius_nm": null}, "geometry": {"type": "Polygon", "coordinates": [[[30.52027777777778, -29.840555555555554], [30.524444444444445, -29.847777777777775], [30.51833333333333, -29.847777777777775], [30.51722222222222, -29.843055555555555], [30.52027777777778, -29.840555555555554]]]}}, {"type": "Feature", "properties": {"index": 196, "id": "C4379/26", "location": "FAXX", "valid_from": "2608240500", "valid_to": "2608291700", "height_ft": 5773, "is_low": false, "text": "WINTERSTORM AIRFIELD (261241.17S 0254719.44E), AGANANG MINE, AREA\nBOUNDED BY (260650S 0254721E, 260619S 0255224E, 260826S 0255335E,\n261014S 0254710E): UAS OPS (1000FT AGL) TAKING PLACE. CAMU REF: AV\n15/01/3.", "centre_lat": -26.132569444444442, "centre_lon": 25.835416666666667, "radius_nm": null}, "geometry": {"type": "Polygon", "coordinates": [[[25.789166666666667, -26.11388888888889], [25.873333333333335, -26.10527777777778], [25.893055555555556, -26.140555555555554], [25.78611111111111, -26.170555555555556], [25.789166666666667, -26.11388888888889]]]}}, {"type": "Feature", "properties": {"index": 197, "id": "C4378/26", "location": "FAJA", "valid_from": "2608240500", "valid_to": "2608291700", "height_ft": 5539, "is_low": false, "text": "NEW CLYDESDALE COLLIERY, MPUMALANGA (260821S 0291835E, 260711S\n0291938E, 260828S 0292007E, 260900S 0291835E): UAS OPS (400FT AGL)\nTAKING PLACE. FUA REF: MM 21055.", "centre_lat": -26.137500000000003, "centre_lon": 29.320486111111112, "radius_nm": null}, "geometry": {"type": "Polygon", "coordinates": [[[29.309722222222224, -26.139166666666664], [29.327222222222222, -26.119722222222222], [29.335277777777776, -26.141111111111112], [29.309722222222224, -26.15], [29.309722222222224, -26.139166666666664]]]}}, {"type": "Feature", "properties": {"index": 198, "id": "C4377/26", "location": "FAJA", "valid_from": "2608240500", "valid_to": "2608291700", "height_ft": 6431, "is_low": false, "text": "ROODEKOP COLLIERY KRIEL, MPUMALANGA (260847S 0291431E, 260820S\n0291518E, 261036S 0291636E, 261047S 0291520E): UAS OPS (1000FT AGL)\nTAKING PLACE.", "centre_lat": -26.160416666666666, "centre_lon": 29.257291666666667, "radius_nm": null}, "geometry": {"type": "Polygon", "coordinates": [[[29.241944444444446, -26.14638888888889], [29.255, -26.13888888888889], [29.276666666666667, -26.17666666666667], [29.255555555555556, -26.179722222222225], [29.241944444444446, -26.14638888888889]]]}}, {"type": "Feature", "properties": {"index": 199, "id": "C4376/26", "location": "FAJA", "valid_from": "2608240500", "valid_to": "2608291700", "height_ft": 5166, "is_low": false, "text": "TSWANA LIME, LICHTENBURG, NORTH WEST (260318S 0254758E, 260403S\n0254944E, 260610S 0254957E, 260630S 0254711E): UAS OPS (400FT AGL)\nTAKING PLACE. FUA REF: TM 15/01/9.", "centre_lat": -26.083402777777778, "centre_lon": 25.811805555555555, "radius_nm": null}, "geometry": {"type": "Polygon", "coordinates": [[[25.799444444444447, -26.055], [25.828888888888887, -26.0675], [25.8325, -26.102777777777778], [25.78638888888889, -26.108333333333334], [25.799444444444447, -26.055]]]}}, {"type": "Feature", "properties": {"index": 200, "id": "C4375/26", "location": "FAXX", "valid_from": "2608240500", "valid_to": "2608291700", "height_ft": 6085, "is_low": false, "text": "KLIPPAN AERODROME (255223.81S 0295311.19E): WONDERFONTEIN MINE,\nMPUMALANGA (254919S 0295312E, 254859S 0295339E, 255150S 0295430E,\n255157S 0295154E): UAS OPS (400FT AGL) TAKING PLACE. FUA REF: AV\n060512.", "centre_lat": -25.842013888888893, "centre_lon": 29.88854166666667, "radius_nm": null}, "geometry": {"type": "Polygon", "coordinates": [[[29.886666666666667, -25.821944444444444], [29.894166666666667, -25.81638888888889], [29.90833333333333, -25.86388888888889], [29.865000000000002, -25.865833333333335], [29.886666666666667, -25.821944444444444]]]}}, {"type": "Feature", "properties": {"index": 201, "id": "C4374/26", "location": "FAJA", "valid_from": "2608240500", "valid_to": "2608291700", "height_ft": 5904, "is_low": false, "text": "KRANSPAN COLLIERY, CAROLINA, MPUMALANGA (260857S 0300037E, 260920S\n0300122E,260959S 0300056E, 260935S 0300012E): UAS OPS (400FT AGL)\nTAKING PLACE.", "centre_lat": -26.157708333333332, "centre_lon": 30.012986111111108, "radius_nm": null}, "geometry": {"type": "Polygon", "coordinates": [[[30.010277777777777, -26.149166666666666], [30.022777777777776, -26.155555555555555], [30.015555555555554, -26.16638888888889], [30.003333333333334, -26.15972222222222], [30.010277777777777, -26.149166666666666]]]}}, {"type": "Feature", "properties": {"index": 202, "id": "C4373/26", "location": "FAJA", "valid_from": "2608240500", "valid_to": "2608291700", "height_ft": 5902, "is_low": false, "text": "A RESHOMENG COLLIERY, CAROLINA, MPUMALANGA (260835S 0295512E,\n260815S 0295536E, 261022S 0295722E, 260943S 0295528E): UAS OPS (400FT\nAGL) TAKING PLACE. CAMU REF: DN 20074.", "centre_lat": -26.153819444444444, "centre_lon": 29.931805555555556, "radius_nm": null}, "geometry": {"type": "Polygon", "coordinates": [[[29.92, -26.143055555555556], [29.92666666666667, -26.1375], [29.95611111111111, -26.172777777777778], [29.924444444444447, -26.161944444444444], [29.92, -26.143055555555556]]]}}, {"type": "Feature", "properties": {"index": 203, "id": "C4372/26", "location": "FAJA", "valid_from": "2608240500", "valid_to": "2608291700", "height_ft": 6519, "is_low": false, "text": "DROOGVALLEI RAIL SIDING, CAROLINA, MPUMALANGA (260534S 0300755E,\n260549S 0300825E, 260611S 0300816E, 260602S 0300739E): UAS OPS\n(1000FT AGL) TAKING PLACE. FUA REF: AV 20/02/15", "centre_lat": -26.098333333333333, "centre_lon": 30.134375, "radius_nm": null}, "geometry": {"type": "Polygon", "coordinates": [[[30.131944444444446, -26.092777777777776], [30.140277777777776, -26.096944444444443], [30.137777777777778, -26.103055555555557], [30.1275, -26.100555555555555], [30.131944444444446, -26.092777777777776]]]}}, {"type": "Feature", "properties": {"index": 204, "id": "C4371/26", "location": "FAJA", "valid_from": "2608240500", "valid_to": "2608291700", "height_ft": 6059, "is_low": false, "text": "ILIMA COAL PLANT, CAROLINA, MPUMALANGA (260205S 0300857E, 260108S\n0301221E, 260406S 0301104E, 260357S 0300930E): UAS OPS (400FT AGL)\nTAKING PLACE. FUA REF: DN 200073.", "centre_lat": -26.046944444444442, "centre_lon": 30.174444444444443, "radius_nm": null}, "geometry": {"type": "Polygon", "coordinates": [[[30.149166666666666, -26.034722222222225], [30.20583333333333, -26.01888888888889], [30.184444444444445, -26.06833333333333], [30.15833333333333, -26.065833333333334], [30.149166666666666, -26.034722222222225]]]}}, {"type": "Feature", "properties": {"index": 205, "id": "C4365/26", "location": "FAJA", "valid_from": "2608271600", "valid_to": "2611241600", "height_ft": 4559, "is_low": false, "text": "FAD70, MAGALIESBERG EAST AND WEST, MARIKANA, THARISA MINE, NORTH WEST\n(254332S 0272715E, 254501S 0272711E, 254555S 0273041E, 254319S\n0273200E): REMOTELY PILOTED AIRCRAFT SYSTEM (RPAS) OPS (600FT AGL)\nTAKING PLACE BEYOND VISUAL LINE OF SIGHT (BVLOS).", "centre_lat": -25.74076388888889, "centre_lon": 27.48798611111111, "radius_nm": null}, "geometry": {"type": "Polygon", "coordinates": [[[27.454166666666666, -25.725555555555555], [27.453055555555554, -25.75027777777778], [27.511388888888888, -25.76527777777778], [27.533333333333335, -25.721944444444443], [27.454166666666666, -25.725555555555555]]]}}, {"type": "Feature", "properties": {"index": 206, "id": "C4363/26", "location": "FAPZ", "valid_from": "2608210000", "valid_to": "2611182359", "height_ft": 1072, "is_low": false, "text": "DENVER METRO QUARRY, GQEBERHA , EASTERN CAPE (335348S 0252644E,\n335414S 0252806E, 335446S 0252739E, 335413S 0252627E): UNMANNED\nAERIAL VEHICLE (UAV) OPS (400FT AGL) TAKING PLACE BEYOND VISUAL LINE\nOF SIGHT (BVLOS).", "centre_lat": -33.90423611111111, "centre_lon": 25.453888888888887, "radius_nm": null}, "geometry": {"type": "Polygon", "coordinates": [[[25.445555555555554, -33.89666666666667], [25.46833333333333, -33.903888888888886], [25.460833333333333, -33.91277777777778], [25.440833333333334, -33.90361111111111], [25.445555555555554, -33.89666666666667]]]}}, {"type": "Feature", "properties": {"index": 207, "id": "C4358/26", "location": "FAJA", "valid_from": "2608200543", "valid_to": "2611172359", "height_ft": 1502, "is_low": false, "text": "PHOBANE WTW, KWAZULU-NATAL (284611S 0312810E, 284606S 0312843E,\n284626S 0312841E, 284628S 0312814E): UNMANNED AERIAL VEHICLE (UAV)\nOPS (1000FT AGL) TAKING PLACE BEYOND VISUAL LINE OF SIGHT (BVLOS).\nFUA REF: DN 19/08-7.", "centre_lat": -28.77159722222222, "centre_lon": 31.474166666666665, "radius_nm": null}, "geometry": {"type": "Polygon", "coordinates": [[[31.46944444444444, -28.76972222222222], [31.47861111111111, -28.76833333333333], [31.478055555555553, -28.773888888888887], [31.470555555555553, -28.774444444444445], [31.46944444444444, -28.76972222222222]]]}}, {"type": "Feature", "properties": {"index": 208, "id": "C4352/26", "location": "FARG", "valid_from": "2608200001", "valid_to": "2611172359", "height_ft": 4213, "is_low": false, "text": "WATERVAL SMELTERS, RUSTENBURG, NORTH WEST (253913S 0271817E, 253929S\n0272014E, 254045S 0271957E, 254030S 0271812E): UNMANNED AERIAL\nVEHICLE (UAV) OPS (400FT AGL) TAKING PLACE BEYOND VISUAL LINE OF\nSIGHT (BVLOS).", "centre_lat": -25.666458333333335, "centre_lon": 27.319444444444443, "radius_nm": null}, "geometry": {"type": "Polygon", "coordinates": [[[27.304722222222225, -25.65361111111111], [27.33722222222222, -25.658055555555553], [27.3325, -25.679166666666667], [27.303333333333335, -25.675], [27.304722222222225, -25.65361111111111]]]}}, {"type": "Feature", "properties": {"index": 209, "id": "C4350/26", "location": "FAJA", "valid_from": "2608200000", "valid_to": "2611172359", "height_ft": 6486, "is_low": false, "text": "MAIZEFIELD, MPUMALANGA (263418S 0293131E, 263456S 0293744E, 263907S\n0293633E, 263838S 0293201E): UAS SURVEY OPS (1000FT AGL) TAKING\nPLACE. FUA REF: MM 06/08-1.", "centre_lat": -26.612430555555555, "centre_lon": 29.574236111111112, "radius_nm": null}, "geometry": {"type": "Polygon", "coordinates": [[[29.525277777777777, -26.571666666666665], [29.628888888888888, -26.58222222222222], [29.609166666666667, -26.651944444444442], [29.533611111111114, -26.64388888888889], [29.525277777777777, -26.571666666666665]]]}}, {"type": "Feature", "properties": {"index": 210, "id": "C4348/26", "location": "FAJA", "valid_from": "2608200000", "valid_to": "2611172359", "height_ft": 6391, "is_low": false, "text": "SASOL SECUNDA DESTONING PLANT, MPUMALANGA (263311S 0291105E, 263312S\n0291235E, 263500S 0291244E, 263451S 0291051E): UNMANNED AERIAL\nVEHICLE (UAV) OPS (1000FT AGL) TAKING PLACE BEYOND VISUAL LINE OF\nSIGHT (BVLOS). FUA REF: DN 17/08-5", "centre_lat": -26.567638888888887, "centre_lon": 29.196875000000002, "radius_nm": null}, "geometry": {"type": "Polygon", "coordinates": [[[29.184722222222224, -26.553055555555556], [29.209722222222222, -26.553333333333335], [29.21222222222222, -26.583333333333332], [29.180833333333336, -26.580833333333334], [29.184722222222224, -26.553055555555556]]]}}, {"type": "Feature", "properties": {"index": 211, "id": "C4347/26", "location": "FAJA", "valid_from": "2608200000", "valid_to": "2611172359", "height_ft": 428, "is_low": true, "text": "MONDI MEREBANK, BLUFF, KWAZULU-NATAL (295744S 0305805E, 295729S\n0305816E, 295733S 0305833E, 295752S 0305818E): UAS OPS (400FT AGL)\nTAKING PLACE BEYOND VISUAL LINE OF SIGHT (BVLOS). FUA REF: DN\n17/08-2.", "centre_lat": -29.960972222222217, "centre_lon": 30.971666666666664, "radius_nm": null}, "geometry": {"type": "Polygon", "coordinates": [[[30.968055555555555, -29.96222222222222], [30.97111111111111, -29.958055555555553], [30.97583333333333, -29.959166666666665], [30.971666666666664, -29.964444444444442], [30.968055555555555, -29.96222222222222]]]}}, {"type": "Feature", "properties": {"index": 212, "id": "C4341/26", "location": "FAXX", "valid_from": "2608190900", "valid_to": "2611162359", "height_ft": 4238, "is_low": false, "text": "KROOMDRAAI AIRFEILD (244916S 0272534E): LIMBERG MINING, AMANDELBULT,\nLIMPOPO (244046S 0271017E, 244047S 0273025E, 245412S 0272726E,\n245410S 0271413E): UNMANNED AERIAL VEHICLE (UAV) OPS (1000FT AGL)\nTAKING PLACE BEYOND VISUAL LINE OF SIGHT (BVLOS). FUA REF AV12/08-23.", "centre_lat": -24.797277777777776, "centre_lon": 27.359722222222224, "radius_nm": null}, "geometry": {"type": "Polygon", "coordinates": [[[27.426111111111112, -24.82111111111111], [27.17138888888889, -24.679444444444446], [27.506944444444443, -24.679722222222225], [27.45722222222222, -24.903333333333332], [27.236944444444447, -24.902777777777775], [27.426111111111112, -24.82111111111111]]]}}, {"type": "Feature", "properties": {"index": 213, "id": "C4339/26", "location": "FAXX", "valid_from": "2608190500", "valid_to": "2608251600", "height_ft": 5993, "is_low": false, "text": "AEROPARK ZYN KRAAL (255411S 0283248E):\nQUE SERA, BAPSFONTEIN, GAUTENG. AREA BOUNDED BY (255548S 0282833E,\nW5-HC4XRP-CT - 24AUG26 0600 ATNS 30/111\n255627S 0283512E, 255754S 0283459E, 255651S 0282833E): UAS OPS\n(1000FT AGL) TAKING PLACE BEYOND VISUAL LINE OF SIGHT (BVLOS).\nFUA REF: DN 18/08-6.", "centre_lat": -25.93727777777778, "centre_lon": 28.53361111111111, "radius_nm": null}, "geometry": {"type": "Polygon", "coordinates": [[[28.546666666666667, -25.903055555555554], [28.47583333333333, -25.93], [28.586666666666666, -25.940833333333334], [28.583055555555557, -25.965], [28.47583333333333, -25.9475], [28.546666666666667, -25.903055555555554]]]}}, {"type": "Feature", "properties": {"index": 214, "id": "C4336/26", "location": "FAWT", "valid_from": "2608200000", "valid_to": "2610312359", "height_ft": 3029, "is_low": false, "text": "MODIKWA SOUTH, LIMPOPO (243925S 0300640E, 243813S 0301103E, 244416S\n0301052E, 244447S 0300941E): UAS OPS (400FT AGL) TAKING PLACE BEYOND\nVISUAL LINE OF SIGHT (BVLOS).", "centre_lat": -24.69451388888889, "centre_lon": 30.159444444444446, "radius_nm": null}, "geometry": {"type": "Polygon", "coordinates": [[[30.111111111111114, -24.65694444444444], [30.184166666666666, -24.636944444444445], [30.18111111111111, -24.73777777777778], [30.161388888888887, -24.74638888888889], [30.111111111111114, -24.65694444444444]]]}}, {"type": "Feature", "properties": {"index": 215, "id": "C4328/26", "location": "FACA", "valid_from": "2608202200", "valid_to": "2611172159", "height_ft": 515, "is_low": true, "text": "GLENCORE COEGA QUARRY, GQEBERHA (334647S 0254210E, 334618S 0254301E,\n334642S 0254323E, 334712S 0254227E): UNMANNED AERIAL VEHICLE (UAV)\nOPS (400FT AGL) TAKING PLACE BEYOND VISUAL LINE OF SIGHT (BVLOS).", "centre_lat": -33.77909722222222, "centre_lon": 25.712569444444444, "radius_nm": null}, "geometry": {"type": "Polygon", "coordinates": [[[25.702777777777776, -33.77972222222222], [25.716944444444444, -33.77166666666667], [25.723055555555554, -33.77833333333333], [25.7075, -33.78666666666666], [25.702777777777776, -33.77972222222222]]]}}, {"type": "Feature", "properties": {"index": 216, "id": "C4326/26", "location": "FAJA", "valid_from": "2608182200", "valid_to": "2611152159", "height_ft": 5917, "is_low": false, "text": "MIDDLEBURG, MPUMALANGA (254906S 0293245E, 260153S 0293452E, 260309S\n0292136E, 255003S 0292039E): UAS OPS (800FT AGL) TAKING PLACE BEYOND\nVISUAL LINE OF SIGHT (BVLOS).", "centre_lat": -25.93409722222222, "centre_lon": 29.45777777777778, "radius_nm": null}, "geometry": {"type": "Polygon", "coordinates": [[[29.545833333333334, -25.81833333333333], [29.58111111111111, -26.031388888888888], [29.360000000000003, -26.052500000000002], [29.344166666666666, -25.834166666666665], [29.545833333333334, -25.81833333333333]]]}}, {"type": "Feature", "properties": {"index": 217, "id": "C4325/26", "location": "FAJA", "valid_from": "2608302200", "valid_to": "2609302159", "height_ft": 6350, "is_low": false, "text": "AREA BOUNDED BY (253455S 0302040E, 254641S 0302244E, 255403S\n0293232E, 254201S 0292805E): UAS OPS (800FT AGL) TAKING PLACE BEYOND\nVISUAL LINE OF SIGHT (BVLOS).", "centre_lat": -25.740277777777777, "centre_lon": 29.933402777777776, "radius_nm": null}, "geometry": {"type": "Polygon", "coordinates": [[[30.344444444444445, -25.581944444444446], [30.378888888888888, -25.778055555555554], [29.542222222222225, -25.90083333333333], [29.468055555555555, -25.700277777777778], [30.344444444444445, -25.581944444444446]]]}}, {"type": "Feature", "properties": {"index": 218, "id": "C4324/26", "location": "FAPM", "valid_from": "2608240430", "valid_to": "2608271800", "height_ft": null, "is_low": false, "text": "TWR 122.0 MHZ OPS HR CHG TO:\n24 0430-0730, 0830-1300 AND 1400-1800.\n27 0430-0730, 0830-1300 AND 1400-1800.\nC4323/26", "centre_lat": -29.65, "centre_lon": 30.4, "radius_nm": 5}, "geometry": {"type": "Point", "coordinates": [30.4, -29.65]}}, {"type": "Feature", "properties": {"index": 219, "id": "C4323/26", "location": "FAJA", "valid_from": "2608192200", "valid_to": "2611162159", "height_ft": 5461, "is_low": false, "text": "MBALI COLLIERY, WITBANK (260718S 0290632E, 260724S 0290644E, 260739S\n0290637E, 260738S 0290626E): UNMANNED AERIAL VEHICLE (UAV) OPS (400FT\nAGL) TAKING PLACE.", "centre_lat": -26.124930555555558, "centre_lon": 29.10965277777778, "radius_nm": null}, "geometry": {"type": "Polygon", "coordinates": [[[29.10888888888889, -26.121666666666666], [29.112222222222222, -26.123333333333335], [29.110277777777778, -26.1275], [29.107222222222223, -26.127222222222223], [29.10888888888889, -26.121666666666666]]]}}, {"type": "Feature", "properties": {"index": 220, "id": "C4322/26", "location": "FAJA", "valid_from": "2608302200", "valid_to": "2611272159", "height_ft": 4225, "is_low": false, "text": "AREA BOUNDED BY (253520S 0275440E, 254435S 0275544E, 254618S\n0271520E, 253718S 0271544E): UAS OPS (400FT AGL) TAKING PLACE BEYOND\nVISUAL LINE OF SIGHT (BVLOS).", "centre_lat": -25.681319444444444, "centre_lon": 27.589444444444446, "radius_nm": null}, "geometry": {"type": "Polygon", "coordinates": [[[27.91111111111111, -25.58888888888889], [27.92888888888889, -25.743055555555557], [27.255555555555556, -25.771666666666665], [27.26222222222222, -25.621666666666666], [27.91111111111111, -25.58888888888889]]]}}, {"type": "Feature", "properties": {"index": 221, "id": "C4321/26", "location": "FASO", "valid_from": "2608302200", "valid_to": "2609302159", "height_ft": 3403, "is_low": false, "text": "AREA BOUNDED BY (244708S 0301245E, 245201S 0300813E, 244949S\n0300407E, 244440S 0300836E): UAS OPS (800FT AGL) TAKING PLACE BEYOND\nVISUAL LINE OF SIGHT (BVLOS).", "centre_lat": -24.806805555555556, "centre_lon": 30.14034722222222, "radius_nm": null}, "geometry": {"type": "Polygon", "coordinates": [[[30.2125, -24.785555555555558], [30.136944444444445, -24.866944444444446], [30.06861111111111, -24.830277777777777], [30.143333333333334, -24.744444444444447], [30.2125, -24.785555555555558]]]}}, {"type": "Feature", "properties": {"index": 222, "id": "C4320/26", "location": "FARG", "valid_from": "2609012200", "valid_to": "2611292159", "height_ft": 4628, "is_low": false, "text": "NC BOSHOEK TO ONDERSTEPOORT (252840S 0270727E, 253035S 0270354E,\n254129S 0271344E, 253902S 0271735E, 253836S 0271500E, 254321S\n0271304E, 253956S 0280648E, 253539S 0280701E): UAS OPS (800FT AGL)\nTAKING PLACE BEYOND VISUAL LINE OF SIGHT (BVLOS).", "centre_lat": -25.619374999999998, "centre_lon": 27.426145833333333, "radius_nm": null}, "geometry": {"type": "Polygon", "coordinates": [[[27.124166666666667, -25.477777777777778], [27.065, -25.509722222222223], [27.228888888888886, -25.691388888888888], [27.293055555555558, -25.650555555555552], [27.25, -25.643333333333334], [27.217777777777776, -25.722499999999997], [28.113333333333333, -25.665555555555553], [28.116944444444446, -25.594166666666666], [27.124166666666667, -25.477777777777778]]]}}, {"type": "Feature", "properties": {"index": 223, "id": "C4319/26", "location": "FAXX", "valid_from": "2608302200", "valid_to": "2609302159", "height_ft": 5457, "is_low": false, "text": "COLUMBUS AIRFIELD (254817.94S 0292847.45E):\nAREA BOUNDED BY (254309S 0292915E, 255114S 0293308E, 255452S\n0292021E, 254636S 0291859E): UAS OPS (400FT AGL) TAKING PLACE BEYOND\nVISUAL LINE OF SIGHT (BVLOS).", "centre_lat": -25.816041666666667, "centre_lon": 29.423819444444447, "radius_nm": null}, "geometry": {"type": "Polygon", "coordinates": [[[29.4875, -25.719166666666666], [29.552222222222223, -25.85388888888889], [29.339166666666664, -25.91444444444444], [29.31638888888889, -25.776666666666667], [29.4875, -25.719166666666666]]]}}, {"type": "Feature", "properties": {"index": 224, "id": "C4318/26", "location": "FARG", "valid_from": "2609012200", "valid_to": "2611292159", "height_ft": 4628, "is_low": false, "text": "NC BOSHOEK TO ONDERSTEPOORT (252840S 0270727E, 253035S 0270354E,\n254129S 0271344E, 253902S 0271735E, 253836S 0271500E, 254321S\n0271304E, 253956S 0280648E, 253539S 0280701E): UAS OPS (800FT AGL)\nTAKING PLACE BEYOND VISUAL LINE OF SIGHT (BVLOS).", "centre_lat": -25.619374999999998, "centre_lon": 27.426145833333333, "radius_nm": null}, "geometry": {"type": "Polygon", "coordinates": [[[27.124166666666667, -25.477777777777778], [27.065, -25.509722222222223], [27.228888888888886, -25.691388888888888], [27.293055555555558, -25.650555555555552], [27.25, -25.643333333333334], [27.217777777777776, -25.722499999999997], [28.113333333333333, -25.665555555555553], [28.116944444444446, -25.594166666666666], [27.124166666666667, -25.477777777777778]]]}}, {"type": "Feature", "properties": {"index": 225, "id": "C4317/26", "location": "FAWI", "valid_from": "2608302200", "valid_to": "2609302159", "height_ft": 5299, "is_low": false, "text": "AREA BOUNDED BY (254614S 0292016E, 255516S 0292048E, 254935S\n0284208E, 254545S 0284142E): UAS OPS (400FT AGL) TAKING PLACE BEYOND\nVISUAL LINE OF SIGHT (BVLOS). FUA REF: DF 20/05-8.", "centre_lat": -25.820138888888888, "centre_lon": 29.020416666666662, "radius_nm": null}, "geometry": {"type": "Polygon", "coordinates": [[[29.337777777777777, -25.770555555555553], [29.346666666666664, -25.921111111111113], [28.702222222222222, -25.82638888888889], [28.695, -25.7625], [29.337777777777777, -25.770555555555553]]]}}, {"type": "Feature", "properties": {"index": 226, "id": "C4316/26", "location": "FATF", "valid_from": "2608302200", "valid_to": "2609302159", "height_ft": 4934, "is_low": false, "text": "TRANSNET FREIGHT RAILWAY, NORTHERN CAPE (275226S 0225941E, 282709S\n0230004E, 282531S 0222626E, 275328S 0222757E): UAS OPS (800FT AGL)\nTAKING PLACE BEYOND VISUAL LINE OF SIGHT (BVLOS). FUA REF: MM\n20/05-6.", "centre_lat": -28.160694444444445, "centre_lon": 22.72555555555556, "radius_nm": null}, "geometry": {"type": "Polygon", "coordinates": [[[22.994722222222222, -27.87388888888889], [23.00111111111111, -28.4525], [22.440555555555555, -28.42527777777778], [22.465833333333332, -27.891111111111112], [22.994722222222222, -27.87388888888889]]]}}, {"type": "Feature", "properties": {"index": 227, "id": "C4315/26", "location": "FAKL", "valid_from": "2608202100", "valid_to": "2611170500", "height_ft": 5738, "is_low": false, "text": "MATLA POWER STATION, MPUMALANGA (291718S 0290938E, 261743S 0290723E,\n261524S 0290735E, 261525S 0290910E): UAS OPS (400FT AGL) TAKING\nPLACE.\nW5-HC4XRP-CT - 24AUG26 0600 ATNS 32/111", "centre_lat": -27.024305555555554, "centre_lon": 29.140694444444442, "radius_nm": null}, "geometry": {"type": "Polygon", "coordinates": [[[29.160555555555554, -29.288333333333334], [29.123055555555556, -26.29527777777778], [29.12638888888889, -26.256666666666668], [29.152777777777775, -26.256944444444443], [29.160555555555554, -29.288333333333334]]]}}, {"type": "Feature", "properties": {"index": 228, "id": "C4313/26", "location": "FAJA", "valid_from": "2608180616", "valid_to": "2611142359", "height_ft": 1000, "is_low": false, "text": "AREA BOUNDED BY (262818S 0273701E, 263010S 0273942E, 263148S\n0273758E, 262943S 0273506E): UNMANNED AERIAL VEHICLE (UAV) OPS TAKING\nPLACE BEYOND VISUAL LINE OF SIGHT (BVLOS).\nFUA REF: AV17/08-2.", "centre_lat": -26.499930555555558, "centre_lon": 27.624097222222222, "radius_nm": null}, "geometry": {"type": "Polygon", "coordinates": [[[27.616944444444446, -26.471666666666664], [27.661666666666665, -26.502777777777776], [27.63277777777778, -26.529999999999998], [27.584999999999997, -26.49527777777778], [27.616944444444446, -26.471666666666664]]]}}, {"type": "Feature", "properties": {"index": 229, "id": "C4301/26", "location": "FAJA", "valid_from": "2608231200", "valid_to": "2608241600", "height_ft": 5470, "is_low": false, "text": "RANDBURG, GAUTENG (260557S 0275849E, 260555S 0275856E, 260600S\n0275856E, 260602S 0275851E): UAS OPS (395FT AGL) TAKING PLACE.", "centre_lat": -26.099583333333335, "centre_lon": 27.981388888888887, "radius_nm": null}, "geometry": {"type": "Polygon", "coordinates": [[[27.980277777777776, -26.099166666666665], [27.98222222222222, -26.09861111111111], [27.98222222222222, -26.1], [27.980833333333333, -26.100555555555555], [27.980277777777776, -26.099166666666665]]]}}, {"type": "Feature", "properties": {"index": 230, "id": "C4300/26", "location": "FAJA", "valid_from": "2608180700", "valid_to": "2611151400", "height_ft": 4995, "is_low": false, "text": "FAR 65, SASOL ONE, AREA BOUNDED BY (265000S 0275041E, 264959S\n0275044E, 265002S 0275045E, 265002S 0275044E): UAS OPS (100FT AGL)\nTAKING PLACE. CAMU REF: AV 15088.", "centre_lat": -26.83354166666666, "centre_lon": 27.84541666666666, "radius_nm": null}, "geometry": {"type": "Polygon", "coordinates": [[[27.84472222222222, -26.833333333333332], [27.845555555555553, -26.833055555555557], [27.84583333333333, -26.833888888888886], [27.845555555555553, -26.833888888888886], [27.84472222222222, -26.833333333333332]]]}}, {"type": "Feature", "properties": {"index": 231, "id": "C4299/26", "location": "FAJA", "valid_from": "2608171416", "valid_to": "2611141000", "height_ft": null, "is_low": false, "text": "85 ANDERSON, JOHANNESBURG, GAUTENG (261227.38S 0280236.47E,\n261227.18S 0280237.86E): 2X CRANE (271FT AGL) WITH DAY AND NGT\nMARKINGS ERECTED.\nC4298/26", "centre_lat": -26.183333333333334, "centre_lon": 28.05, "radius_nm": 1}, "geometry": {"type": "Point", "coordinates": [28.05, -26.183333333333334]}}, {"type": "Feature", "properties": {"index": 232, "id": "C4298/26", "location": "FASS", "valid_from": "2608171414", "valid_to": "2611141000", "height_ft": null, "is_low": false, "text": "RNAV-01 RWY 17 (DATED 14 SEP 2017) AND RNAV-01A RWY 17 (DATED 14 SEP\n2017) SUSPENDED.\nC4297/26", "centre_lat": -27.65, "centre_lon": 23.0, "radius_nm": 5}, "geometry": {"type": "Point", "coordinates": [23.0, -27.65]}}, {"type": "Feature", "properties": {"index": 233, "id": "C4297/26", "location": "FAPX", "valid_from": "2608171414", "valid_to": "2611141000", "height_ft": null, "is_low": false, "text": "RWY 08/26 LEN DECREASED TO 550M. DTHR 26 BY 450M.\nRWY DESIGNATION: TORA TODA ASDA LDA\n08               550 550 550 550\n26               550 550 550 550.\nC4292/26", "centre_lat": -34.1, "centre_lon": 24.883333333333333, "radius_nm": 5}, "geometry": {"type": "Point", "coordinates": [24.883333333333333, -34.1]}}, {"type": "Feature", "properties": {"index": 234, "id": "C4292/26", "location": "FAJA", "valid_from": "2608171020", "valid_to": "2611170400", "height_ft": 5649, "is_low": false, "text": "AREA BOUNDED BY (262602S 0273236E, 262336S 0273546E, 262408S\n0273826E, 262536S 0273754E, 262729S 0273748E, 262842S 0273521E,\n262842S 0273220E, 262708S 0273132E):REMOTELY PILOTED AIRCRAFT SYSTEMS\n(RPAS) OPS (400FT AGL) BEYOND VISUAL LINE OF SIGHT (BVLOS).", "centre_lat": -26.44038194444444, "centre_lon": 27.586909722222224, "radius_nm": null}, "geometry": {"type": "Polygon", "coordinates": [[[27.543333333333337, -26.433888888888887], [27.59611111111111, -26.393333333333334], [27.640555555555554, -26.40222222222222], [27.631666666666668, -26.42666666666667], [27.63, -26.458055555555553], [27.589166666666664, -26.47833333333333], [27.53888888888889, -26.47833333333333], [27.525555555555556, -26.452222222222222], [27.543333333333337, -26.433888888888887]]]}}, {"type": "Feature", "properties": {"index": 235, "id": "C4290/26", "location": "FAJA", "valid_from": "2608171030", "valid_to": "2611141030", "height_ft": 4225, "is_low": false, "text": "AREA BOUNDED BY (254120S 0273250E, 254042S 0273555E, 254032S\n0273742E, 254309S 0273827E, 254353S 0273822E, 254410S 0273702E,\n254409S 0273328E, 254305S 0273323E): UAS OPS (400FT AGL) TAKING PLACE\nBEYOND VISUAL LINE OF SIGHT (BVLOS).", "centre_lat": -25.71041666666667, "centre_lon": 27.598229166666663, "radius_nm": null}, "geometry": {"type": "Polygon", "coordinates": [[[27.547222222222224, -25.68888888888889], [27.59861111111111, -25.678333333333335], [27.628333333333334, -25.675555555555558], [27.640833333333333, -25.719166666666666], [27.639444444444443, -25.731388888888887], [27.61722222222222, -25.73611111111111], [27.55777777777778, -25.735833333333336], [27.55638888888889, -25.718055555555555], [27.547222222222224, -25.68888888888889]]]}}, {"type": "Feature", "properties": {"index": 236, "id": "C4288/26", "location": "FACA", "valid_from": "2608170920", "valid_to": "2608301415", "height_ft": 1916, "is_low": false, "text": "FAD46: INCREASED MIL FLY ACT. FREQ 124.8 MHZ.", "centre_lat": -32.583333333333336, "centre_lon": 18.516666666666666, "radius_nm": 40}, "geometry": {"type": "Point", "coordinates": [18.516666666666666, -32.583333333333336]}}, {"type": "Feature", "properties": {"index": 237, "id": "C4286/26", "location": "FAOH", "valid_from": "2608190500", "valid_to": "2611171100", "height_ft": null, "is_low": false, "text": "AFIS 131.1 MHZ HR OF SER CHG TO:\nMON-FRI 0500-1100. SER SUBJ AVBL.\nC4285/26", "centre_lat": -33.6, "centre_lon": 22.183333333333334, "radius_nm": 5}, "geometry": {"type": "Point", "coordinates": [22.183333333333334, -33.6]}}, {"type": "Feature", "properties": {"index": 238, "id": "C4285/26", "location": "FAJA", "valid_from": "2608170826", "valid_to": "2611141600", "height_ft": 4772, "is_low": false, "text": "MOGALAKWENA MINE, MOKOPANE, LIMPOPO (235430S 0285516E, 240117S\n0285824E, 240213S 0285311E, 235601S 0285041E): REMOTELY PILOTED\nAIRCRAFT SYSTEMS (RPAS) OPS (1000FT AGL) TAKING PLACE BEYOND VISUAL\nLINE OF SIGHT (BVLOS).", "centre_lat": -23.975069444444443, "centre_lon": 28.906388888888888, "radius_nm": null}, "geometry": {"type": "Polygon", "coordinates": [[[28.921111111111113, -23.90833333333333], [28.973333333333333, -24.02138888888889], [28.886388888888888, -24.036944444444448], [28.84472222222222, -23.933611111111112], [28.921111111111113, -23.90833333333333]]]}}, {"type": "Feature", "properties": {"index": 239, "id": "C4283/26", "location": "FAJA", "valid_from": "2608180000", "valid_to": "2611152359", "height_ft": 5095, "is_low": false, "text": "VEREENIGING, GAUTENG (264121S 0275531E, 264134S 0275554E, 264157S\n0275541E, 264152S 0275505E): UNMANNED AERIAL VEHICLE (UAV) OPS (400FT\nAGL) TAKING PLACE BEYOND VISUAL LINE OF SIGHT (BVLOS).", "centre_lat": -26.69472222222222, "centre_lon": 27.92576388888889, "radius_nm": null}, "geometry": {"type": "Polygon", "coordinates": [[[27.92527777777778, -26.689166666666665], [27.93166666666667, -26.692777777777778], [27.928055555555556, -26.699166666666667], [27.918055555555558, -26.697777777777777], [27.92527777777778, -26.689166666666665]]]}}, {"type": "Feature", "properties": {"index": 240, "id": "C4268/26", "location": "FAWB", "valid_from": "2608150530", "valid_to": "2611091000", "height_ft": null, "is_low": false, "text": "REDL 11/29 INTERMITTENT.\nC4267/26", "centre_lat": -25.65, "centre_lon": 28.216666666666665, "radius_nm": 5}, "geometry": {"type": "Point", "coordinates": [28.216666666666665, -25.65]}}, {"type": "Feature", "properties": {"index": 241, "id": "C4267/26", "location": "FAMG", "valid_from": "2608150417", "valid_to": "2611091000", "height_ft": null, "is_low": false, "text": "TAR ASPHALT DISINTEGRATING ON RWY 05/23 APRX 50M EAST OF MAIN APN\nABM WDI.\nC4259/26", "centre_lat": -30.85, "centre_lon": 30.35, "radius_nm": 5}, "geometry": {"type": "Point", "coordinates": [30.35, -30.85]}}, {"type": "Feature", "properties": {"index": 242, "id": "C4259/26", "location": "FAVB", "valid_from": "2608170000", "valid_to": "2611132359", "height_ft": 4394, "is_low": false, "text": "VRYBURG, NORTH WEST (265838S 0244837E, 265812S 0244920E, 265905S\n0245020E, 265929S 0244924E): UNMANNED AERIAL VEHICLE (UAV) OPS (400FT\nAGL) TAKING PLACE BEYOND VISUAL LINE OF SIGHT (BVLOS).", "centre_lat": -26.980833333333333, "centre_lon": 24.82368055555556, "radius_nm": null}, "geometry": {"type": "Polygon", "coordinates": [[[24.810277777777777, -26.97722222222222], [24.822222222222223, -26.97], [24.83888888888889, -26.984722222222224], [24.823333333333334, -26.99138888888889], [24.810277777777777, -26.97722222222222]]]}}, {"type": "Feature", "properties": {"index": 243, "id": "C4258/26", "location": "FAGM", "valid_from": "2608251300", "valid_to": "2608251900", "height_ft": 7000, "is_low": false, "text": "5KM (2.70 NM) RADIUS CENTERED AT ELLIS PARK STADIUM, JOHANNESBURG,\nGAUTENG (261151S 0280339E): REMOTELY PILOTED AIRCRAFT SYSTEMS (RPAS)\nW5-HC4XRP-CT - 24AUG26 0600 ATNS 34/111\nOPS AND CIVILIAN ACFT ARE REQUESTED TO REMAIN CLEAR OF THE AREA.", "centre_lat": -26.1975, "centre_lon": 28.060833333333335, "radius_nm": 3}, "geometry": {"type": "Point", "coordinates": [28.060833333333335, -26.1975]}}, {"type": "Feature", "properties": {"index": 244, "id": "C4255/26", "location": "FACA", "valid_from": "2608180000", "valid_to": "2611132359", "height_ft": 651, "is_low": true, "text": "PORT ELIZABETH QUARRIES, EASTERN CAPE (334653S 0252830E, 334543S\n0254038E, 334734S 0254040E, 335143S 0253332E): UAS OPS (400FT AGL)\nTAKING PLACE BEYOND VISUAL LINE OF SIGHT (BVLOS).", "centre_lat": -33.79951388888889, "centre_lon": 25.59722222222222, "radius_nm": null}, "geometry": {"type": "Polygon", "coordinates": [[[25.474999999999998, -33.78138888888889], [25.677222222222223, -33.761944444444445], [25.67777777777778, -33.79277777777778], [25.55888888888889, -33.86194444444445], [25.474999999999998, -33.78138888888889]]]}}, {"type": "Feature", "properties": {"index": 245, "id": "C4252/26", "location": "FACA", "valid_from": "2608141136", "valid_to": "2611112359", "height_ft": 1516, "is_low": false, "text": "AREA BOUND BY (341223S 0192325E, 341152S 0192651E, 341250S 0192738E,\n341345S 0192440E): REMOTELY PILOTED AIRCRAFT SYSTEMS (RPAS) OPR\n(400FT AGL) VISUAL LINE OF SIGHT (VLOS) TAKING PLACE.", "centre_lat": -34.21180555555556, "centre_lon": 19.42736111111111, "radius_nm": null}, "geometry": {"type": "Polygon", "coordinates": [[[19.390277777777776, -34.20638888888889], [19.4475, -34.19777777777777], [19.460555555555555, -34.21388888888889], [19.41111111111111, -34.22916666666667], [19.390277777777776, -34.20638888888889]]]}}, {"type": "Feature", "properties": {"index": 246, "id": "C4244/26", "location": "FAJA", "valid_from": "2608170000", "valid_to": "2608312359", "height_ft": 5887, "is_low": false, "text": "HOUGHTON GOLF CLUB, GAUTENG (260930S 0280355E, 260930S 0280406E,\n261004S 0280437E, 261003S 0280354E): UAS OPS (400FT AGL) TAKING PLACE\nBEYOND VISUAL LINE OF SIGHT (BVLOS).", "centre_lat": -26.162986111111113, "centre_lon": 28.068888888888885, "radius_nm": null}, "geometry": {"type": "Polygon", "coordinates": [[[28.06527777777778, -26.15833333333333], [28.06833333333333, -26.15833333333333], [28.076944444444443, -26.16777777777778], [28.065, -26.1675], [28.06527777777778, -26.15833333333333]]]}}, {"type": "Feature", "properties": {"index": 247, "id": "C4242/26", "location": "FACA", "valid_from": "2608170000", "valid_to": "2611162359", "height_ft": 790, "is_low": true, "text": "SEA POINT, WESTERN CAPE (335532S 0182321E, 335418S 0182430E, 335506S\n0182539E, 335610S 0182438E): UAS OPS (400FT AGL) TAKING PLACE BEYOND\nVISUAL LINE OF SIGHT (BVLOS).", "centre_lat": -33.92124999999999, "centre_lon": 18.40888888888889, "radius_nm": null}, "geometry": {"type": "Polygon", "coordinates": [[[18.389166666666664, -33.925555555555555], [18.40833333333333, -33.905], [18.427500000000002, -33.91833333333333], [18.410555555555554, -33.93611111111111], [18.389166666666664, -33.925555555555555]]]}}, {"type": "Feature", "properties": {"index": 248, "id": "C4238/26", "location": "FACA", "valid_from": "2608140500", "valid_to": "2609171700", "height_ft": 4392, "is_low": false, "text": "LOMBAARDSKRAAL PMA, WESTERN CAPE (321021S 0224952E, 321116S 0225107E,\n321159S 0225018E, 321100S 0224907E): UAS OPS (1000FT AGL) TAKING\nPLACE BEYOND VISUAL LINE OF SIGHT (BVLOS).", "centre_lat": -32.185833333333335, "centre_lon": 22.834999999999997, "radius_nm": null}, "geometry": {"type": "Polygon", "coordinates": [[[22.83111111111111, -32.1725], [22.851944444444445, -32.187777777777775], [22.83833333333333, -32.19972222222222], [22.81861111111111, -32.18333333333333], [22.83111111111111, -32.1725]]]}}, {"type": "Feature", "properties": {"index": 249, "id": "C4237/26", "location": "FAJA", "valid_from": "2608140500", "valid_to": "2609171700", "height_ft": 6814, "is_low": false, "text": "EXXARO BELFAST PMA, MPUMALANGA (254730S 0295600E, 254730S 0300030E,\n255100S 0300030E, 255100S 0295600E): UAS OPS (1000FT AGL) TAKING\nPLACE BEYOND VISUAL LINE OF SIGHT (BVLOS).", "centre_lat": -25.820833333333333, "centre_lon": 29.97083333333333, "radius_nm": null}, "geometry": {"type": "Polygon", "coordinates": [[[29.933333333333334, -25.791666666666668], [30.008333333333333, -25.791666666666668], [30.008333333333333, -25.85], [29.933333333333334, -25.85], [29.933333333333334, -25.791666666666668]]]}}, {"type": "Feature", "properties": {"index": 250, "id": "C4236/26", "location": "FAKL", "valid_from": "2608140500", "valid_to": "2609171700", "height_ft": 6286, "is_low": false, "text": "SERITI KRIEL MINE, MPUMALANGA (261050S 0290530E, 260741S 0291150E,\n262047S 0291956E, 262356S 0291336E): UAS OPS (1000FT AGL) TAKING\nPLACE BEYOND VISUAL LINE OF SIGHT (BVLOS).", "centre_lat": -26.263472222222223, "centre_lon": 29.21194444444444, "radius_nm": null}, "geometry": {"type": "Polygon", "coordinates": [[[29.091666666666665, -26.180555555555557], [29.197222222222223, -26.128055555555555], [29.33222222222222, -26.34638888888889], [29.226666666666667, -26.398888888888887], [29.091666666666665, -26.180555555555557]]]}}, {"type": "Feature", "properties": {"index": 251, "id": "C4235/26", "location": "FAJA", "valid_from": "2608140500", "valid_to": "2609171700", "height_ft": 5007, "is_low": false, "text": "DER BROCHEN MINE, LIMPOPO (250400S 0300400E, 245617S 0300617E,\n245734S 0301136E, 250517S 0300919E): UAS OPS (1000FT AGL) TAKING\nPLACE BEYOND VISUAL LINE OF SIGHT (BVLOS).", "centre_lat": -25.013055555555557, "centre_lon": 30.130000000000003, "radius_nm": null}, "geometry": {"type": "Polygon", "coordinates": [[[30.066666666666666, -25.066666666666666], [30.104722222222225, -24.938055555555557], [30.193333333333335, -24.959444444444443], [30.155277777777776, -25.088055555555556], [30.066666666666666, -25.066666666666666]]]}}, {"type": "Feature", "properties": {"index": 252, "id": "C4233/26", "location": "FAKR", "valid_from": "2609261100", "valid_to": "2609261600", "height_ft": 6500, "is_low": false, "text": "AEROBATICS DISPLAY TAKING PLACE.", "centre_lat": -26.083333333333332, "centre_lon": 27.733333333333334, "radius_nm": 5}, "geometry": {"type": "Point", "coordinates": [27.733333333333334, -26.083333333333332]}}, {"type": "Feature", "properties": {"index": 253, "id": "C4230/26", "location": "FAGC", "valid_from": "2608132200", "valid_to": "2608312159", "height_ft": 5023, "is_low": false, "text": "MIDRAND NORTH, GAUTENG (255221S 0281027E, 255847S 0281014E, 255909S\n0280259E, 255256S 0280308E): UAS OPS (200FT AGL) TAKING PLACE BEYOND\nVISUAL LINE OF SIGHT (BVLOS). FUA REF : MM 02/06-1.", "centre_lat": -25.930069444444445, "centre_lon": 28.111666666666668, "radius_nm": null}, "geometry": {"type": "Polygon", "coordinates": [[[28.174166666666668, -25.8725], [28.170555555555556, -25.97972222222222], [28.049722222222226, -25.985833333333336], [28.052222222222223, -25.88222222222222], [28.174166666666668, -25.8725]]]}}, {"type": "Feature", "properties": {"index": 254, "id": "C4225/26", "location": "FAMM", "valid_from": "2608130920", "valid_to": "2610301000", "height_ft": null, "is_low": false, "text": "GRASS CUTTING TAKING PLACE WI 50M OF RWY 04/22. 15MIN PN TO VACATE.\nC4221/26", "centre_lat": -25.8, "centre_lon": 25.55, "radius_nm": 5}, "geometry": {"type": "Point", "coordinates": [25.55, -25.8]}}, {"type": "Feature", "properties": {"index": 255, "id": "C4221/26", "location": "FAPT", "valid_from": "2608130617", "valid_to": "2611130500", "height_ft": 7965, "is_low": false, "text": "KOLOMELA MINE (281817S 0225630E, 281829S 0230315E, 282534S 0230321E,\n282527S 0225623E): REMOTELY PILOTED AIRCRAFT SYSTEMS (RPAS) OPS\n(400FT AGL) TAKING PLACE BEYOND VISUAL LINE OF SIGHT (BVLOS).", "centre_lat": -28.36576388888889, "centre_lon": 22.997847222222227, "radius_nm": null}, "geometry": {"type": "Polygon", "coordinates": [[[22.941666666666666, -28.304722222222225], [23.054166666666667, -28.308055555555555], [23.055833333333332, -28.426111111111112], [22.939722222222223, -28.424166666666668], [22.941666666666666, -28.304722222222225]]]}}, {"type": "Feature", "properties": {"index": 256, "id": "C4220/26", "location": "FAWI", "valid_from": "2608130526", "valid_to": "2610111700", "height_ft": 6300, "is_low": false, "text": "MIDDELBURG MINE SERVICES, MIDDELBURG, MPUMALANGA (254938S 0291422E,\n254935S 0293352E, 260954S 0293358E, 260957S 0291424E): REMOTELY\nPILOTED AIRCRAFT SYSTEMS (RPAS) OPS (1000FT AGL) TAKING PLACE BEYOND\nVISUAL LINE OF SIGHT (BVLOS).", "centre_lat": -25.996111111111112, "centre_lon": 29.402500000000003, "radius_nm": null}, "geometry": {"type": "Polygon", "coordinates": [[[29.239444444444445, -25.827222222222222], [29.564444444444444, -25.82638888888889], [29.566111111111113, -26.165], [29.240000000000002, -26.16583333333333], [29.239444444444445, -25.827222222222222]]]}}, {"type": "Feature", "properties": {"index": 257, "id": "C4214/26", "location": "FAGL", "valid_from": "2609170700", "valid_to": "2609241600", "height_ft": null, "is_low": false, "text": "AD CLSD TO FIXED WING TFC.\nC4213/26", "centre_lat": -25.183333333333334, "centre_lon": 29.4, "radius_nm": 5}, "geometry": {"type": "Point", "coordinates": [29.4, -25.183333333333334]}}, {"type": "Feature", "properties": {"index": 258, "id": "C4213/26", "location": "FAJA", "valid_from": "2608130500", "valid_to": "2610311500", "height_ft": 6179, "is_low": false, "text": "ROODEPOORT, GAUTENG (261009S 0275203E): UAS OPS (400FT AGL) TAKING\nPLACE.", "centre_lat": -26.16916666666667, "centre_lon": 27.8675, "radius_nm": 1}, "geometry": {"type": "Point", "coordinates": [27.8675, -26.16916666666667]}}, {"type": "Feature", "properties": {"index": 259, "id": "C4212/26", "location": "FASY", "valid_from": "2608130500", "valid_to": "2610311500", "height_ft": 5700, "is_low": false, "text": "PROTEA GLEN, GAUTENG (261549S 0274651E): UAS OPS (400FT AGL) TAKING\nPLACE.", "centre_lat": -26.26361111111111, "centre_lon": 27.780833333333334, "radius_nm": 1}, "geometry": {"type": "Point", "coordinates": [27.780833333333334, -26.26361111111111]}}, {"type": "Feature", "properties": {"index": 260, "id": "C4211/26", "location": "FAJA", "valid_from": "2608230900", "valid_to": "2608241200", "height_ft": 5471, "is_low": false, "text": "ROBIN HILLS, RANDBURG, GAUTENG (260649S 0275851E, 260649S 0275853E,\n260650S 0275852E, 260650S 0275851E): UAS OPS (395FT AGL) TAKING\nPLACE.", "centre_lat": -26.113750000000003, "centre_lon": 27.981041666666666, "radius_nm": null}, "geometry": {"type": "Polygon", "coordinates": [[[27.980833333333333, -26.113611111111112], [27.981388888888887, -26.113611111111112], [27.981111111111108, -26.11388888888889], [27.980833333333333, -26.11388888888889], [27.980833333333333, -26.113611111111112]]]}}, {"type": "Feature", "properties": {"index": 261, "id": "C4209/26", "location": "FAJA", "valid_from": "2608160500", "valid_to": "2611121700", "height_ft": 6569, "is_low": false, "text": "OPGOEDENHOOP, CAROLINA, MPUMALANGA (261000S 0294900E, 261000S\n0295100E, 261200S 0295100E, 261200S 0294900E): UNMANNED AIRCRAFT\nSYSTEM (UAS) OPS (1000FT AGL) TAKING PLACE BEYOND VISUAL LINE OF\nSIGHT (BVLOS).", "centre_lat": -26.183333333333334, "centre_lon": 29.833333333333336, "radius_nm": null}, "geometry": {"type": "Polygon", "coordinates": [[[29.816666666666666, -26.166666666666668], [29.85, -26.166666666666668], [29.85, -26.2], [29.816666666666666, -26.2], [29.816666666666666, -26.166666666666668]]]}}, {"type": "Feature", "properties": {"index": 262, "id": "C4208/26", "location": "FAJA", "valid_from": "2608160500", "valid_to": "2611121700", "height_ft": 3757, "is_low": false, "text": "ONVERWACHT SCHOOL PROJECT, LIMPOPO (234055S 0274205E, 234055S\n0274225E, 234115S 0274225E, 234115S 0274205E): UAS OPS (1000FT AGL)\nTAKING PLACE BEYOND VISUAL LINE OF SIGHT (BVLOS).", "centre_lat": -23.684722222222224, "centre_lon": 27.704166666666666, "radius_nm": null}, "geometry": {"type": "Polygon", "coordinates": [[[27.70138888888889, -23.681944444444447], [27.706944444444442, -23.681944444444447], [27.706944444444442, -23.6875], [27.70138888888889, -23.6875], [27.70138888888889, -23.681944444444447]]]}}, {"type": "Feature", "properties": {"index": 263, "id": "C4207/26", "location": "FAJA", "valid_from": "2608180500", "valid_to": "2609171700", "height_ft": 5007, "is_low": false, "text": "DER BROCHEN MINE, LIMPOPO (250400S 0300400E, 245617S 0300617E,\n245734S 0301136E, 250517S 0300919E): UAS OPS (1000FT AGL) TAKING\nPLACE BEYOND VISUAL LINE OF SIGHT (BVLOS).", "centre_lat": -25.013055555555557, "centre_lon": 30.130000000000003, "radius_nm": null}, "geometry": {"type": "Polygon", "coordinates": [[[30.066666666666666, -25.066666666666666], [30.104722222222225, -24.938055555555557], [30.193333333333335, -24.959444444444443], [30.155277777777776, -25.088055555555556], [30.066666666666666, -25.066666666666666]]]}}, {"type": "Feature", "properties": {"index": 264, "id": "C4206/26", "location": "FAJA", "valid_from": "2608150500", "valid_to": "2609171700", "height_ft": 6814, "is_low": false, "text": "EXXARO BELFAST PMA, MPUMALANGA (254730S 0295600E, 254730S 0300030E,\n255100S 0300030E, 255100S 0295600E): UAS OPS (1000FT AGL) TAKING\nPLACE BEYOND VISUAL LINE OF SIGHT (BVLOS).", "centre_lat": -25.820833333333333, "centre_lon": 29.97083333333333, "radius_nm": null}, "geometry": {"type": "Polygon", "coordinates": [[[29.933333333333334, -25.791666666666668], [30.008333333333333, -25.791666666666668], [30.008333333333333, -25.85], [29.933333333333334, -25.85], [29.933333333333334, -25.791666666666668]]]}}, {"type": "Feature", "properties": {"index": 265, "id": "C4204/26", "location": "FAWI", "valid_from": "2608140500", "valid_to": "2609171700", "height_ft": 5640, "is_low": false, "text": "KHWEZELA KROMDRAAI PMA, MPUMALANGA (254300S 0285900E, 254300S\n0290800E, 255100S 0290800E, 255100S 0285900E): UAS OPS (1000FT AGL)\nTAKING PLACE IN BEYOND VISUAL LINE OF SIGHT (BVLOS).", "centre_lat": -25.78333333333333, "centre_lon": 29.058333333333334, "radius_nm": null}, "geometry": {"type": "Polygon", "coordinates": [[[28.983333333333334, -25.716666666666665], [29.133333333333333, -25.716666666666665], [29.133333333333333, -25.85], [28.983333333333334, -25.85], [28.983333333333334, -25.716666666666665]]]}}, {"type": "Feature", "properties": {"index": 266, "id": "C4203/26", "location": "FAKL", "valid_from": "2608180500", "valid_to": "2609171700", "height_ft": 6286, "is_low": false, "text": "SERITI KRIEL MINE, MPUMALANGA (261050S 0290530E, 260741S 0291150E,\n262047S 0291956E, 262356S 0291336E): UAS OPS (1000FT AGL) TAKING\nPLACE BEYOND VISUAL LINE OF SIGHT (BVLOS).", "centre_lat": -26.263472222222223, "centre_lon": 29.21194444444444, "radius_nm": null}, "geometry": {"type": "Polygon", "coordinates": [[[29.091666666666665, -26.180555555555557], [29.197222222222223, -26.128055555555555], [29.33222222222222, -26.34638888888889], [29.226666666666667, -26.398888888888887], [29.091666666666665, -26.180555555555557]]]}}, {"type": "Feature", "properties": {"index": 267, "id": "C4201/26", "location": "FAJA", "valid_from": "2608140500", "valid_to": "2610151700", "height_ft": 5639, "is_low": false, "text": "CHILWAVHUSIKU MINE, LIMPOPO (254600S 0284700E, 254600S 0284900E,\n254800S 0284900E, 254800S 0284700E): UAS OPS (1000FT AGL) TAKING\nPLACE BEYOND VISUAL LINE OF SIGHT (BVLOS).", "centre_lat": -25.78333333333333, "centre_lon": 28.8, "radius_nm": null}, "geometry": {"type": "Polygon", "coordinates": [[[28.783333333333335, -25.766666666666666], [28.816666666666666, -25.766666666666666], [28.816666666666666, -25.8], [28.783333333333335, -25.8], [28.783333333333335, -25.766666666666666]]]}}, {"type": "Feature", "properties": {"index": 268, "id": "C4200/26", "location": "FAJA", "valid_from": "2608140500", "valid_to": "2611111700", "height_ft": 6341, "is_low": false, "text": "KOORNFONTEIN AND LEEUWFONTEIN PMA, MPUMALANGA (260530S 0292300E,\n260400S 0292800E, 261025S 0293040E, 261200S 0292535E): UAS OPS\n(1000FT AGL) TAKING PLACE BEYOND VISUAL LINE OF SIGHT (BVLOS).", "centre_lat": -26.132986111111112, "centre_lon": 29.446875000000002, "radius_nm": null}, "geometry": {"type": "Polygon", "coordinates": [[[29.383333333333333, -26.091666666666665], [29.466666666666665, -26.066666666666666], [29.511111111111113, -26.17361111111111], [29.42638888888889, -26.2], [29.383333333333333, -26.091666666666665]]]}}, {"type": "Feature", "properties": {"index": 269, "id": "C4199/26", "location": "FAJA", "valid_from": "2608140500", "valid_to": "2611111700", "height_ft": 4044, "is_low": false, "text": "AFRIMAT KWASTINA PMA, LIMPOPO (235213S 0270914E, 235133S 0270951E,\n235210S 0271027E, 235242S 0271052E): UAS OPS (1000FT AGL) TAKING\nPLACE BEYOND VISUAL LINE OF SIGHT (BVLOS).", "centre_lat": -23.869305555555556, "centre_lon": 27.168333333333333, "radius_nm": null}, "geometry": {"type": "Polygon", "coordinates": [[[27.153888888888886, -23.87027777777778], [27.164166666666667, -23.859166666666667], [27.174166666666668, -23.869444444444444], [27.18111111111111, -23.878333333333334], [27.153888888888886, -23.87027777777778]]]}}, {"type": "Feature", "properties": {"index": 270, "id": "C4198/26", "location": "FAJA", "valid_from": "2608140500", "valid_to": "2611111700", "height_ft": 4901, "is_low": false, "text": "ESTCOURT NATIONAL ASPHALT PMA, KWAZULU-NATAL (285925S 0295235E,\n285925S 0295315E, 290025S 0295315E, 290025S 0295235E): UAS OPS\n(1000FT AGL) TAKING PLACE BEYOND VISUAL LINE OF SIGHT (BVLOS).", "centre_lat": -28.99861111111111, "centre_lon": 29.881944444444443, "radius_nm": null}, "geometry": {"type": "Polygon", "coordinates": [[[29.87638888888889, -28.990277777777777], [29.8875, -28.990277777777777], [29.8875, -29.006944444444443], [29.87638888888889, -29.006944444444443], [29.87638888888889, -28.990277777777777]]]}}, {"type": "Feature", "properties": {"index": 271, "id": "C4197/26", "location": "FAXX", "valid_from": "2608140500", "valid_to": "2610111700", "height_ft": 4836, "is_low": false, "text": "AIRSPAN EXECUTIVE (254549.38S 0271921.98E): BUFFELSPOORT, NORTH WEST\n(254420S 0271940E, 254420S 0272020E, 254500S 0272020E, 254500S\n0271940E): UAS OPS  (1000FT AGL) TAKING PLACE BEYOND VISUAL LINE OF\nSIGHT (BVLOS).", "centre_lat": -25.744444444444447, "centre_lon": 27.333333333333336, "radius_nm": null}, "geometry": {"type": "Polygon", "coordinates": [[[27.32777777777778, -25.73888888888889], [27.33888888888889, -25.73888888888889], [27.33888888888889, -25.75], [27.32777777777778, -25.75], [27.32777777777778, -25.73888888888889]]]}}, {"type": "Feature", "properties": {"index": 272, "id": "C4196/26", "location": "FAJA", "valid_from": "2608140500", "valid_to": "2609171700", "height_ft": 4904, "is_low": false, "text": "COROBRIK POLOKWANE PMA, LIMPOPO (235315S 0293050E, 235315S 0293120E,\n235355S 0293120E, 235355S 0293050E): UAS OPS (400FT AGL) TAKING PLACE\nWI VISUAL LINE OF SIGHT (VLOS). FUA REF: AV 07/08-7.\nW5-HC4XRP-CT - 24AUG26 0600 ATNS 38/111", "centre_lat": -23.893055555555556, "centre_lon": 29.518055555555556, "radius_nm": null}, "geometry": {"type": "Polygon", "coordinates": [[[29.51388888888889, -23.8875], [29.522222222222222, -23.8875], [29.522222222222222, -23.898611111111112], [29.51388888888889, -23.898611111111112], [29.51388888888889, -23.8875]]]}}, {"type": "Feature", "properties": {"index": 273, "id": "C4195/26", "location": "FAJA", "valid_from": "2608140500", "valid_to": "2611111700", "height_ft": 6062, "is_low": false, "text": "KLIPSPRUIT MINE PMA, MPUMALANGA (255700S 0290500E, 260000S 0290810E,\n260540S 0290100E, 260240S 0285750E): UAS (1000FT AGL) OPS TAKING\nPLACE BEYOND VISUAL LINE OF SIGHT (BVLOS).", "centre_lat": -26.022222222222226, "centre_lon": 29.05, "radius_nm": null}, "geometry": {"type": "Polygon", "coordinates": [[[29.083333333333332, -25.95], [29.13611111111111, -26.0], [29.016666666666666, -26.094444444444445], [28.96388888888889, -26.044444444444448], [29.083333333333332, -25.95]]]}}, {"type": "Feature", "properties": {"index": 274, "id": "C4194/26", "location": "FACA", "valid_from": "2608140500", "valid_to": "2610151700", "height_ft": 1000, "is_low": false, "text": "AFRISAM RHEEBOK PMA, WESTERN CAPE (332300S 0184200E, 332300S\n0184300E, 332400S 0184300E, 332400S 0184200E): UAS OPS TAKING PLACE\nBEYOND VISUAL LINE OF SIGHT (BVLOS).", "centre_lat": -33.391666666666666, "centre_lon": 18.708333333333332, "radius_nm": null}, "geometry": {"type": "Polygon", "coordinates": [[[18.7, -33.38333333333333], [18.716666666666665, -33.38333333333333], [18.716666666666665, -33.4], [18.7, -33.4], [18.7, -33.38333333333333]]]}}, {"type": "Feature", "properties": {"index": 275, "id": "C4193/26", "location": "FAJA", "valid_from": "2608140500", "valid_to": "2610151700", "height_ft": 5675, "is_low": false, "text": "CULLINAN PMA, GAUTENG (254100S 0283000E, 254100S 0283200E, 254700S\n0282900E, 254600S 0282800E): UAS OPS (1000FT AGL) TAKING PLACE IN\nBEYOND VISUAL LINE OF SIGHT (BVLOS).", "centre_lat": -25.729166666666668, "centre_lon": 28.495833333333334, "radius_nm": null}, "geometry": {"type": "Polygon", "coordinates": [[[28.5, -25.683333333333334], [28.533333333333335, -25.683333333333334], [28.483333333333334, -25.783333333333335], [28.466666666666665, -25.766666666666666], [28.5, -25.683333333333334]]]}}, {"type": "Feature", "properties": {"index": 276, "id": "C4192/26", "location": "FAJA", "valid_from": "2608140500", "valid_to": "2611111700", "height_ft": 6490, "is_low": false, "text": "MAVUNGWANI MINE PMA, GOEDEHOOP, NORTH WEST (260900S 0295100E,\n260900S 0295300E, 261100S 0295300E, 261100S 0295100E): UAS OPS\n(1000FT AGL) TAKING PLACE BEYOND VISUAL LINE OF SIGHT (BVLOS).", "centre_lat": -26.166666666666668, "centre_lon": 29.866666666666667, "radius_nm": null}, "geometry": {"type": "Polygon", "coordinates": [[[29.85, -26.15], [29.883333333333333, -26.15], [29.883333333333333, -26.183333333333334], [29.85, -26.183333333333334], [29.85, -26.15]]]}}, {"type": "Feature", "properties": {"index": 277, "id": "C4191/26", "location": "FAJA", "valid_from": "2608140500", "valid_to": "2610151700", "height_ft": 6141, "is_low": false, "text": "VANDYKSDRIF PMA, MPUMALANGA (260400S 0291700E, 260400S 0292000E,\n260600S 0292000E, 260600S 0291700E): UAS OPS (1000FT AGL) TAKING\nPLACE BEYOND VISUAL LINE OF SIGHT (BVLOS).", "centre_lat": -26.083333333333336, "centre_lon": 29.308333333333334, "radius_nm": null}, "geometry": {"type": "Polygon", "coordinates": [[[29.283333333333335, -26.066666666666666], [29.333333333333332, -26.066666666666666], [29.333333333333332, -26.1], [29.283333333333335, -26.1], [29.283333333333335, -26.066666666666666]]]}}, {"type": "Feature", "properties": {"index": 278, "id": "C4190/26", "location": "FASI", "valid_from": "2608140500", "valid_to": "2611111700", "height_ft": 6305, "is_low": false, "text": "COROBRIK, SPRINGS, GAUTENG (261700S 0282430E, 261700S 0282600E,\n261830S 0282600E, 261830S 0282430E): UAS OPS (1000FT AGL) TAKING\nPLACE BEYOND VISUAL LINE OF SIGHT (BVLOS).", "centre_lat": -26.295833333333334, "centre_lon": 28.420833333333334, "radius_nm": null}, "geometry": {"type": "Polygon", "coordinates": [[[28.40833333333333, -26.283333333333335], [28.433333333333334, -26.283333333333335], [28.433333333333334, -26.308333333333334], [28.40833333333333, -26.308333333333334], [28.40833333333333, -26.283333333333335]]]}}, {"type": "Feature", "properties": {"index": 279, "id": "C4189/26", "location": "FAWN", "valid_from": "2608140500", "valid_to": "2610151700", "height_ft": 1367, "is_low": false, "text": "PHESANTEKRAAL PMA, WESTERN CAPE (334629S 0184109E, 334719S 0184208E,\n334758S 0184116E, 334708S 0184018E): UAS OPS (1000FT AGL) TAKING\nW5-HC4XRP-CT - 24AUG26 0600 ATNS 39/111\nPLACE IN BEYOND VISUAL LINE OF SIGHT (BVLOS).", "centre_lat": -33.787083333333335, "centre_lon": 18.686875, "radius_nm": null}, "geometry": {"type": "Polygon", "coordinates": [[[18.685833333333335, -33.77472222222222], [18.702222222222222, -33.78861111111111], [18.68777777777778, -33.79944444444444], [18.671666666666667, -33.785555555555554], [18.685833333333335, -33.77472222222222]]]}}, {"type": "Feature", "properties": {"index": 280, "id": "C4188/26", "location": "FAJA", "valid_from": "2608140500", "valid_to": "2610151700", "height_ft": 6746, "is_low": false, "text": "DROOGVALLEI-ILIMA SIDING PMA, MPUMALANGA (260330S 0300730E, 260330S\n0301100E, 260630S 0301100E, 260630S 0300730E): UAS OPS (1000FT AGL)\nTAKING PLACE BEYOND VISUAL LINE OF SIGHT (BVLOS)", "centre_lat": -26.083333333333332, "centre_lon": 30.15416666666667, "radius_nm": null}, "geometry": {"type": "Polygon", "coordinates": [[[30.125, -26.058333333333334], [30.183333333333334, -26.058333333333334], [30.183333333333334, -26.108333333333334], [30.125, -26.108333333333334], [30.125, -26.058333333333334]]]}}, {"type": "Feature", "properties": {"index": 281, "id": "C4187/26", "location": "FAJA", "valid_from": "2608140500", "valid_to": "2610151700", "height_ft": 5484, "is_low": false, "text": "COROBRIK ODENDALSRUS PMA, FREE STATE (275500S 0264300E, 275500S\n0264400E, 275600S 0264400E, 275600S 0264300E): UAS OPS (1000FT AGL)\nTAKING PLACE BEYOND VISUAL LINE OF SIGHT (BVLOS).", "centre_lat": -27.925, "centre_lon": 26.725, "radius_nm": null}, "geometry": {"type": "Polygon", "coordinates": [[[26.716666666666665, -27.916666666666668], [26.733333333333334, -27.916666666666668], [26.733333333333334, -27.933333333333334], [26.716666666666665, -27.933333333333334], [26.716666666666665, -27.916666666666668]]]}}, {"type": "Feature", "properties": {"index": 282, "id": "C4186/26", "location": "FAEO", "valid_from": "2608140500", "valid_to": "2610151700", "height_ft": 6536, "is_low": false, "text": "ANTHRA SIDING PMA, MPUMALANGA (263300S 0300000E, 263300S 0300300E,\n263500S 0300300E, 263500S 0300000E): UAS OPS (1000FT AGL) TAKING\nPLACE IN BEYOND VISUAL LINE OF SIGHT (BVLOS).", "centre_lat": -26.566666666666666, "centre_lon": 30.025, "radius_nm": null}, "geometry": {"type": "Polygon", "coordinates": [[[30.0, -26.55], [30.05, -26.55], [30.05, -26.583333333333332], [30.0, -26.583333333333332], [30.0, -26.55]]]}}, {"type": "Feature", "properties": {"index": 283, "id": "C4181/26", "location": "FAJA", "valid_from": "2608140500", "valid_to": "2610151700", "height_ft": 4747, "is_low": false, "text": "BUSHVELD VAMETCO PMA, NORTH WEST (253300S 0275130E, 253300S 0275500E,\n253530S 0275500E, 253530S 0275130E): UAS OPS (1000FT AGL) TAKING\nPLACE BEYOND VISUAL LINE OF SIGHT (BVLOS).", "centre_lat": -25.570833333333333, "centre_lon": 27.887500000000003, "radius_nm": null}, "geometry": {"type": "Polygon", "coordinates": [[[27.858333333333334, -25.55], [27.916666666666668, -25.55], [27.916666666666668, -25.591666666666665], [27.858333333333334, -25.591666666666665], [27.858333333333334, -25.55]]]}}, {"type": "Feature", "properties": {"index": 284, "id": "C4175/26", "location": "FAVM", "valid_from": "2608140500", "valid_to": "2609171700", "height_ft": 3111, "is_low": false, "text": "VENETIA MINE, LIMPOPO (222300S 0291600E, 222300S 0292200E, 222800S\n0292200E, 222800S 0291600E): UAS OPS (1000FT AGL) TAKING PLACE BEYOND\nVISUAL LINE OF SIGHT (BVLOS).", "centre_lat": -22.425, "centre_lon": 29.316666666666666, "radius_nm": null}, "geometry": {"type": "Polygon", "coordinates": [[[29.266666666666666, -22.383333333333333], [29.366666666666667, -22.383333333333333], [29.366666666666667, -22.466666666666665], [29.266666666666666, -22.466666666666665], [29.266666666666666, -22.383333333333333]]]}}, {"type": "Feature", "properties": {"index": 285, "id": "C4173/26", "location": "FAWI", "valid_from": "2608140500", "valid_to": "2610151700", "height_ft": 5999, "is_low": false, "text": "PEGASUS MINE PMA, MPUMALANGA (254400S 0291200E, 254400S 0291600E,\n254800S 0291600E, 254800S 0291200E): UAS OPS (1000FT AGL) TAKING\nPLACE BEYOND VISUAL LINE OF SIGHT (BVLOS).", "centre_lat": -25.766666666666666, "centre_lon": 29.233333333333334, "radius_nm": null}, "geometry": {"type": "Polygon", "coordinates": [[[29.2, -25.733333333333334], [29.266666666666666, -25.733333333333334], [29.266666666666666, -25.8], [29.2, -25.8], [29.2, -25.733333333333334]]]}}, {"type": "Feature", "properties": {"index": 286, "id": "C4172/26", "location": "FAWI", "valid_from": "2608140500", "valid_to": "2609171700", "height_ft": 6119, "is_low": false, "text": "KHWEZELA NAVIGATION LIFEX, MPUMALANGA (255230S 0290800E, 255230S\n0291200E, 255630S 0291200E, 255630S 0290800E): UAS OPS (1000FT AGL)\nW5-HC4XRP-CT - 24AUG26 0600 ATNS 40/111\nTAKING PLACE BEYOND VISUAL LINE OF SIGHT (BVLOS).", "centre_lat": -25.90833333333333, "centre_lon": 29.166666666666664, "radius_nm": null}, "geometry": {"type": "Polygon", "coordinates": [[[29.133333333333333, -25.875], [29.2, -25.875], [29.2, -25.941666666666666], [29.133333333333333, -25.941666666666666], [29.133333333333333, -25.875]]]}}, {"type": "Feature", "properties": {"index": 287, "id": "C4170/26", "location": "FAJA", "valid_from": "2608140500", "valid_to": "2609171700", "height_ft": 6432, "is_low": false, "text": "MAFUBE MINE, MPUMALANGA (254200S 0294230E, 254200S 0294800E, 255000S\n0294800E, 255000S 0294230E): UAS OPS (1000FT AGL) TAKING PLACE BEYOND\nVISUAL LINE OF SIGHT (BVLOS).", "centre_lat": -25.766666666666666, "centre_lon": 29.754166666666666, "radius_nm": null}, "geometry": {"type": "Polygon", "coordinates": [[[29.708333333333332, -25.7], [29.8, -25.7], [29.8, -25.833333333333332], [29.708333333333332, -25.833333333333332], [29.708333333333332, -25.7]]]}}, {"type": "Feature", "properties": {"index": 288, "id": "C4149/26", "location": "FAJA", "valid_from": "2608120000", "valid_to": "2611092359", "height_ft": 3886, "is_low": false, "text": "HODGSONS, FAIRFIELD MILL, KWAZULU-NATAL (291250S 0303249E, 291249S\n0303256E, 291300S 0303259E, 291302S 0303252E): UNMANNED AERIAL\nVEHICLE (UAV) OPS (400FT AGL) TAKING PLACE.", "centre_lat": -29.21534722222222, "centre_lon": 30.548333333333336, "radius_nm": null}, "geometry": {"type": "Polygon", "coordinates": [[[30.546944444444446, -29.21388888888889], [30.54888888888889, -29.21361111111111], [30.549722222222226, -29.216666666666665], [30.547777777777778, -29.21722222222222], [30.546944444444446, -29.21388888888889]]]}}, {"type": "Feature", "properties": {"index": 289, "id": "C4148/26", "location": "FAGY", "valid_from": "2608111248", "valid_to": "2611072359", "height_ft": 3814, "is_low": false, "text": "AREA BOUNDED BY (290528S 0303108E, 290614S 0304402E, 290902S\n0304435E, 290807S 0303149E): UNMANNED AERIAL VEHICLE (UAV) OPS (400FT\nAGL) TAKING PLACE BEYOND VISUAL LINE OF SIGHT (BVLOS).", "centre_lat": -29.12020833333333, "centre_lon": 30.631527777777777, "radius_nm": null}, "geometry": {"type": "Polygon", "coordinates": [[[30.51888888888889, -29.09111111111111], [30.733888888888888, -29.10388888888889], [30.743055555555557, -29.150555555555552], [30.530277777777776, -29.135277777777777], [30.51888888888889, -29.09111111111111]]]}}, {"type": "Feature", "properties": {"index": 290, "id": "C4146/26", "location": "FACA", "valid_from": "2608111244", "valid_to": "2611082359", "height_ft": 1550, "is_low": false, "text": "AREA BOUNDED BY (325017S 0274924E, 325006S 0275020E, 325059S\n0275047E, 325106S 0275004E): UNMANNED AERIAL VEHICLE (UAV)\nOPS (400FT AGL) TAKING PLACE BEYOND VISUAL LINE OF SIGHT (BVLOS).", "centre_lat": -32.84361111111111, "centre_lon": 27.83576388888889, "radius_nm": null}, "geometry": {"type": "Polygon", "coordinates": [[[27.823333333333334, -32.838055555555556], [27.83888888888889, -32.835], [27.84638888888889, -32.849722222222226], [27.834444444444443, -32.85166666666667], [27.823333333333334, -32.838055555555556]]]}}, {"type": "Feature", "properties": {"index": 291, "id": "C4145/26", "location": "FAFO", "valid_from": "2608130000", "valid_to": "2611092359", "height_ft": 2270, "is_low": false, "text": "STUTT KLU KLU, KWAMAQOMA, EASTERN CAPE (324800S 0263134E, 324752S\n0263151E, 324800S 0263155E, 324805S 0263139E): UNMANNED AERIAL\nVEHICLE (UAV) OPS (400FT) TAKING PLACE BEYOND VISUAL LINE OF SIGHT\n(BVLOS).", "centre_lat": -32.799791666666664, "centre_lon": 26.529097222222223, "radius_nm": null}, "geometry": {"type": "Polygon", "coordinates": [[[26.52611111111111, -32.8], [26.530833333333334, -32.797777777777775], [26.531944444444445, -32.8], [26.5275, -32.80138888888889], [26.52611111111111, -32.8]]]}}, {"type": "Feature", "properties": {"index": 292, "id": "C4144/26", "location": "FACA", "valid_from": "2608130000", "valid_to": "2611092359", "height_ft": 3309, "is_low": false, "text": "STUTT DUNREE, STUTTERHEIM, EASTERN CAPE (323659S 0272752E,323704S\n0272818E, 323725S 0272813E, 323722S 0272754E): UNMANNED AERIAL\nVEHICLE (UAV) OPS (400FT) TAKING PLACE BEYOND VISUAL LINE OF SIGHT\n(BVLOS).", "centre_lat": -32.62013888888889, "centre_lon": 27.467847222222222, "radius_nm": null}, "geometry": {"type": "Polygon", "coordinates": [[[27.464444444444442, -32.61638888888889], [27.471666666666664, -32.617777777777775], [27.470277777777778, -32.62361111111111], [27.465, -32.62277777777778], [27.464444444444442, -32.61638888888889]]]}}, {"type": "Feature", "properties": {"index": 293, "id": "C4143/26", "location": "FAJA", "valid_from": "2608120000", "valid_to": "2611092359", "height_ft": 5609, "is_low": false, "text": "ELDERS COLLIERY, MPUMALANGA (260122S 0292619E, 260136S 0293100E,\n261546S 0293047E, 261520S 0292619E): UNMANNED AERIAL VEHICLE (UAV)\nOPS (400FT AGL) TAKING PLACE BEYOND VISUAL LINE OF SIGHT (BVLOS).", "centre_lat": -26.141944444444448, "centre_lon": 29.476736111111112, "radius_nm": null}, "geometry": {"type": "Polygon", "coordinates": [[[29.43861111111111, -26.022777777777776], [29.516666666666666, -26.026666666666667], [29.513055555555557, -26.262777777777778], [29.43861111111111, -26.255555555555556], [29.43861111111111, -26.022777777777776]]]}}, {"type": "Feature", "properties": {"index": 294, "id": "C4138/26", "location": "FAKD", "valid_from": "2608111045", "valid_to": "2609222359", "height_ft": 4707, "is_low": false, "text": "HARMONY, NORTH WEST (265945S 0264149E, 264638S 0264607E, 264902S\n0265725E, 265946S 0265321E, 270134S 0264734E): UAS OPS (400FT AGL)\nTAKING PLACE BEYOND VISUAL LINE OF SIGHT (BVLOS).", "centre_lat": -26.922499999999996, "centre_lon": 26.82088888888889, "radius_nm": null}, "geometry": {"type": "Polygon", "coordinates": [[[26.696944444444444, -26.995833333333334], [26.76861111111111, -26.77722222222222], [26.956944444444442, -26.81722222222222], [26.889166666666664, -26.996111111111112], [26.79277777777778, -27.02611111111111], [26.696944444444444, -26.995833333333334]]]}}, {"type": "Feature", "properties": {"index": 295, "id": "C4134/26", "location": "FAJA", "valid_from": "2608110934", "valid_to": "2610102359", "height_ft": 4453, "is_low": false, "text": "ROOIBERG ASPHALT NABOOMSPRUIT (242906S 0283907E, 242824S 0283949E,\n242853S 0284023E, 242930S 0283931E): UNMANNED AERIAL VEHICLE (UAV)\nOPS (400FT AGL) TAKING PLACE BEYOND VISUAL LINE OF SIGHT (BVLOS).", "centre_lat": -24.48284722222222, "centre_lon": 28.661805555555556, "radius_nm": null}, "geometry": {"type": "Polygon", "coordinates": [[[28.651944444444442, -24.485], [28.66361111111111, -24.473333333333333], [28.673055555555557, -24.481388888888887], [28.65861111111111, -24.491666666666667], [28.651944444444442, -24.485]]]}}, {"type": "Feature", "properties": {"index": 296, "id": "C4132/26", "location": "FAKL", "valid_from": "2608110920", "valid_to": "2610222359", "height_ft": 5427, "is_low": false, "text": "NEW CLYDESDALE, MPUMALANGA (260957S 0291200E, 260533S 0291537E,\n261114S 0291948E, 261029S 0291300E): UAS OPS (400FT AGL) TAKING PLACE\nBEYOND VISUAL LINE OF SIGHT (BVLOS).", "centre_lat": -26.155069444444443, "centre_lon": 29.25173611111111, "radius_nm": null}, "geometry": {"type": "Polygon", "coordinates": [[[29.2, -26.16583333333333], [29.260277777777777, -26.092499999999998], [29.33, -26.18722222222222], [29.216666666666665, -26.174722222222222], [29.2, -26.16583333333333]]]}}, {"type": "Feature", "properties": {"index": 297, "id": "C4131/26", "location": "FAWB", "valid_from": "2608110920", "valid_to": "2610222359", "height_ft": 4368, "is_low": false, "text": "GIJIMA, GAUTENG (253021S 0281357E, 253147S 0281946E, 253646S\n0281845E, 253554S 0281207E): UAS OPS (400FT AGL) TAKING PLACE BEYOND\nVISUAL LINE OF SIGHT (BVLOS).", "centre_lat": -25.561666666666667, "centre_lon": 28.26909722222222, "radius_nm": null}, "geometry": {"type": "Polygon", "coordinates": [[[28.232499999999998, -25.50583333333333], [28.329444444444444, -25.529722222222222], [28.3125, -25.61277777777778], [28.201944444444443, -25.598333333333333], [28.232499999999998, -25.50583333333333]]]}}, {"type": "Feature", "properties": {"index": 298, "id": "C4130/26", "location": "FACG", "valid_from": "2608110918", "valid_to": "2611021000", "height_ft": null, "is_low": false, "text": "ZIPLINE INSTL FM POINT 341332S 0192923E TO POINT 341134S 0192925E.\nSPANNING APRX 3.2KM IN LEN.\nC4129/26", "centre_lat": -34.2, "centre_lon": 19.483333333333334, "radius_nm": 2}, "geometry": {"type": "Point", "coordinates": [19.483333333333334, -34.2]}}, {"type": "Feature", "properties": {"index": 299, "id": "C4129/26", "location": "FAJA", "valid_from": "2608110858", "valid_to": "2610282359", "height_ft": 4341, "is_low": false, "text": "AREA BOUNDED BY (293505S 0301534E, 293450S 0301552E, 293453S\n0301624E, 293518S 0301559E): UAS OPS (400FT AGL) TAKING PLACE WI\nVISUAL LINE OF SIGHT (VLOS).", "centre_lat": -29.583750000000002, "centre_lon": 30.265902777777775, "radius_nm": null}, "geometry": {"type": "Polygon", "coordinates": [[[30.259444444444444, -29.584722222222222], [30.264444444444443, -29.580555555555556], [30.273333333333333, -29.58138888888889], [30.26638888888889, -29.58833333333333], [30.259444444444444, -29.584722222222222]]]}}, {"type": "Feature", "properties": {"index": 300, "id": "C4128/26", "location": "FAJA", "valid_from": "2608110852", "valid_to": "2611042359", "height_ft": 4949, "is_low": false, "text": "SISHEN MINE, NORTHERN CAPE (274104S 0225428E, 274129S 0230219E,\n274927S 0230250E, 274912S 0225601E): REMOTELY PILOTED AIRCRAFT\nSYSTEMS (RPAS) OPS (1000FT AGL) TAKING PLACE BEYOND VISUAL LINE OF\nSIGHT (BVLOS).", "centre_lat": -27.755000000000003, "centre_lon": 22.981805555555553, "radius_nm": null}, "geometry": {"type": "Polygon", "coordinates": [[[22.907777777777778, -27.684444444444445], [23.038611111111113, -27.691388888888888], [23.047222222222224, -27.824166666666667], [22.933611111111112, -27.82], [22.907777777777778, -27.684444444444445]]]}}, {"type": "Feature", "properties": {"index": 301, "id": "C4126/26", "location": "FAMJ", "valid_from": "2608112100", "valid_to": "2611080500", "height_ft": 5976, "is_low": false, "text": "UAS OPS (400FT AGL) TAKING PLACE.\nW5-HC4XRP-CT - 24AUG26 0600 ATNS 42/111", "centre_lat": -27.083333333333332, "centre_lon": 29.783333333333335, "radius_nm": 1}, "geometry": {"type": "Point", "coordinates": [29.783333333333335, -27.083333333333332]}}, {"type": "Feature", "properties": {"index": 302, "id": "C4125/26", "location": "FAKT", "valid_from": "2608110705", "valid_to": "2611021000", "height_ft": null, "is_low": false, "text": "POWERLINE PYLONS AND POWERLINES ON APCH RWY 01 APRX 1900M FM THR TO\nTHE SOUTH (154M AGL).\nC4120/26", "centre_lat": -25.866666666666667, "centre_lon": 28.45, "radius_nm": 5}, "geometry": {"type": "Point", "coordinates": [28.45, -25.866666666666667]}}, {"type": "Feature", "properties": {"index": 303, "id": "C4120/26", "location": "FAJA", "valid_from": "2608110400", "valid_to": "2611080359", "height_ft": 5400, "is_low": false, "text": "WYNBERG TO ALEXANDRA, GAUTENG (260530S 0280509E, 260503S 0280650E,\n260637S 0280723E, 260653S 0280433E): UAS OPS (400FT AGL) TAKING PLACE\nBEYOND VISUAL LINE OF SIGHT (BVLOS).", "centre_lat": -26.100208333333335, "centre_lon": 28.099652777777777, "radius_nm": null}, "geometry": {"type": "Polygon", "coordinates": [[[28.085833333333333, -26.091666666666665], [28.11388888888889, -26.084166666666665], [28.123055555555556, -26.110277777777778], [28.075833333333332, -26.114722222222223], [28.085833333333333, -26.091666666666665]]]}}, {"type": "Feature", "properties": {"index": 304, "id": "C4116/26", "location": "FAWN", "valid_from": "2608110600", "valid_to": "2608311500", "height_ft": 1574, "is_low": false, "text": "CAPE WINELANDS, WESTERN CAPE (334835S 0185052E, 334952S 0184842E,\n335349S 0185002E, 335345S 0185130E): UAS OPS (1000FT AGL) TAKING\nPLACE BEYOND VISUAL LINE OF SIGHT (BVLOS). CAMU REF: AV 06/08-1.", "centre_lat": -33.858402777777776, "centre_lon": 18.837916666666665, "radius_nm": null}, "geometry": {"type": "Polygon", "coordinates": [[[18.847777777777775, -33.80972222222222], [18.811666666666667, -33.83111111111111], [18.833888888888886, -33.89694444444444], [18.858333333333334, -33.895833333333336], [18.847777777777775, -33.80972222222222]]]}}, {"type": "Feature", "properties": {"index": 305, "id": "C4115/26", "location": "FAWN", "valid_from": "2608110600", "valid_to": "2608311500", "height_ft": 1574, "is_low": false, "text": "AREA BOUNDED BY (334538S 0185052E, 334952S 0184842E, 335349S\n0185002E, 335345S 0185130E): UAS OPS (1000FT AGL) TAKING PLACE. FUA\nREF: AV 06/08-1", "centre_lat": -33.846111111111114, "centre_lon": 18.837916666666665, "radius_nm": null}, "geometry": {"type": "Polygon", "coordinates": [[[18.847777777777775, -33.760555555555555], [18.811666666666667, -33.83111111111111], [18.833888888888886, -33.89694444444444], [18.858333333333334, -33.895833333333336], [18.847777777777775, -33.760555555555555]]]}}, {"type": "Feature", "properties": {"index": 306, "id": "C4114/26", "location": "FAWC", "valid_from": "2608110600", "valid_to": "2608241500", "height_ft": 1068, "is_low": false, "text": "WORCESTER GOLF CLUB, WESTERN CAPE (333710S 0192613E, 333743S\n0192616E, 333741S 0192658E, 333658S 0192623E): UAS OPS (100FT AGL)\nTAKING PLACE WI VISUAL LINE OF SIGHT (VLOS).", "centre_lat": -33.62305555555556, "centre_lon": 19.44097222222222, "radius_nm": null}, "geometry": {"type": "Polygon", "coordinates": [[[19.436944444444446, -33.61944444444445], [19.43777777777778, -33.62861111111111], [19.449444444444445, -33.628055555555555], [19.439722222222223, -33.61611111111111], [19.436944444444446, -33.61944444444445]]]}}, {"type": "Feature", "properties": {"index": 307, "id": "C4110/26", "location": "FABE", "valid_from": "2608091133", "valid_to": "2608312359", "height_ft": null, "is_low": false, "text": "INCREASED FLY ACT. PILOTS TO EXER CAUTION AND BCST ON 125.2 MHZ IN\nTHE VCY.\nC4072/26", "centre_lat": -32.9, "centre_lon": 27.283333333333335, "radius_nm": 5}, "geometry": {"type": "Point", "coordinates": [27.283333333333335, -32.9]}}, {"type": "Feature", "properties": {"index": 308, "id": "C4072/26", "location": "FAJA", "valid_from": "2608072200", "valid_to": "2610312159", "height_ft": 5948, "is_low": false, "text": "OGIES TO PULLENS HOPE (255410S 0290837E, 255530S 0293843E, 260901S\n0293722E, 260540S 0285641E): UAS OPS (800FT AGL) TAKING PLACE BEYOND\nVISUAL LINE OF SIGHT (BVLOS). FUA REF: AV 01/08-2.", "centre_lat": -26.018125, "centre_lon": 29.33909722222222, "radius_nm": null}, "geometry": {"type": "Polygon", "coordinates": [[[29.14361111111111, -25.902777777777775], [29.64527777777778, -25.925], [29.622777777777777, -26.150277777777777], [28.94472222222222, -26.094444444444445], [29.14361111111111, -25.902777777777775]]]}}, {"type": "Feature", "properties": {"index": 309, "id": "C4069/26", "location": "FAJA", "valid_from": "2608110400", "valid_to": "2611071600", "height_ft": 6079, "is_low": false, "text": "WELGELEGEN COLLIERY, DELMAS, MPUMALANGA (260742S 0284957E, 260725S\nW5-HC4XRP-CT - 24AUG26 0600 ATNS 43/111\n0285013E, 260714S 0285003E, 260654S 0285055E, 260747S 0285117E,\n260759S 0285018E): UNMANNED AIRCRAFT SYSTEMS (UAS) OPS (1000FT AGL)\nTAKING PLACE BEYOND VISUAL LINE OF SIGHT (BVLOS).", "centre_lat": -26.125333333333334, "centre_lon": 28.84166666666667, "radius_nm": null}, "geometry": {"type": "Polygon", "coordinates": [[[28.8325, -26.128333333333334], [28.834166666666665, -26.120555555555555], [28.84861111111111, -26.115000000000002], [28.854722222222225, -26.129722222222224], [28.83833333333333, -26.133055555555558], [28.8325, -26.128333333333334]]]}}, {"type": "Feature", "properties": {"index": 310, "id": "C4067/26", "location": "FAMO", "valid_from": "2608070645", "valid_to": "2611041000", "height_ft": null, "is_low": false, "text": "ALL LDG AREA LGT FAC FOR RWY 10/28 U/S.\nC4066/26", "centre_lat": -34.15, "centre_lon": 22.066666666666666, "radius_nm": 5}, "geometry": {"type": "Point", "coordinates": [22.066666666666666, -34.15]}}, {"type": "Feature", "properties": {"index": 311, "id": "C4066/26", "location": "FAGC", "valid_from": "2608070630", "valid_to": "2611040800", "height_ft": null, "is_low": false, "text": "PRKG BAY A1 TO A4 RESERVED FOR ACFT OF 1500KG OR MORE. ACFT\nREQUIRING PRKG EXCEEDING 12HR TO CTC AP MANAGEMENT ON 0663023452 OR\n0832522962 PRIOR TO ARR.\nC4059/26", "centre_lat": -25.983333333333334, "centre_lon": 28.133333333333333, "radius_nm": 5}, "geometry": {"type": "Point", "coordinates": [28.133333333333333, -25.983333333333334]}}, {"type": "Feature", "properties": {"index": 312, "id": "C4059/26", "location": "FAGC", "valid_from": "2608071600", "valid_to": "2608310400", "height_ft": 5356, "is_low": false, "text": "WATERFALL ESTATE, MIDRAND (260053S 0280624E): UAS OPS (400FT AGL)\nTAKING PLACE.", "centre_lat": -26.014722222222222, "centre_lon": 28.10666666666667, "radius_nm": 2}, "geometry": {"type": "Point", "coordinates": [28.10666666666667, -26.014722222222222]}}, {"type": "Feature", "properties": {"index": 313, "id": "C4055/26", "location": "FAVG", "valid_from": "2608061256", "valid_to": "2608252359", "height_ft": 534, "is_low": true, "text": "AREA BOUNDED BY (294858.78S 0310022.23E, 294928.88S 0310142.63E,\n295035.31S 0310119.46E, 295016.86S 0305946.14E): UAS OPS (300FT AGL)\nTAKING PLACE.\nCAMU REF: AVJ 30/06-02.", "centre_lat": -29.833333333333332, "centre_lon": 31.016666666666666, "radius_nm": 1}, "geometry": {"type": "Point", "coordinates": [31.016666666666666, -29.833333333333332]}}, {"type": "Feature", "properties": {"index": 314, "id": "C4050/26", "location": "FARS", "valid_from": "2608070000", "valid_to": "2611042359", "height_ft": 1068, "is_low": false, "text": "ROBERTSON, WESTERN CAPE (334558S 0195324E, 334720S 0195554E, 334922S\n0195302E, 334748S 0195055E): UNMANNED AERIAL VEHICLE (UAV) OPS\n(400FT) TAKING PLACE BEYOND VISUAL LINE OF SIGHT (BVLOS).", "centre_lat": -33.793611111111105, "centre_lon": 19.88854166666667, "radius_nm": null}, "geometry": {"type": "Polygon", "coordinates": [[[19.89, -33.76611111111111], [19.93166666666667, -33.788888888888884], [19.883888888888887, -33.82277777777778], [19.84861111111111, -33.79666666666667], [19.89, -33.76611111111111]]]}}, {"type": "Feature", "properties": {"index": 315, "id": "C4048/26", "location": "FAJA", "valid_from": "2608060639", "valid_to": "2609302359", "height_ft": 3829, "is_low": false, "text": "PIET SITRUS, MARBLE HALL, MPUMALANGA (245422S 0291831E, 245425S\n0292238E, 250141S 0292143E, 250125S 0291745E): UNMANNED AERIAL\nVEHICLE (UAV) OPS (1000FT AGL) TAKING PLACE BEYOND VISUAL LINE OF\nSIGHT (BVLOS). FUA REF: AVJ 01/07-07.", "centre_lat": -24.966180555555553, "centre_lon": 29.33590277777778, "radius_nm": null}, "geometry": {"type": "Polygon", "coordinates": [[[29.308611111111112, -24.90611111111111], [29.377222222222223, -24.90694444444444], [29.361944444444447, -25.028055555555554], [29.295833333333334, -25.02361111111111], [29.308611111111112, -24.90611111111111]]]}}, {"type": "Feature", "properties": {"index": 316, "id": "C4042/26", "location": "FAJA", "valid_from": "2608060000", "valid_to": "2611032359", "height_ft": 3759, "is_low": false, "text": "LITHOS GEOLOGICAL UITSPANBERG AND NAUGA, DEELPAN, NORTHEN CAPE\n(292448S 0222108E, 292430S 0222932E, 294328S 0223455E, 293701S\n0222409E): UNMANNED AERIAL VEHICLE (UAV) OPS (400FT AGL) TAKING PLACE\nBEYOND VISUAL LINE OF SIGHT (BVLOS).", "centre_lat": -29.540763888888886, "centre_lon": 22.457222222222224, "radius_nm": null}, "geometry": {"type": "Polygon", "coordinates": [[[22.352222222222224, -29.41333333333333], [22.492222222222225, -29.40833333333333], [22.581944444444446, -29.724444444444444], [22.4025, -29.616944444444446], [22.352222222222224, -29.41333333333333]]]}}, {"type": "Feature", "properties": {"index": 317, "id": "C4041/26", "location": "FAJA", "valid_from": "2608051418", "valid_to": "2609302359", "height_ft": 5386, "is_low": false, "text": "PHOLA, MPUMALANGA (260029S 0290149E, 255830S 0290140E, 255904S\n0290339E, 260123S 0290225E): UAS OPS (400FT AGL) TAKING PLACE BEYOND\nVISUAL LINE OF SIGHT (BVLOS).", "centre_lat": -25.99763888888889, "centre_lon": 29.039791666666666, "radius_nm": null}, "geometry": {"type": "Polygon", "coordinates": [[[29.030277777777776, -26.008055555555554], [29.02777777777778, -25.974999999999998], [29.060833333333335, -25.984444444444446], [29.040277777777778, -26.023055555555555], [29.030277777777776, -26.008055555555554]]]}}, {"type": "Feature", "properties": {"index": 318, "id": "C4036/26", "location": "FARB", "valid_from": "2608050928", "valid_to": "2609300600", "height_ft": null, "is_low": false, "text": "WIP WI 50M OF RWY 05/23 EDGE. 20MIN PN TO VACATE.\nC4034/26", "centre_lat": -28.733333333333334, "centre_lon": 32.1, "radius_nm": 5}, "geometry": {"type": "Point", "coordinates": [32.1, -28.733333333333334]}}, {"type": "Feature", "properties": {"index": 319, "id": "C4034/26", "location": "FAJA", "valid_from": "2608050841", "valid_to": "2610222359", "height_ft": 5664, "is_low": false, "text": "GREENSIDE, GAUTENG (255848S 0291313E, 255740S 0291602E, 255507S\n0291912E, 255347S 0291222E, 255719S 0290806E, 255925S 0290909E,\n255811S 0291158E): UAS OPS (400FT AGL) TAKING PLACE BEYOND VISUAL\nLINE OF SIGHT (BVLOS).", "centre_lat": -25.953055555555554, "centre_lon": 29.21436507936508, "radius_nm": null}, "geometry": {"type": "Polygon", "coordinates": [[[29.220277777777778, -25.979999999999997], [29.26722222222222, -25.961111111111112], [29.32, -25.91861111111111], [29.20611111111111, -25.89638888888889], [29.134999999999998, -25.955277777777777], [29.1525, -25.990277777777777], [29.199444444444445, -25.96972222222222], [29.220277777777778, -25.979999999999997]]]}}, {"type": "Feature", "properties": {"index": 320, "id": "C4028/26", "location": "FASH", "valid_from": "2608050657", "valid_to": "2609022359", "height_ft": 2259, "is_low": false, "text": "AREA BOUNDED BY (335050S 0184827E, 335122S 0191121E, 335826S\n0191038E, 335829S 0184719E): UNMANNED AERIAL VEHICLE (UAV)\nOPS (1000FT AGL) TAKING PLACE BEYOND VISUAL LINE OF SIGHT (BVLOS).\nFUA REF: AV 23/07-5.", "centre_lat": -33.91298611111111, "centre_lon": 18.990625, "radius_nm": null}, "geometry": {"type": "Polygon", "coordinates": [[[18.8075, -33.84722222222222], [19.189166666666665, -33.85611111111111], [19.177222222222223, -33.973888888888894], [18.788611111111113, -33.974722222222226], [18.8075, -33.84722222222222]]]}}, {"type": "Feature", "properties": {"index": 321, "id": "C4026/26", "location": "FAJA", "valid_from": "2608050611", "valid_to": "2611022359", "height_ft": 400, "is_low": true, "text": "AREA BOUNDED BY (253523S 0264049E, 253550S 0264258E, 253637S\n0264259E, 253642S 0264104E): UNMANNED AERIAL VEHICLE (UAV) OPS TAKING\nPLACE BEYOND VISUAL LINE OF SIGHT (BVLOS).", "centre_lat": -25.60222222222222, "centre_lon": 26.699305555555554, "radius_nm": null}, "geometry": {"type": "Polygon", "coordinates": [[[26.68027777777778, -25.58972222222222], [26.71611111111111, -25.59722222222222], [26.71638888888889, -25.610277777777778], [26.684444444444445, -25.611666666666668], [26.68027777777778, -25.58972222222222]]]}}, {"type": "Feature", "properties": {"index": 322, "id": "C4017/26", "location": "FAJA", "valid_from": "2608041348", "valid_to": "2610312359", "height_ft": 5386, "is_low": false, "text": "PHOLA, MPUMALANGA (255726S 0290324E, 260002S 0290504E, 260256S\n0290458E, 260343S 0285959E, 260307S 0285938E): UAS OPS (400FT AGL)\nTAKING PLACE BEYOND VISUAL LINE OF SIGHT (BVLOS).", "centre_lat": -26.024111111111107, "centre_lon": 29.043500000000005, "radius_nm": null}, "geometry": {"type": "Polygon", "coordinates": [[[29.05666666666667, -25.95722222222222], [29.084444444444443, -26.000555555555554], [29.08277777777778, -26.04888888888889], [28.999722222222225, -26.061944444444446], [28.99388888888889, -26.051944444444445], [29.05666666666667, -25.95722222222222]]]}}, {"type": "Feature", "properties": {"index": 323, "id": "C4015/26", "location": "FAJA", "valid_from": "2608280900", "valid_to": "2608291300", "height_ft": 5110, "is_low": false, "text": "KYALAMI RACETRACK, MIDRAND, GAUTENG (260013S 0280344E): FLAT DISPLAY\nTAKING PLACE.", "centre_lat": -26.003611111111113, "centre_lon": 28.06222222222222, "radius_nm": 1}, "geometry": {"type": "Point", "coordinates": [28.06222222222222, -26.003611111111113]}}, {"type": "Feature", "properties": {"index": 324, "id": "C4014/26", "location": "FAJA", "valid_from": "2608080000", "valid_to": "2611022359", "height_ft": 3938, "is_low": false, "text": "SPITZKOP, KWAZULU-NALTAL (290901S 0300043E, 290848S 0304504E, 293053S\n0303758E, 293050S 0300521E): UNMANNED AERIAL VEHICLE (UAV) OPS TAKING\nPLACE BEYOND VISUAL LINE OF SIGHT (BVLOS).", "centre_lat": -29.33138888888889, "centre_lon": 30.371249999999996, "radius_nm": null}, "geometry": {"type": "Polygon", "coordinates": [[[30.011944444444445, -29.150277777777777], [30.75111111111111, -29.146666666666665], [30.63277777777778, -29.514722222222222], [30.089166666666664, -29.51388888888889], [30.011944444444445, -29.150277777777777]]]}}, {"type": "Feature", "properties": {"index": 325, "id": "C4013/26", "location": "FAPM", "valid_from": "2608050500", "valid_to": "2611021700", "height_ft": 400, "is_low": true, "text": "AFRIMAT - PIETERMARITZBURG (293802S 0302840E, 293803S 0302850E,\n293826S 0302905E, 293829S 0302829E): UAS OPS TAKING PLACE.\nFUA REF: MM 21072.", "centre_lat": -29.637499999999996, "centre_lon": 30.479444444444447, "radius_nm": null}, "geometry": {"type": "Polygon", "coordinates": [[[30.477777777777778, -29.633888888888887], [30.480555555555554, -29.634166666666665], [30.484722222222224, -29.640555555555554], [30.47472222222222, -29.641388888888887], [30.477777777777778, -29.633888888888887]]]}}, {"type": "Feature", "properties": {"index": 326, "id": "C4006/26", "location": "FAJA", "valid_from": "2608050001", "valid_to": "2611022359", "height_ft": 400, "is_low": true, "text": "AREA BOUNDED BY (303911S 0295819E, 303947S 0295937E, 304132S\n0295914E, 304123S 0295806E): UNMANNED AERIAL VEHICLE (UAV) OPS TAKING\nPLACE BEYOND VISUAL LINE OF SIGHT (BVLOS).", "centre_lat": -30.67451388888889, "centre_lon": 29.98027777777778, "radius_nm": null}, "geometry": {"type": "Polygon", "coordinates": [[[29.971944444444443, -30.653055555555554], [29.99361111111111, -30.663055555555555], [29.987222222222222, -30.692222222222224], [29.96833333333333, -30.689722222222223], [29.971944444444443, -30.653055555555554]]]}}, {"type": "Feature", "properties": {"index": 327, "id": "C4005/26", "location": "FAPA", "valid_from": "2608040527", "valid_to": "2611011500", "height_ft": null, "is_low": false, "text": "ATC TRG TAKING PLACE ON AFIS 122.0 MHZ.\nC4004/26", "centre_lat": -33.56666666666667, "centre_lon": 26.883333333333333, "radius_nm": 5}, "geometry": {"type": "Point", "coordinates": [26.883333333333333, -33.56666666666667]}}, {"type": "Feature", "properties": {"index": 328, "id": "C4004/26", "location": "FAPA", "valid_from": "2610020001", "valid_to": "2611041500", "height_ft": null, "is_low": false, "text": "RWY 07/25 LEN DECREASED TO 700M. DTHR 25 BY 380M.\nTORA   TODA   ASDA    LDA\n700M   700M   700M    700M\nC4003/26", "centre_lat": -33.56666666666667, "centre_lon": 26.883333333333333, "radius_nm": 5}, "geometry": {"type": "Point", "coordinates": [26.883333333333333, -33.56666666666667]}}, {"type": "Feature", "properties": {"index": 329, "id": "C4003/26", "location": "FAPA", "valid_from": "2608040523", "valid_to": "2610012359", "height_ft": null, "is_low": false, "text": "RWY 07/25 LEN DECREASED TO 700M. DTHR 25 BY 380M.\nTORA   TODA   ASDA    LDA\n700M   700M   700M    700M\nC4002/26", "centre_lat": -33.56666666666667, "centre_lon": 26.883333333333333, "radius_nm": 5}, "geometry": {"type": "Point", "coordinates": [26.883333333333333, -33.56666666666667]}}, {"type": "Feature", "properties": {"index": 330, "id": "C4002/26", "location": "FAPA", "valid_from": "2608040523", "valid_to": "2611011500", "height_ft": null, "is_low": false, "text": "ATC TRG TAKING PLACE ON GND MOV CTL 118.40 MHZ.\nC3996/26", "centre_lat": -33.56666666666667, "centre_lon": 26.883333333333333, "radius_nm": 5}, "geometry": {"type": "Point", "coordinates": [26.883333333333333, -33.56666666666667]}}, {"type": "Feature", "properties": {"index": 331, "id": "C3996/26", "location": "FAJA", "valid_from": "2608031148", "valid_to": "2609301600", "height_ft": 4792, "is_low": false, "text": "LIMBERG, THABAZIMBI, LIMPOPO (244406S 0272307E, 244848S 0271634E,\n244746S 0271617E, 244407S 0272029E):  BLASTING (1640FT AGL) TAKING\nPLACE.", "centre_lat": -24.769930555555558, "centre_lon": 27.318541666666665, "radius_nm": null}, "geometry": {"type": "Polygon", "coordinates": [[[27.385277777777777, -24.735], [27.27611111111111, -24.813333333333333], [27.27138888888889, -24.796111111111113], [27.341388888888886, -24.735277777777778], [27.385277777777777, -24.735]]]}}, {"type": "Feature", "properties": {"index": 332, "id": "C3994/26", "location": "FAJA", "valid_from": "2608040600", "valid_to": "2609011400", "height_ft": 6281, "is_low": false, "text": "MAFUBE COLLIERY, MPUMALANGA (254708S 0294441E, 254717S 0294619E,\n254837S 0294548E, 254910S 0294447E): UNMANNED AERIAL VEHICLE (UAV)\nOPS (600FT AGL) TAKING PLACE BEYOND VISUAL LINE OF SIGHT (BVLOS).", "centre_lat": -25.800833333333333, "centre_lon": 29.756597222222222, "radius_nm": null}, "geometry": {"type": "Polygon", "coordinates": [[[29.744722222222222, -25.785555555555558], [29.771944444444443, -25.78805555555556], [29.763333333333332, -25.810277777777777], [29.74638888888889, -25.819444444444443], [29.744722222222222, -25.785555555555558]]]}}, {"type": "Feature", "properties": {"index": 333, "id": "C3993/26", "location": "FAQR", "valid_from": "2608032200", "valid_to": "2610312159", "height_ft": 4773, "is_low": false, "text": "MOGALAKWENA, LIMPOPO (235152S 0285824E, 241359S 0290650E, 251553S\n0285437E, 235356S 0284807E): UAS OPS (800FT AGL) TAKING PLACE BEYOND\nVISUAL LINE OF SIGHT (BVLOS). FUA REF: GN 25/03-2.", "centre_lat": -24.315277777777776, "centre_lon": 28.94986111111111, "radius_nm": null}, "geometry": {"type": "Polygon", "coordinates": [[[28.973333333333333, -23.864444444444445], [29.11388888888889, -24.233055555555556], [28.910277777777775, -25.264722222222222], [28.801944444444445, -23.898888888888887], [28.973333333333333, -23.864444444444445]]]}}, {"type": "Feature", "properties": {"index": 334, "id": "C3992/26", "location": "FAJA", "valid_from": "2608130600", "valid_to": "2611101800", "height_ft": 6032, "is_low": false, "text": "FAD 182, DRD GOLD MINELOCK RTSF, GAUTENG (262829S 0273656E, 263001S\n0273916E, 263145S 0273808E, 262957S 0273533E): UAS OPS (1000FT AGL)\nTAKING PLACE BEYOND VISUAL LINE OF SIGHT (BVLOS).", "centre_lat": -26.500833333333333, "centre_lon": 27.624513888888888, "radius_nm": null}, "geometry": {"type": "Polygon", "coordinates": [[[27.615555555555556, -26.47472222222222], [27.654444444444444, -26.50027777777778], [27.635555555555555, -26.529166666666665], [27.592499999999998, -26.499166666666667], [27.615555555555556, -26.47472222222222]]]}}, {"type": "Feature", "properties": {"index": 335, "id": "C3991/26", "location": "FAQR", "valid_from": "2608030740", "valid_to": "2610312359", "height_ft": 3897, "is_low": false, "text": "MOORDDRIFT DAIRY, LIMPOPO (241631S 0285705E, 241357S 0285828E,\n241434S 0290005E, 241728S 0285827E): UNMANNED AERIAL VEHICLE (UAV)\nOPS (400FT AGL) TAKING PLACE BEYOND VISUAL LINE OF SIGHT (BVLOS).", "centre_lat": -24.260416666666664, "centre_lon": 28.97534722222222, "radius_nm": null}, "geometry": {"type": "Polygon", "coordinates": [[[28.95138888888889, -24.275277777777777], [28.974444444444444, -24.232499999999998], [29.00138888888889, -24.24277777777778], [28.974166666666665, -24.291111111111114], [28.95138888888889, -24.275277777777777]]]}}, {"type": "Feature", "properties": {"index": 336, "id": "C3990/26", "location": "FASC", "valid_from": "2608110600", "valid_to": "2611081800", "height_ft": 6208, "is_low": false, "text": "SASOL SYNFUELS, SECUNDA, MPUMALANGA (263627S 0290547E, 263122S\n0290554E, 263208S 0291207E, 263620S 0291136E): REMOTELY PILOTED\nAIRCRAFT SYSTEMS (RPAS) OPS (1000FT AGL) TAKING PLACE BEYOND VISUAL\nLINE OF SIGHT (BVLOS).", "centre_lat": -26.567847222222223, "centre_lon": 29.1475, "radius_nm": null}, "geometry": {"type": "Polygon", "coordinates": [[[29.09638888888889, -26.6075], [29.098333333333333, -26.522777777777776], [29.201944444444443, -26.535555555555558], [29.193333333333335, -26.605555555555558], [29.09638888888889, -26.6075]]]}}, {"type": "Feature", "properties": {"index": 337, "id": "C3987/26", "location": "FAJA", "valid_from": "2608050500", "valid_to": "2610151700", "height_ft": 6093, "is_low": false, "text": "MPUNZI COLLIERY PMA, MPUMALANGA (260100S 0291100E, 260100S\n0292000E,260900S 0292000E, 260900S 0291100E): UAS OPS (1000FT AGL)\nTAKING PLACE  BEYOND VISUAL LINE OF SIGHT (BVLOS). FUA REF: 15/07-12.", "centre_lat": -26.083333333333336, "centre_lon": 29.258333333333333, "radius_nm": null}, "geometry": {"type": "Polygon", "coordinates": [[[29.183333333333334, -26.016666666666666], [29.333333333333332, -26.016666666666666], [29.333333333333332, -26.15], [29.183333333333334, -26.15], [29.183333333333334, -26.016666666666666]]]}}, {"type": "Feature", "properties": {"index": 338, "id": "C3984/26", "location": "FACA", "valid_from": "2608030503", "valid_to": "2610311200", "height_ft": null, "is_low": false, "text": "GHOST MOUNTAIN, EASTERN CAPE (324119.06S 0240216.09E): WIND MEASURING\nMAST (1144M AGL) ERECTED.\nC3976/26", "centre_lat": -32.68333333333333, "centre_lon": 24.033333333333335, "radius_nm": 1}, "geometry": {"type": "Point", "coordinates": [24.033333333333335, -32.68333333333333]}}, {"type": "Feature", "properties": {"index": 339, "id": "C3976/26", "location": "FAEL", "valid_from": "2608020805", "valid_to": "2609301000", "height_ft": null, "is_low": false, "text": "PRIVATE CLOSE USER GROUP (PCUG) AND TEL LINES U/S. ALTN CTC NR 010\n498 5386 AND 066 512 2372.\nC3974/26", "centre_lat": -33.03333333333333, "centre_lon": 27.816666666666666, "radius_nm": 5}, "geometry": {"type": "Point", "coordinates": [27.816666666666666, -33.03333333333333]}}, {"type": "Feature", "properties": {"index": 340, "id": "C3974/26", "location": "FAJA", "valid_from": "2608310400", "valid_to": "2609011600", "height_ft": 5495, "is_low": false, "text": "RANDBURG, AREA BOUNDED BY (260649S 0275853E, 260649S 0275857E,\n260652S 0275858E, 260652S 0275854E): UAS OPS (400FT AGL) TAKING\nPLACE.\nW5-HC4XRP-CT - 24AUG26 0600 ATNS 47/111", "centre_lat": -26.11402777777778, "centre_lon": 27.982083333333332, "radius_nm": null}, "geometry": {"type": "Polygon", "coordinates": [[[27.981388888888887, -26.113611111111112], [27.982499999999998, -26.113611111111112], [27.982777777777777, -26.114444444444445], [27.981666666666666, -26.114444444444445], [27.981388888888887, -26.113611111111112]]]}}, {"type": "Feature", "properties": {"index": 341, "id": "C3970/26", "location": "FACA FAJA FAJO", "valid_from": "2608010001", "valid_to": "2609010001", "height_ft": null, "is_low": false, "text": "CHECKLIST\nYEAR=2018 3558\nYEAR=2019 1740\nYEAR=2020 0256 3659\nYEAR=2022 0035 0879\nYEAR=2023 0615\nYEAR=2024 1631 1632\nYEAR=2025 4642 4643 5181\nYEAR=2026 0183 2101 2190 2197 2251 2253 2263 2270 2285 2289\n2290 2291 2313 2316 2317 2325 2331 2337 2338 2341\n2342 2349 2358 2366 2403 2407 2419 2420 2423 2426\n2431 2435 2443 2444 2446 2448 2450 2451 2459 2460\n2464 2465 2466 2467 2490 2491 2492 2500 2505 2508\n2510 2511 2512 2517 2519 2520 2523 2524 2525 2528\n2530 2531 2532 2533 2534 2535 2546 2547 2562 2563\n2567 2568 2569 2583 2588 2590 2595 2596 2598 2599\n2600 2612 2625 2633 2634 2635 2636 2639 2650 2652\n2655 2661 2666 2681 2682 2683 2684 2685 2686 2687\n2694 2717 2744 2745 2767 2769 2771 2776 2779 2787\n2796 2797 2802 2810 2811 2813 2814 2819 2821 2834\n2835 2838 2839 2840 2842 2843 2844 2845 2846 2847\n...", "centre_lat": -51.86666666666667, "centre_lon": 16.85, "radius_nm": 999}, "geometry": {"type": "Point", "coordinates": [16.85, -51.86666666666667]}}, {"type": "Feature", "properties": {"index": 342, "id": "C3969/26", "location": "FAJA", "valid_from": "2608010001", "valid_to": "2610292359", "height_ft": 4423, "is_low": false, "text": "MOTOTOLO, STEELPOORT, LIMPOPO (245550S 0300515E, 245557S 0301149E,\n250723S 0301221E, 250704S 0300550E): UAS OPS (400FT AGL) TAKING PLACE\nBEYOND VISUAL LINE OF SIGHT (BVLOS).", "centre_lat": -25.025972222222222, "centre_lon": 30.146875, "radius_nm": null}, "geometry": {"type": "Polygon", "coordinates": [[[30.0875, -24.930555555555557], [30.196944444444444, -24.9325], [30.20583333333333, -25.123055555555556], [30.09722222222222, -25.11777777777778], [30.0875, -24.930555555555557]]]}}, {"type": "Feature", "properties": {"index": 343, "id": "C3961/26", "location": "FAMG", "valid_from": "2608010000", "valid_to": "2610292359", "height_ft": 753, "is_low": true, "text": "RPAS CROP SPRAYING OPERATIONS AT ELIOTT FARM, KWAZULU-NATAL (305213S\n0301918E, 305200S 0301957E, 305238S 0302005E, 305246S 0301928E):\nREMOTELY PILOTED AIRCRAFT SYSTEMS (RPAS) OPS (400FT AGL) TAKING PLACE\nWI VISUAL LINE OF SIGHT (VLOS).", "centre_lat": -30.87340277777778, "centre_lon": 30.328333333333333, "radius_nm": null}, "geometry": {"type": "Polygon", "coordinates": [[[30.321666666666665, -30.87027777777778], [30.3325, -30.866666666666667], [30.334722222222222, -30.877222222222223], [30.324444444444445, -30.879444444444445], [30.321666666666665, -30.87027777777778]]]}}, {"type": "Feature", "properties": {"index": 344, "id": "C3960/26", "location": "FAGC", "valid_from": "2608021000", "valid_to": "2610201300", "height_ft": 5237, "is_low": false, "text": "WATERFALL CORPORATE CAMPUS, AREA BOUNDED BY (260050S 0280557E,\n260055S 0280560E, 260058S 0280548E, 260051S 0280547E): UAS OPS (400FT\nAGL) TAKING PLACE. CAMU REF.: MM 15073.", "centre_lat": -26.014861111111113, "centre_lon": 28.098055555555554, "radius_nm": null}, "geometry": {"type": "Polygon", "coordinates": [[[28.099166666666665, -26.01388888888889], [28.099999999999998, -26.01527777777778], [28.096666666666664, -26.016111111111112], [28.09638888888889, -26.014166666666668], [28.099166666666665, -26.01388888888889]]]}}, {"type": "Feature", "properties": {"index": 345, "id": "C3959/26", "location": "FASY", "valid_from": "2608010000", "valid_to": "2610292359", "height_ft": 5500, "is_low": false, "text": "SIBANYE STILLWATER GOLD MINES, WESTONARIA, GAUTENG (262111S 0273921E,\n262103S 0274209E, 262124S 0274136E, 262124S 0274011E): UAS OPS (600FT\nAGL) TAKING PLACE BEYOND VISUAL LINE OF SIGHT (BVLOS).", "centre_lat": -26.35430555555556, "centre_lon": 27.680347222222224, "radius_nm": null}, "geometry": {"type": "Polygon", "coordinates": [[[27.65583333333333, -26.353055555555557], [27.7025, -26.350833333333334], [27.693333333333335, -26.35666666666667], [27.669722222222223, -26.35666666666667], [27.65583333333333, -26.353055555555557]]]}}, {"type": "Feature", "properties": {"index": 346, "id": "C3958/26", "location": "FAJA", "valid_from": "2608010000", "valid_to": "2610292359", "height_ft": 6000, "is_low": false, "text": "SIBANYE STILLWATER, BURNSTONE MINE, MPUMALANGA (264031S 0283809E,\nW5-HC4XRP-CT - 24AUG26 0600 ATNS 50/111\n263946S 0284107E, 263627S 0284144E, 263637S 0283900E): UAS OPS (600FT\nAGL) TAKING PLACE BEYOND VISUAL LINE OF SIGHT (BVLOS).", "centre_lat": -26.638958333333335, "centre_lon": 28.666666666666664, "radius_nm": null}, "geometry": {"type": "Polygon", "coordinates": [[[28.635833333333334, -26.67527777777778], [28.685277777777777, -26.662777777777777], [28.695555555555554, -26.6075], [28.65, -26.610277777777778], [28.635833333333334, -26.67527777777778]]]}}, {"type": "Feature", "properties": {"index": 347, "id": "C3957/26", "location": "FAJA", "valid_from": "2607311300", "valid_to": "2609302359", "height_ft": 4898, "is_low": false, "text": "VRYHEID, AREA BOUNDED BY (273955S 0304321E, 273952S 0304407E, 274056S\n0304423E, 274100S 0304336E): UAS OPS (400FT AGL) TAKING PLACE BEYOND\nVISUAL LINE OF SIGHT (BVLOS).", "centre_lat": -27.673819444444444, "centre_lon": 30.73104166666667, "radius_nm": null}, "geometry": {"type": "Polygon", "coordinates": [[[30.722499999999997, -27.665277777777778], [30.735277777777778, -27.66444444444444], [30.739722222222223, -27.682222222222222], [30.726666666666667, -27.683333333333334], [30.722499999999997, -27.665277777777778]]]}}, {"type": "Feature", "properties": {"index": 348, "id": "C3956/26", "location": "FAJA", "valid_from": "2608010000", "valid_to": "2610292359", "height_ft": 5105, "is_low": false, "text": "SIBANYE STILLWATER BEATRIX MINE, FREE STATE (280700S 0264500E,\n280831S 0265259E, 282200S 0264800E, 281100S 0263759E): UAS OPS (600FT\nAGL) TAKING PLACE BEYOND VISUAL LINE OF SIGHT (BVLOS).", "centre_lat": -28.202152777777776, "centre_lon": 26.766527777777778, "radius_nm": null}, "geometry": {"type": "Polygon", "coordinates": [[[26.75, -28.116666666666667], [26.883055555555558, -28.141944444444444], [26.8, -28.366666666666667], [26.633055555555558, -28.183333333333334], [26.75, -28.116666666666667]]]}}, {"type": "Feature", "properties": {"index": 349, "id": "C3955/26", "location": "FAJA", "valid_from": "2608010000", "valid_to": "2610292359", "height_ft": 4160, "is_low": false, "text": "SIBANYE STILLWATER VLAKFONTEIN FARM, MAHOBIESKRAAL, NORTH WEST,\n(251758S 0265426E, 252020S 0265417E, 252051S 0265500E, 252011S\n0265604E, 251931S 0265556E): UAS OPS (400FT AGL) TAKING PLACE BEYOND\nVISUAL LINE OF SIGHT (BVLOS).", "centre_lat": -25.329500000000003, "centre_lon": 26.919055555555552, "radius_nm": null}, "geometry": {"type": "Polygon", "coordinates": [[[26.90722222222222, -25.299444444444447], [26.904722222222222, -25.33888888888889], [26.916666666666668, -25.3475], [26.934444444444445, -25.336388888888887], [26.932222222222222, -25.325277777777778], [26.90722222222222, -25.299444444444447]]]}}, {"type": "Feature", "properties": {"index": 350, "id": "C3954/26", "location": "FAWM", "valid_from": "2608010000", "valid_to": "2610292359", "height_ft": 5000, "is_low": false, "text": "SIBANYE STILLWATER WOLWEPAN MINE, FREE STATE (275939S 0263420E,\n275920S 0263654E, 280100S 0263948E, 275945S 0264215E, 280440S\n0264056E, 280314S 0263553E): UAS OPS (600FT AGL) TAKING PLACE BEYOND\nVISUAL LINE OF SIGHT (BVLOS).", "centre_lat": -28.021203703703705, "centre_lon": 26.639166666666668, "radius_nm": null}, "geometry": {"type": "Polygon", "coordinates": [[[26.572222222222223, -27.99416666666667], [26.615000000000002, -27.98888888888889], [26.66333333333333, -28.016666666666666], [26.704166666666666, -27.995833333333334], [26.682222222222222, -28.07777777777778], [26.598055555555554, -28.05388888888889], [26.572222222222223, -27.99416666666667]]]}}, {"type": "Feature", "properties": {"index": 351, "id": "C3953/26", "location": "FAJA", "valid_from": "2608010000", "valid_to": "2610292359", "height_ft": 4500, "is_low": false, "text": "SIBANYE STILLWATER, RUSTENBURG, NORTH WEST (254204S 0272144E, 254206S\n0272340E, 254304S 0272345E, 254306S 0272215E): UAS OPS (400FT AGL)\nTAKING PLACE BEYOND VISUAL LINE OF SIGHT (BVLOS).", "centre_lat": -25.70972222222222, "centre_lon": 27.380833333333335, "radius_nm": null}, "geometry": {"type": "Polygon", "coordinates": [[[27.362222222222222, -25.70111111111111], [27.394444444444446, -25.701666666666664], [27.395833333333332, -25.717777777777776], [27.370833333333334, -25.71833333333333], [27.362222222222222, -25.70111111111111]]]}}, {"type": "Feature", "properties": {"index": 352, "id": "C3952/26", "location": "FAJA", "valid_from": "2608010000", "valid_to": "2610292359", "height_ft": 5600, "is_low": false, "text": "SIBANYE STILLWATER AFRO MINING, HERBSTFONTEIN, MPUMALANGA, (265432S\n0284148E, 265429S 0284241E, 265451S 0284245E, 265506S 0284146E): UAS\nOPS (600FT AGL) TAKING PLACE BEYOND VISUAL LINE OF SIGHT (BVLOS).", "centre_lat": -26.912361111111114, "centre_lon": 28.704166666666662, "radius_nm": null}, "geometry": {"type": "Polygon", "coordinates": [[[28.696666666666665, -26.90888888888889], [28.711388888888887, -26.908055555555553], [28.7125, -26.914166666666667], [28.69611111111111, -26.918333333333333], [28.696666666666665, -26.90888888888889]]]}}, {"type": "Feature", "properties": {"index": 353, "id": "C3948/26", "location": "FACA", "valid_from": "2608310000", "valid_to": "2609302359", "height_ft": 4325, "is_low": false, "text": "AREA BOUNDED BY (324920S 0201217E, 324914S 0202231E, 325259S\n0202155E, 325242S 0201306E, 325309S 0201049E, 325309S 0202231E,\n325516S 0201253E, 325515S 0201105E): UAS OPS (400FT AGL) TAKING PLACE\nW5-HC4XRP-CT - 24AUG26 0600 ATNS 51/111\nBEYOND VISUAL LINE OF SIGHT (BVLOS). FUA REF:AV AV 23/07-7.", "centre_lat": -32.87722222222222, "centre_lon": 20.26482638888889, "radius_nm": null}, "geometry": {"type": "Polygon", "coordinates": [[[20.204722222222223, -32.82222222222222], [20.37527777777778, -32.82055555555556], [20.36527777777778, -32.88305555555556], [20.21833333333333, -32.87833333333333], [20.18027777777778, -32.88583333333333], [20.37527777777778, -32.88583333333333], [20.21472222222222, -32.92111111111111], [20.184722222222224, -32.920833333333334], [20.204722222222223, -32.82222222222222]]]}}, {"type": "Feature", "properties": {"index": 354, "id": "C3947/26", "location": "FAJA", "valid_from": "2607311200", "valid_to": "2608312359", "height_ft": 5325, "is_low": false, "text": "HEINEKEN BREWERY, SEDIBENG, GAUTENG (262530S 0280416E): UAS OPS\n(400FT AGL) TAKING PLACE BEYOND VISUAL LINE OF SIGHT (BVLOS).", "centre_lat": -26.425, "centre_lon": 28.07111111111111, "radius_nm": 1}, "geometry": {"type": "Point", "coordinates": [28.07111111111111, -26.425]}}, {"type": "Feature", "properties": {"index": 355, "id": "C3946/26", "location": "FACF", "valid_from": "2607310636", "valid_to": "2610281000", "height_ft": null, "is_low": false, "text": "IAC RNAV-01 RNAV (GNSS) RWY 10 DATED 13 SEP 2018 SUSPENDED\nAERONAUTICAL DATA TABULATION RNAV-01A RNAV (GNSS) RWY 10 DATED 13\nSEP 2018 SUSPENDED. RNAV-02 RWY 28(DATED 13 SEP 2018) AND RNAV-02A\nRWY 28(DATED 13 SEP 2018) SUSPENDED.\nC3945/26", "centre_lat": -34.18333333333333, "centre_lon": 24.833333333333332, "radius_nm": 5}, "geometry": {"type": "Point", "coordinates": [24.833333333333332, -34.18333333333333]}}, {"type": "Feature", "properties": {"index": 356, "id": "C3945/26", "location": "FAWB", "valid_from": "2607310635", "valid_to": "2610281000", "height_ft": null, "is_low": false, "text": "IAC RNAV-01 RNAV (GNSS) RWY 29 DATED 13 SEP 2018 SUSPENDED.\nAERONAUTICAL DATA TABULATION RNAV-01A RNAV (GNSS) RWY 29 DATED 13\nSEP 2018 SUSPENDED.\nC3941/26", "centre_lat": -25.65, "centre_lon": 28.216666666666665, "radius_nm": 5}, "geometry": {"type": "Point", "coordinates": [28.216666666666665, -25.65]}}, {"type": "Feature", "properties": {"index": 357, "id": "C3941/26", "location": "FAKR", "valid_from": "2608051600", "valid_to": "2610280400", "height_ft": 6672, "is_low": false, "text": "AREA BOUNDED BY (260842.22S 0274357.49E, 260701.07S 0274521.86E,\n260649.03S 0274630.56E, 260711.83S 0274759.14E, 260727.47S\n0274811.57E, 260811.71S 0274801.73E, 260822.01S 0274741.36E,\n260908.59S 0274655.63E): REMOTELY PILOTED AIRCRAFT SYSTEMS (RPAS)\nOPS (1000FT AGL) TAKING PLACE BEYOND VISUAL LINE OF SIGHT (BVLOS).\nFUA REF: GN 26/05-05.", "centre_lat": -26.133333333333333, "centre_lon": 27.766666666666666, "radius_nm": 2}, "geometry": {"type": "Point", "coordinates": [27.766666666666666, -26.133333333333333]}}, {"type": "Feature", "properties": {"index": 358, "id": "C3936/26", "location": "FAJA", "valid_from": "2608010500", "valid_to": "2608301500", "height_ft": 3437, "is_low": false, "text": "TWO RIVERS PLATINUM MINE, BURGERSFORT, LIMPOPO (2456S 03006E): UAS\nOPS (400FT AGL) TAKING PLACE BEYOND VISUAL LINE OF SIGHT (BVLOS).", "centre_lat": -24.933333333333334, "centre_lon": 30.1, "radius_nm": 1}, "geometry": {"type": "Point", "coordinates": [30.1, -24.933333333333334]}}, {"type": "Feature", "properties": {"index": 359, "id": "C3935/26", "location": "FAJA", "valid_from": "2607301527", "valid_to": "2610231600", "height_ft": 4563, "is_low": false, "text": "GLENCORE RHOVAN MINE, BETHANIE, NORTH WEST (253341.35S 0273310.24E,\n253341.35S 0273537.78E, 253536.09S 0273537.78E, 253521.88S\n0273310.24E): BLASTING (1000FT AGL) TAKING PLACE.", "centre_lat": -25.583333333333332, "centre_lon": 27.583333333333332, "radius_nm": 2}, "geometry": {"type": "Point", "coordinates": [27.583333333333332, -25.583333333333332]}}, {"type": "Feature", "properties": {"index": 360, "id": "C3929/26", "location": "FAJA", "valid_from": "2607301600", "valid_to": "2609302359", "height_ft": 5872, "is_low": false, "text": "HARMONY DOORNKOP, GAUTENG (261220S 0274601E, 261107S 0274730E,\n261257S 0274925E, 261406S 0274707E): UAS OPS (400FT AGL) TAKING PLACE\nBEYOND VISUAL LINE OF SIGHT (BVLOS).", "centre_lat": -26.210416666666667, "centre_lon": 27.791875, "radius_nm": null}, "geometry": {"type": "Polygon", "coordinates": [[[27.766944444444444, -26.205555555555556], [27.791666666666668, -26.185277777777777], [27.82361111111111, -26.215833333333332], [27.78527777777778, -26.235], [27.766944444444444, -26.205555555555556]]]}}, {"type": "Feature", "properties": {"index": 361, "id": "C3922/26", "location": "FAJA", "valid_from": "2608020000", "valid_to": "2610302359", "height_ft": 3681, "is_low": false, "text": "MALEKSKRAAL STOCKS, MOHLALETSI, LIMPOPO (242854S 0295552E, 242757S\n0295426E, 242628S 0295535E, 242712S 0295648E): UAS OPS (400FT AGL)\nTAKING PLACE BEYOND VISUAL LINE OF SIGHT (BVLOS).", "centre_lat": -24.460486111111113, "centre_lon": 29.92784722222222, "radius_nm": null}, "geometry": {"type": "Polygon", "coordinates": [[[29.93111111111111, -24.481666666666666], [29.90722222222222, -24.465833333333332], [29.92638888888889, -24.441111111111113], [29.946666666666665, -24.453333333333333], [29.93111111111111, -24.481666666666666]]]}}, {"type": "Feature", "properties": {"index": 362, "id": "C3913/26", "location": "FAJA", "valid_from": "2607300000", "valid_to": "2608312359", "height_ft": 5433, "is_low": false, "text": "KRIEL, MPUMALANGA (260755S 0291337E, 260754S 0291705E, 261041S\n0291715E, 261040S 0291340E): UAS OPS (400FT AGL) TAKING PLACE BEYOND\nVISUAL LINE OF SIGHT (BVLOS).", "centre_lat": -26.154861111111114, "centre_lon": 29.256736111111113, "radius_nm": null}, "geometry": {"type": "Polygon", "coordinates": [[[29.22694444444444, -26.131944444444446], [29.284722222222225, -26.131666666666668], [29.2875, -26.178055555555556], [29.227777777777778, -26.17777777777778], [29.22694444444444, -26.131944444444446]]]}}, {"type": "Feature", "properties": {"index": 363, "id": "C3911/26", "location": "FAEL", "valid_from": "2607310000", "valid_to": "2610282359", "height_ft": 847, "is_low": true, "text": "AFRIMAT BLUE ROCK QUARRY, MDANTSANE, EAST LONDON (325818S\n0274645E,325750S 0274720E, 325805S 0274746E, 325842S 0274712E):\nUNMANNED AERIAL VEHICLE (UAV) OPS (400FT AGL) TAKING PLACE BEYOND\nVISUAL LINE OF SIGHT (BVLOS).\nFUA REF: DN03075", "centre_lat": -32.970486111111114, "centre_lon": 27.787708333333335, "radius_nm": null}, "geometry": {"type": "Polygon", "coordinates": [[[27.779166666666665, -32.97166666666667], [27.78888888888889, -32.96388888888889], [27.796111111111113, -32.96805555555556], [27.78666666666667, -32.97833333333333], [27.779166666666665, -32.97166666666667]]]}}, {"type": "Feature", "properties": {"index": 364, "id": "C3909/26", "location": "FAWB", "valid_from": "2608010400", "valid_to": "2608311600", "height_ft": null, "is_low": false, "text": "TWR 118.35 MHZ OPS HR CHG TO 0430-1600.\nC3908/26", "centre_lat": -25.65, "centre_lon": 28.216666666666665, "radius_nm": 5}, "geometry": {"type": "Point", "coordinates": [28.216666666666665, -25.65]}}, {"type": "Feature", "properties": {"index": 365, "id": "C3908/26", "location": "FAGM", "valid_from": "2607300000", "valid_to": "2610272359", "height_ft": 5727, "is_low": false, "text": "SIMMER AND JACK LANDFILL, JOHANNESBURG, GAUTENG (261210S 0280807E,\n261157S 0280855E, 261226S 0280907E,261242S 0280818E): UNMANNED AERIAL\nVEHICLE (UAV) OPS (150FT AGL) TAKING PLACE BEYOND VISUAL LINE OF\nSIGHT (BVLOS). FUA REF: MM 20/07-2", "centre_lat": -26.20520833333333, "centre_lon": 28.143541666666668, "radius_nm": null}, "geometry": {"type": "Polygon", "coordinates": [[[28.135277777777777, -26.202777777777776], [28.148611111111112, -26.199166666666667], [28.151944444444442, -26.20722222222222], [28.138333333333332, -26.211666666666666], [28.135277777777777, -26.202777777777776]]]}}, {"type": "Feature", "properties": {"index": 366, "id": "C3906/26", "location": "FAWI", "valid_from": "2608010500", "valid_to": "2610291500", "height_ft": 5459, "is_low": false, "text": "IYANDA COAL MINE, AREA BOUNDED BY (254733S 0291353E, 254655S\n0291526E, 254403S 0291405E, 254458S 0291244E): UAS OPS (400FT AGL)\nTAKING PLACE BEYOND VISUAL LINE OF SIGHT (BVLOS). FUA REF: DF\n27/07-6.", "centre_lat": -25.76451388888889, "centre_lon": 29.233888888888888, "radius_nm": null}, "geometry": {"type": "Polygon", "coordinates": [[[29.231388888888887, -25.7925], [29.25722222222222, -25.781944444444445], [29.234722222222224, -25.734166666666667], [29.21222222222222, -25.749444444444446], [29.231388888888887, -25.7925]]]}}, {"type": "Feature", "properties": {"index": 367, "id": "C3904/26", "location": "FAJA", "valid_from": "2608010000", "valid_to": "2610292359", "height_ft": 3762, "is_low": false, "text": "LION SMELTER, AREA BOUNDED BY (244842S 0301354E, 244303S 0301207,\n244947S 0300420E, 245050S 0300523E): UAS OPS (400FT AGL) TAKING PLACE\nBEYOND VISUAL LINE OF SIGHT (BVLOS). FUA REF: DN 28/07-12.", "centre_lat": -24.82953703703704, "centre_lon": 30.131203703703704, "radius_nm": null}, "geometry": {"type": "Polygon", "coordinates": [[[30.231666666666666, -24.811666666666667], [30.072222222222223, -24.829722222222223], [30.08972222222222, -24.84722222222222], [30.231666666666666, -24.811666666666667]]]}}, {"type": "Feature", "properties": {"index": 368, "id": "C3903/26", "location": "FAJA", "valid_from": "2608010500", "valid_to": "2610291500", "height_ft": 5473, "is_low": false, "text": "WELGELEGEN MINE, PINEWOOD, AREA BOUNDED BY (260725S 0284942E, 260651S\n0285040E, 260736S 0285113E, 260803S 0285014E): UAS OPS (400FT AGL)\nTAKING PLACE BEYOND VISUAL LINE OF SIGHT (BVLOS). FUA REF DN 27/07-5.", "centre_lat": -26.124652777777776, "centre_lon": 28.84090277777778, "radius_nm": null}, "geometry": {"type": "Polygon", "coordinates": [[[28.828333333333333, -26.12361111111111], [28.844444444444445, -26.11416666666667], [28.853611111111114, -26.12666666666667], [28.83722222222222, -26.134166666666665], [28.828333333333333, -26.12361111111111]]]}}, {"type": "Feature", "properties": {"index": 369, "id": "C3902/26", "location": "FAJA", "valid_from": "2608010500", "valid_to": "2610291500", "height_ft": 5455, "is_low": false, "text": "NEW LARGO MINE, AREA BOUNDED BY (255837S 0285353E, 255830S 0285816E,\n260310S 0285718E, 260252S 0285409E): UAS OPS (400FT AGL) TAKING PLACE\nBEYOND VISUAL LINE OF SIGHT (BVLOS). FUA REF: MM 24/07-7.", "centre_lat": -26.013125, "centre_lon": 28.931666666666665, "radius_nm": null}, "geometry": {"type": "Polygon", "coordinates": [[[28.898055555555555, -25.97694444444444], [28.97111111111111, -25.974999999999998], [28.955, -26.052777777777777], [28.9025, -26.047777777777778], [28.898055555555555, -25.97694444444444]]]}}, {"type": "Feature", "properties": {"index": 370, "id": "C3900/26", "location": "FAJA", "valid_from": "2608010500", "valid_to": "2610291500", "height_ft": 5688, "is_low": false, "text": "KLIPFONTEIN MMS, AREA BOUNDED BY (255444S 0293104E, 255505S 0293321E,\n255630S 0293102E, 255604S 0293146E): UAS OPS (400FT AGL)\nTAKING PLACE BEYOND VISUAL LINE OF SIGHT (BVLOS). FUA REF DN 27/07-4", "centre_lat": -25.92659722222222, "centre_lon": 29.530069444444443, "radius_nm": null}, "geometry": {"type": "Polygon", "coordinates": [[[29.517777777777777, -25.91222222222222], [29.555833333333332, -25.918055555555558], [29.51722222222222, -25.941666666666666], [29.529444444444444, -25.934444444444445], [29.517777777777777, -25.91222222222222]]]}}, {"type": "Feature", "properties": {"index": 371, "id": "C3898/26", "location": "FAJA", "valid_from": "2608010000", "valid_to": "2610292359", "height_ft": 3848, "is_low": false, "text": "KALAGADI MINE, HOTAZEL, AREA BOUNDED BY (271153S 0225351E, 271336S\n0225340E, 271348S 0225428E, 271153S 0225421E): UAS OPS (400FT AGL)\nTAKING PLACE BEYOND VISUAL LINE OF SIGHT (BVLOS). FUA REF: DN\n27/07-6.", "centre_lat": -27.213194444444444, "centre_lon": 22.90138888888889, "radius_nm": null}, "geometry": {"type": "Polygon", "coordinates": [[[22.8975, -27.198055555555555], [22.894444444444446, -27.226666666666667], [22.907777777777778, -27.229999999999997], [22.90583333333333, -27.198055555555555], [22.8975, -27.198055555555555]]]}}, {"type": "Feature", "properties": {"index": 372, "id": "C3897/26", "location": "FAJA", "valid_from": "2608010500", "valid_to": "2610291500", "height_ft": 5537, "is_low": false, "text": "HIGHVELD COAL MINE, WITBANK, AREA BOUNDED BY (255333S 0290356E,\n255255S 0290354E, 255303S 0290627E, 255358S 0290619E): UAS OPS (400FT\nAGL) TAKING PLACE BEYOND VISUAL LINE OF SIGHT (BVLOS). FUA REF: MM\n24/07-6.", "centre_lat": -25.889513888888885, "centre_lon": 29.085833333333333, "radius_nm": null}, "geometry": {"type": "Polygon", "coordinates": [[[29.065555555555555, -25.8925], [29.065, -25.881944444444446], [29.1075, -25.884166666666665], [29.10527777777778, -25.899444444444445], [29.065555555555555, -25.8925]]]}}, {"type": "Feature", "properties": {"index": 373, "id": "C3895/26", "location": "FAJA", "valid_from": "2607281739", "valid_to": "2609302359", "height_ft": 4343, "is_low": false, "text": "FAD70 W, MARIKANA, RUSTENBURG, NORTH WEST (254332S 0272405E, 254320S\n0272635E, 254458S 0272709E, 254443S 0272420E): UAS OPS (400FT AGL)\nTAKING PLACE BEYOND VISUAL LINE OF SIGHT (BVLOS).", "centre_lat": -25.735625, "centre_lon": 27.425625, "radius_nm": null}, "geometry": {"type": "Polygon", "coordinates": [[[27.40138888888889, -25.725555555555555], [27.443055555555556, -25.72222222222222], [27.4525, -25.749444444444446], [27.405555555555555, -25.74527777777778], [27.40138888888889, -25.725555555555555]]]}}, {"type": "Feature", "properties": {"index": 374, "id": "C3894/26", "location": "FAJA", "valid_from": "2611130600", "valid_to": "2611130700", "height_ft": 5500, "is_low": false, "text": "3NM RADIUS CENTERED AT MAGALIES PARK HARTEBEESPOORT DAM (254536S\n0274653E): AEROBATICS DISPLAY TAKING PLACE.", "centre_lat": -25.76, "centre_lon": 27.781388888888888, "radius_nm": 3}, "geometry": {"type": "Point", "coordinates": [27.781388888888888, -25.76]}}, {"type": "Feature", "properties": {"index": 375, "id": "C3891/26", "location": "FACA", "valid_from": "2607300000", "valid_to": "2609302359", "height_ft": 827, "is_low": true, "text": "AREA BOUNDED BY (332451S 0185314E, 332345S 0185511E, 332444S\n0185614E, 332604S 0185419E): UAS OPS (400FT AGL) TAKING PLACE WI\nVISUAL LINE OF SIGHT (VLOS).", "centre_lat": -33.41416666666667, "centre_lon": 18.91236111111111, "radius_nm": null}, "geometry": {"type": "Polygon", "coordinates": [[[18.88722222222222, -33.41416666666667], [18.919722222222223, -33.395833333333336], [18.93722222222222, -33.41222222222222], [18.905277777777776, -33.43444444444444], [18.88722222222222, -33.41416666666667]]]}}, {"type": "Feature", "properties": {"index": 376, "id": "C3885/26", "location": "FAGC", "valid_from": "2607280831", "valid_to": "2610112359", "height_ft": null, "is_low": false, "text": "0.5NM FM THR RWY 35 (255940.5S 0280803.8E): 5302FT AMSL\n0.5NM FM THR RWY 17 (255840.5S 0280803.8E): 5241FT AMSL\n1.0NM FM THR RWY 17 (255835.3S 0280805.0E): 5244FT AMSL: 3 TREES\nOBSTRUCTING FINAL APCH.\nC3881/26", "centre_lat": -25.983333333333334, "centre_lon": 28.133333333333333, "radius_nm": 1}, "geometry": {"type": "Point", "coordinates": [28.133333333333333, -25.983333333333334]}}, {"type": "Feature", "properties": {"index": 377, "id": "C3881/26", "location": "FACA", "valid_from": "2608040830", "valid_to": "2611011630", "height_ft": 1206, "is_low": false, "text": "AREA BOUNDED BY (340236S 0213746E, 340252S 0214021E, 340400S\n0214011E, 340417S 0213749E): UAS OPS (800FT AGL) TAKING PLACE.\nFUA REF: DF 27074.", "centre_lat": -34.057291666666664, "centre_lon": 21.65048611111111, "radius_nm": null}, "geometry": {"type": "Polygon", "coordinates": [[[21.629444444444445, -34.04333333333333], [21.6725, -34.047777777777775], [21.669722222222223, -34.06666666666667], [21.630277777777778, -34.07138888888889], [21.629444444444445, -34.04333333333333]]]}}, {"type": "Feature", "properties": {"index": 378, "id": "C3870/26", "location": "FAOH", "valid_from": "2609240600", "valid_to": "2609271600", "height_ft": 2063, "is_low": false, "text": "MODEL ACFT OPS (1000FT AGL) TAKING PLACE.", "centre_lat": -33.6, "centre_lon": 22.183333333333334, "radius_nm": 5}, "geometry": {"type": "Point", "coordinates": [22.183333333333334, -33.6]}}, {"type": "Feature", "properties": {"index": 379, "id": "C3868/26", "location": "FAKM", "valid_from": "2607271131", "valid_to": "2610181930", "height_ft": 4377, "is_low": false, "text": "AREA BOUNDED BY (283920S 0244137E, 283836S 0244247E, 284038S\n0244428E, 284122S 0244317E): UAS OPS (400FT AGL) TAKING PLACE.", "centre_lat": -28.66638888888889, "centre_lon": 24.717291666666668, "radius_nm": null}, "geometry": {"type": "Polygon", "coordinates": [[[24.69361111111111, -28.655555555555555], [24.713055555555556, -28.643333333333334], [24.741111111111113, -28.677222222222223], [24.72138888888889, -28.689444444444444], [24.69361111111111, -28.655555555555555]]]}}, {"type": "Feature", "properties": {"index": 380, "id": "C3867/26", "location": "FAJA", "valid_from": "2607280000", "valid_to": "2610252359", "height_ft": 6305, "is_low": false, "text": "RIETSPRUIT, FREE STATE (260848S 0291126E, 260843S 0291213E, 260955S\n0291211E, 260955S 0291116E): UNMANNED AERIAL VEHICLE (UAV) OPS\n(1000FT AGL) TAKING PLACE BEYOND VISUAL LINE OF SIGHT (BVLOS). FUA\nREF: DN 23/07-4.", "centre_lat": -26.155624999999997, "centre_lon": 29.19625, "radius_nm": null}, "geometry": {"type": "Polygon", "coordinates": [[[29.190555555555555, -26.146666666666665], [29.203611111111112, -26.14527777777778], [29.203055555555554, -26.165277777777778], [29.18777777777778, -26.165277777777778], [29.190555555555555, -26.146666666666665]]]}}, {"type": "Feature", "properties": {"index": 381, "id": "C3865/26", "location": "FASD", "valid_from": "2607270857", "valid_to": "2610231200", "height_ft": null, "is_low": false, "text": "NIL NIGHT OPS.\nC3864/26", "centre_lat": -32.96666666666667, "centre_lon": 17.966666666666665, "radius_nm": 5}, "geometry": {"type": "Point", "coordinates": [17.966666666666665, -32.96666666666667]}}, {"type": "Feature", "properties": {"index": 382, "id": "C3864/26", "location": "FAJA", "valid_from": "2607280600", "valid_to": "2610261700", "height_ft": 6703, "is_low": false, "text": "AREA BOUNDED BY (283315S 0284742E, 283418S 0284859E, 283507S\n0284817E, 283435S 0284644E): UAS OPS (800FT AGL) TAKING PLACE.", "centre_lat": -28.571875, "centre_lon": 28.798750000000002, "radius_nm": null}, "geometry": {"type": "Polygon", "coordinates": [[[28.795, -28.554166666666667], [28.81638888888889, -28.571666666666665], [28.804722222222225, -28.585277777777776], [28.778888888888886, -28.57638888888889], [28.795, -28.554166666666667]]]}}, {"type": "Feature", "properties": {"index": 383, "id": "C3862/26", "location": "FASY", "valid_from": "2607280000", "valid_to": "2610252359", "height_ft": 5803, "is_low": false, "text": "RANDFONTEIN SECURITY, RANDFONTEIN, GAUTENG (260444S 0273647E, 260726S\n0275049E, 262811S 0274903E, 262825S 0273235E): UNMANNED AERIAL\nVEHICLE (UAV) OPS (400FT AGL) TAKING PLACE BEYOND VISUAL LINE OF\nSIGHT (BVLOS).", "centre_lat": -26.286527777777778, "centre_lon": 27.70513888888889, "radius_nm": null}, "geometry": {"type": "Polygon", "coordinates": [[[27.613055555555558, -26.078888888888887], [27.846944444444443, -26.12388888888889], [27.8175, -26.46972222222222], [27.543055555555558, -26.473611111111108], [27.613055555555558, -26.078888888888887]]]}}, {"type": "Feature", "properties": {"index": 384, "id": "C3861/26", "location": "FASO", "valid_from": "2607280000", "valid_to": "2610252359", "height_ft": 5646, "is_low": false, "text": "TRP-IMP, STEELPOORT, LIMPOPO (245820S 0295850E, 244039S 0300914E,\n244321S 0301533E, 250006S 0300649E): UNMANNED AERIAL VEHICLE (UAV)\nOPS (400FT AGL) TAKING PLACE BEYOND VISUAL LINE OF SIGHT (BVLOS).", "centre_lat": -24.84347222222222, "centre_lon": 30.126805555555556, "radius_nm": null}, "geometry": {"type": "Polygon", "coordinates": [[[29.980555555555554, -24.97222222222222], [30.153888888888886, -24.677500000000002], [30.259166666666665, -24.722499999999997], [30.113611111111112, -25.001666666666665], [29.980555555555554, -24.97222222222222]]]}}, {"type": "Feature", "properties": {"index": 385, "id": "C3860/26", "location": "FAJA", "valid_from": "2607280000", "valid_to": "2610262359", "height_ft": 4765, "is_low": false, "text": "ZANDFONTEIN, NORTH WEST (254158S 0274558E, 254051S 0274601E, 254107S\n0274806E, 254201S 0274735E): UNMANNED AERIAL VEHICLE (UAV)\nOPS (1000FT AGL) TAKING PLACE BEYOND VISUAL LINE OF SIGHT (BVLOS).\nFUA REF: GB 30/04-9.", "centre_lat": -25.691458333333337, "centre_lon": 27.781944444444445, "radius_nm": null}, "geometry": {"type": "Polygon", "coordinates": [[[27.766111111111112, -25.699444444444445], [27.766944444444444, -25.680833333333336], [27.801666666666666, -25.685277777777777], [27.793055555555558, -25.700277777777778], [27.766111111111112, -25.699444444444445]]]}}, {"type": "Feature", "properties": {"index": 386, "id": "C3859/26", "location": "FAJA", "valid_from": "2607270814", "valid_to": "2610251600", "height_ft": 5056, "is_low": false, "text": "KHUMANI MINE, KATHU, NORTHERN CAPE (274553S 0230007E, 274551S\n0230257E, 275344S 0230206E, 275210S 0225550E): REMOTELY PILOTED\nAIRCRAFT SYSTEMS (RPAS) OPS (1000FT AGL) TAKING PLACE BEYOND VISUAL\nLINE OF SIGHT (BVLOS).", "centre_lat": -27.82347222222222, "centre_lon": 23.004166666666666, "radius_nm": null}, "geometry": {"type": "Polygon", "coordinates": [[[23.001944444444444, -27.764722222222222], [23.049166666666668, -27.764166666666668], [23.035, -27.895555555555553], [22.930555555555557, -27.869444444444444], [23.001944444444444, -27.764722222222222]]]}}, {"type": "Feature", "properties": {"index": 387, "id": "C3854/26", "location": "FAJA", "valid_from": "2607261826", "valid_to": "2609302359", "height_ft": 5411, "is_low": false, "text": "BOKGONI, GAUTENG (260126S 0291604E, 260130S 0291512E, 255754S\n0291317E, 255848S 0291151E, 260012S 0291236E, 260126S 0291131E,\n260152S 0291205E, 260230S 0291422E, 260306S 0291556E): UAS OPS (400FT\nAGL) TAKING PLACE BEYOND VISUAL LINE OF SIGHT (BVLOS).", "centre_lat": -26.01617283950617, "centre_lon": 29.227592592592593, "radius_nm": null}, "geometry": {"type": "Polygon", "coordinates": [[[29.267777777777777, -26.023888888888887], [29.253333333333334, -26.025], [29.22138888888889, -25.965], [29.1975, -25.979999999999997], [29.21, -26.003333333333334], [29.191944444444445, -26.023888888888887], [29.20138888888889, -26.03111111111111], [29.239444444444445, -26.041666666666668], [29.265555555555554, -26.051666666666666], [29.267777777777777, -26.023888888888887]]]}}, {"type": "Feature", "properties": {"index": 388, "id": "C3836/26", "location": "FAUL", "valid_from": "2607250859", "valid_to": "2610222359", "height_ft": 2990, "is_low": false, "text": "N19 TO N27 (273918S 0303921E, 273527S 0305437E, 275918S 0310601E,\n281141S 0313058E, 282707S 0315157E, 283302S 0314657E, 281953S\n0311952E, 281308S 0310005E) : UAS OPS (400FT AGL) TAKING PLACE BEYOND\nVISUAL LINE OF SIGHT (BVLOS).", "centre_lat": -28.122708333333332, "centre_lon": 31.27041666666667, "radius_nm": null}, "geometry": {"type": "Polygon", "coordinates": [[[30.65583333333333, -27.654999999999998], [30.910277777777775, -27.590833333333332], [31.10027777777778, -27.988333333333333], [31.516111111111112, -28.19472222222222], [31.865833333333335, -28.451944444444443], [31.7825, -28.550555555555555], [31.33111111111111, -28.33138888888889], [31.00138888888889, -28.218888888888888], [30.65583333333333, -27.654999999999998]]]}}, {"type": "Feature", "properties": {"index": 389, "id": "C3835/26", "location": "FAXX", "valid_from": "2607250852", "valid_to": "2610222359", "height_ft": 4200, "is_low": false, "text": "ZILKAATS AIRFIELD (253912.98S 0275250.07E):\nAREA BOUNDED BY (254128S 0274815E, 253917S 0275053E, 254042S\n0275303E, 254255S 0275034E): UAS OPS (400FT AGL) TAKING PLACE BEYOND\nVISUAL LINE OF SIGHT (BVLOS).", "centre_lat": -25.68486111111111, "centre_lon": 27.844791666666666, "radius_nm": null}, "geometry": {"type": "Polygon", "coordinates": [[[27.804166666666667, -25.691111111111113], [27.848055555555554, -25.654722222222222], [27.884166666666665, -25.678333333333335], [27.842777777777776, -25.71527777777778], [27.804166666666667, -25.691111111111113]]]}}, {"type": "Feature", "properties": {"index": 390, "id": "C3834/26", "location": "FAMM", "valid_from": "2607250851", "valid_to": "2610230400", "height_ft": 4584, "is_low": false, "text": "ESKOM MAFIKENG, NORTH WEST (255017S 0253316E, 254629S 0253951E,\n255227S 0254239E, 255642S 0253600E): UAS OPS (400FT AGL) TAKING PLACE\nBEYOND VISUAL LINE OF SIGHT (BVLOS). CAMU REF: DF 11/06-7.", "centre_lat": -25.85798611111111, "centre_lon": 25.63236111111111, "radius_nm": null}, "geometry": {"type": "Polygon", "coordinates": [[[25.554444444444446, -25.838055555555556], [25.664166666666667, -25.77472222222222], [25.710833333333333, -25.874166666666667], [25.6, -25.945], [25.554444444444446, -25.838055555555556]]]}}, {"type": "Feature", "properties": {"index": 391, "id": "C3833/26", "location": "FAJA", "valid_from": "2607250850", "valid_to": "2610222359", "height_ft": 4102, "is_low": false, "text": "BATHLAKO RUIGHOEK MINE, NORTH WEST  (250927S 0265318E, 250931S\n0265655E, 251210S 0265706E, 251304S 0265603E, 251255S 0265327E): UAS\nOPS (400FT AGL) TAKING PLACE BEYOND VISUAL LINE OF SIGHT (BVLOS).", "centre_lat": -25.190388888888883, "centre_lon": 26.922722222222223, "radius_nm": null}, "geometry": {"type": "Polygon", "coordinates": [[[26.888333333333332, -25.1575], [26.948611111111113, -25.15861111111111], [26.951666666666664, -25.202777777777776], [26.934166666666666, -25.217777777777776], [26.890833333333333, -25.21527777777778], [26.888333333333332, -25.1575]]]}}, {"type": "Feature", "properties": {"index": 392, "id": "C3831/26", "location": "FAJA", "valid_from": "2607250849", "valid_to": "2610222359", "height_ft": 3939, "is_low": false, "text": "HOTAZEL, NORTHERN CAPE (271131S 0225537E, 271028S 0230112E, 272450S\n0230104E, 272436S 0225532E): UAS OPS (400FT AGL) TAKING PLACE BEYOND\nVISUAL LINE OF SIGHT (BVLOS).", "centre_lat": -27.297569444444445, "centre_lon": 22.972569444444446, "radius_nm": null}, "geometry": {"type": "Polygon", "coordinates": [[[22.926944444444445, -27.191944444444445], [23.02, -27.174444444444447], [23.017777777777777, -27.413888888888888], [22.925555555555558, -27.41], [22.926944444444445, -27.191944444444445]]]}}, {"type": "Feature", "properties": {"index": 393, "id": "C3830/26", "location": "FAKL", "valid_from": "2607250848", "valid_to": "2610222359", "height_ft": 5767, "is_low": false, "text": "MATLA COAL, MPUMALANGA (261612S 0290538E, 261429S 0290632E, 261721S\n0291243E, 261854S 0291130E): UAS OPS (400FT AGL) TAKING PLACE BEYOND\nVISUAL LINE OF SIGHT (BVLOS).", "centre_lat": -26.278888888888886, "centre_lon": 29.15159722222222, "radius_nm": null}, "geometry": {"type": "Polygon", "coordinates": [[[29.093888888888888, -26.27], [29.10888888888889, -26.24138888888889], [29.211944444444445, -26.289166666666667], [29.191666666666666, -26.315], [29.093888888888888, -26.27]]]}}, {"type": "Feature", "properties": {"index": 394, "id": "C3829/26", "location": "FAJA", "valid_from": "2607250848", "valid_to": "2610222359", "height_ft": 870, "is_low": true, "text": "TWINI TO ISLAND VIEW, UMLAZI, KWAZULU NATAL (300124S 0305133E,\n295355S 0305814E, 295616S 0310023E, 295743S 0305832E, 295649S\n0305711E, 295836S 0305549E, 295948S 0305655E, 300259S 0305358E): UAS\nOPS (400FT AGL) TAKING PLACE BEYOND VISUAL LINE OF SIGHT (BVLOS).", "centre_lat": -29.973958333333332, "centre_lon": 30.942881944444444, "radius_nm": null}, "geometry": {"type": "Polygon", "coordinates": [[[30.859166666666667, -30.023333333333333], [30.970555555555553, -29.898611111111112], [31.00638888888889, -29.93777777777778], [30.975555555555555, -29.961944444444445], [30.953055555555554, -29.946944444444444], [30.93027777777778, -29.976666666666667], [30.948611111111113, -29.996666666666666], [30.899444444444445, -30.049722222222226], [30.859166666666667, -30.023333333333333]]]}}, {"type": "Feature", "properties": {"index": 395, "id": "C3828/26", "location": "FAJA", "valid_from": "2607250847", "valid_to": "2610222359", "height_ft": 5391, "is_low": false, "text": "ALRODE TO VEREENIGING (261624S 0280336E, 262605S 0282707E, 264047S\n0282804E, 264505S 0275340E): UAS OPS (400FT AGL) TAKING PLACE BEYOND\nVISUAL LINE OF SIGHT (BVLOS).", "centre_lat": -26.53479166666667, "centre_lon": 28.218541666666667, "radius_nm": null}, "geometry": {"type": "Polygon", "coordinates": [[[28.060000000000002, -26.273333333333333], [28.451944444444443, -26.434722222222224], [28.467777777777776, -26.679722222222225], [27.894444444444446, -26.75138888888889], [28.060000000000002, -26.273333333333333]]]}}, {"type": "Feature", "properties": {"index": 396, "id": "C3827/26", "location": "FAJA", "valid_from": "2607250847", "valid_to": "2610222359", "height_ft": 5267, "is_low": false, "text": "SASOLBURG TO KLERKSDORP (265100S 0263811E, 264513S 0270053E, 264318S\n0270456E, 264129S 0272228E, 264712S 0274912E, 265123S 0274704E,\n264532S 0272151E, 265525S 0263843E): UAS OPS (400FT AGL) TAKING PLACE\nBEYOND VISUAL LINE OF SIGHT (BVLOS).", "centre_lat": -26.79277777777778, "centre_lon": 27.215208333333337, "radius_nm": null}, "geometry": {"type": "Polygon", "coordinates": [[[26.636388888888888, -26.85], [27.014722222222222, -26.753611111111113], [27.08222222222222, -26.721666666666664], [27.374444444444446, -26.691388888888888], [27.82, -26.78666666666667], [27.784444444444446, -26.85638888888889], [27.36416666666667, -26.75888888888889], [26.64527777777778, -26.92361111111111], [26.636388888888888, -26.85]]]}}, {"type": "Feature", "properties": {"index": 397, "id": "C3826/26", "location": "FAPM", "valid_from": "2607250846", "valid_to": "2610222359", "height_ft": 2282, "is_low": false, "text": "AREA BOUNDED BY (293234S 0301842E, 292929S 0302806E, 294414S\n0303934E, 294947S 0302810E): UAS OPS (400FT AGL) TAKING PLACE\nBEYOND VISUAL LINE OF SIGHT (BVLOS). CAMU REF: TM 14/02-7.", "centre_lat": -29.650277777777774, "centre_lon": 30.477222222222224, "radius_nm": null}, "geometry": {"type": "Polygon", "coordinates": [[[30.311666666666667, -29.54277777777778], [30.46833333333333, -29.49138888888889], [30.659444444444443, -29.737222222222222], [30.46944444444444, -29.829722222222223], [30.311666666666667, -29.54277777777778]]]}}, {"type": "Feature", "properties": {"index": 398, "id": "C3825/26", "location": "FAHG", "valid_from": "2607250846", "valid_to": "2610222359", "height_ft": 5421, "is_low": false, "text": "AREA BOUNDED BY (261703S 0280506E, 261928S 0280745E, 262716S\n0281037E, 262454S 0281723E, 262724S 0282823E, 263240S 0282129E,\n262640S 0280449E, 262146S 0280559E): UAS OPS (400FT AGL) TAKING PLACE\nBEYOND VISUAL LINE OF SIGHT (BVLOS).", "centre_lat": -26.410798611111115, "centre_lon": 28.211493055555557, "radius_nm": null}, "geometry": {"type": "Polygon", "coordinates": [[[28.084999999999997, -26.284166666666668], [28.129166666666666, -26.324444444444445], [28.176944444444445, -26.454444444444444], [28.289722222222224, -26.415], [28.473055555555554, -26.456666666666667], [28.358055555555556, -26.544444444444448], [28.080277777777777, -26.444444444444446], [28.099722222222223, -26.36277777777778], [28.084999999999997, -26.284166666666668]]]}}, {"type": "Feature", "properties": {"index": 399, "id": "C3824/26", "location": "FALY", "valid_from": "2607250845", "valid_to": "2610222359", "height_ft": 3834, "is_low": false, "text": "AREA BOUNDED BY (283340S 0294345E, 283239S 0295043E, 291210S\n0300955E, 291530S 0295254E): UAS OPS (400FT AGL) TAKING PLACE BEYOND\nVISUAL LINE OF SIGHT (BVLOS).", "centre_lat": -28.891597222222224, "centre_lon": 29.90534722222222, "radius_nm": null}, "geometry": {"type": "Polygon", "coordinates": [[[29.729166666666664, -28.561111111111114], [29.845277777777778, -28.54416666666667], [30.165277777777778, -29.202777777777776], [29.881666666666668, -29.258333333333333], [29.729166666666664, -28.561111111111114]]]}}, {"type": "Feature", "properties": {"index": 400, "id": "C3823/26", "location": "FAJA", "valid_from": "2607250845", "valid_to": "2610222359", "height_ft": 5478, "is_low": false, "text": "AREA BOUNDED BY (264821S 0274731E, 262443S 0282150E, 262821S\n0282839E, 265153S 0275216E): UAS OPS (400FT AGL) TAKING PLACE BEYOND\nVISUAL LINE OF SIGHT (BVLOS).", "centre_lat": -26.638749999999998, "centre_lon": 28.126111111111108, "radius_nm": null}, "geometry": {"type": "Polygon", "coordinates": [[[27.791944444444447, -26.805833333333332], [28.36388888888889, -26.411944444444444], [28.4775, -26.472499999999997], [27.871111111111112, -26.864722222222223], [27.791944444444447, -26.805833333333332]]]}}, {"type": "Feature", "properties": {"index": 401, "id": "C3822/26", "location": "FAJA", "valid_from": "2607250844", "valid_to": "2610222359", "height_ft": 5296, "is_low": false, "text": "SASOLBURG TO KALWERSPRUIT (264737S 0274302E, 264510S 0275239E,\n265322S 0275610E, 270754S 0281917E, 271622S 0285548E, 272604S\n0290252E, 271608S 0281856E, 265741S 0274905E): UAS OPS (400FT AGL)\nTAKING PLACE BEYOND VISUAL LINE OF SIGHT (BVLOS).", "centre_lat": -27.063124999999996, "centre_lon": 28.245451388888892, "radius_nm": null}, "geometry": {"type": "Polygon", "coordinates": [[[27.71722222222222, -26.79361111111111], [27.8775, -26.752777777777776], [27.93611111111111, -26.889444444444443], [28.32138888888889, -27.131666666666668], [28.93, -27.272777777777776], [29.047777777777778, -27.434444444444445], [28.315555555555555, -27.26888888888889], [27.818055555555556, -26.961388888888887], [27.71722222222222, -26.79361111111111]]]}}, {"type": "Feature", "properties": {"index": 402, "id": "C3821/26", "location": "FAJA", "valid_from": "2607250843", "valid_to": "2610222359", "height_ft": 4494, "is_low": false, "text": "VOLKRUST TO ESTCOURT (272321S 0293835E, 271803S 0300329E, 275155S\n0300721E, 290728S 0294632E): UAS OPS (400FT AGL) TAKING PLACE BEYOND\nVISUAL LINE OF SIGHT (BVLOS).", "centre_lat": -27.919930555555556, "centre_lon": 29.899791666666665, "radius_nm": null}, "geometry": {"type": "Polygon", "coordinates": [[[29.643055555555556, -27.389166666666664], [30.058055555555555, -27.300833333333333], [30.1225, -27.86527777777778], [29.775555555555556, -29.124444444444446], [29.643055555555556, -27.389166666666664]]]}}, {"type": "Feature", "properties": {"index": 403, "id": "C3820/26", "location": "FAJA", "valid_from": "2607250842", "valid_to": "2610222359", "height_ft": 5267, "is_low": false, "text": "AREA BOUNDED BY (261615S 0290159E, 255049S 0291059E, 254247S\n0281838E, 254316S 0281818E): UAS OPS (400FT AGL) TAKING PLACE BEYOND\nVISUAL LINE OF SIGHT (BVLOS).", "centre_lat": -25.88798611111111, "centre_lon": 28.70791666666667, "radius_nm": null}, "geometry": {"type": "Polygon", "coordinates": [[[29.033055555555556, -26.270833333333332], [29.18305555555556, -25.846944444444443], [28.310555555555556, -25.713055555555556], [28.305, -25.72111111111111], [29.033055555555556, -26.270833333333332]]]}}, {"type": "Feature", "properties": {"index": 404, "id": "C3819/26", "location": "FAJA", "valid_from": "2607250842", "valid_to": "2610222359", "height_ft": 5771, "is_low": false, "text": "DELMAS TO NIGEL (263635S 0275925E, 260005S 0285825E, 261419S\n0291141E, 265235S 0281545E): UAS OPS (400FT AGL) TAKING PLACE BEYOND\nVISUAL LINE OF SIGHT (BVLOS).", "centre_lat": -26.43152777777778, "centre_lon": 28.60527777777778, "radius_nm": null}, "geometry": {"type": "Polygon", "coordinates": [[[27.990277777777777, -26.609722222222224], [28.973611111111108, -26.00138888888889], [29.19472222222222, -26.238611111111112], [28.2625, -26.87638888888889], [27.990277777777777, -26.609722222222224]]]}}, {"type": "Feature", "properties": {"index": 405, "id": "C3818/26", "location": "FASC", "valid_from": "2607250841", "valid_to": "2610222359", "height_ft": 5842, "is_low": false, "text": "AREA BOUNDED BY (262607S 0282355E, 263303S 0290747E, 263842S\n0290734E, 263205S 0282351E): UAS OPS (400FT AGL) TAKING PLACE BEYOND\nVISUAL LINE OF SIGHT (BVLOS).", "centre_lat": -26.541458333333335, "centre_lon": 28.76298611111111, "radius_nm": null}, "geometry": {"type": "Polygon", "coordinates": [[[28.398611111111112, -26.435277777777777], [29.129722222222224, -26.550833333333333], [29.12611111111111, -26.645], [28.3975, -26.534722222222225], [28.398611111111112, -26.435277777777777]]]}}, {"type": "Feature", "properties": {"index": 406, "id": "C3817/26", "location": "FAKR", "valid_from": "2607250841", "valid_to": "2610222359", "height_ft": 6089, "is_low": false, "text": "ALRODE TO RUSTENBURG (260108S 0272455E, 255508S 0273153E, 261732S\n0280549E, 262208S 0280228E): UAS OPS (400FT AGL) TAKING PLACE BEYOND\nVISUAL LINE OF SIGHT (BVLOS).", "centre_lat": -26.149722222222223, "centre_lon": 27.771180555555553, "radius_nm": null}, "geometry": {"type": "Polygon", "coordinates": [[[27.415277777777778, -26.01888888888889], [27.531388888888888, -25.91888888888889], [28.096944444444443, -26.292222222222225], [28.041111111111114, -26.36888888888889], [27.415277777777778, -26.01888888888889]]]}}, {"type": "Feature", "properties": {"index": 407, "id": "C3815/26", "location": "FAPC", "valid_from": "2607250837", "valid_to": "2610222359", "height_ft": 3891, "is_low": false, "text": "N15 TO N18 (271136S 0304807E, 271042S 0305730E, 271947S 0305854E,\n273205S 0305316E, 273752S 0305329E, 274026S 0304519E, 272828S\n0304354E, 271723S 0304827E): UAS OPS (400FT AGL) TAKING PLACE BEYOND\nVISUAL LINE OF SIGHT (BVLOS).", "centre_lat": -27.41315972222222, "centre_lon": 30.851944444444445, "radius_nm": null}, "geometry": {"type": "Polygon", "coordinates": [[[30.801944444444445, -27.193333333333335], [30.958333333333332, -27.178333333333335], [30.981666666666666, -27.329722222222223], [30.887777777777778, -27.534722222222225], [30.891388888888887, -27.63111111111111], [30.755277777777778, -27.67388888888889], [30.731666666666666, -27.474444444444444], [30.8075, -27.289722222222224], [30.801944444444445, -27.193333333333335]]]}}, {"type": "Feature", "properties": {"index": 408, "id": "C3814/26", "location": "FAPF", "valid_from": "2607250837", "valid_to": "2610222359", "height_ft": 4767, "is_low": false, "text": "N11 TO N14 (263634S 0301750E, 264808S 0304505E, 270911S 0305844E,\n271336S 0305100E, 265729S 0303415E, 264719S 0301324E): UAS OPS (400FT\nAGL) TAKING PLACE BEYOND VISUAL LINE OF SIGHT (BVLOS).", "centre_lat": -26.92300925925926, "centre_lon": 30.611944444444443, "radius_nm": null}, "geometry": {"type": "Polygon", "coordinates": [[[30.297222222222224, -26.609444444444446], [30.75138888888889, -26.802222222222223], [30.978888888888886, -27.153055555555554], [30.85, -27.226666666666667], [30.570833333333333, -26.958055555555553], [30.223333333333333, -26.788611111111113], [30.297222222222224, -26.609444444444446]]]}}, {"type": "Feature", "properties": {"index": 409, "id": "C3813/26", "location": "FAEO", "valid_from": "2607250836", "valid_to": "2610222359", "height_ft": 5944, "is_low": false, "text": "N6 TO N10 (260444S 0292604E, 260400S 0293417E, 262303S 0294625E,\n263020S 0301218E, 264000S 0302220E, 265016S 0301852E, 264045S\n0294748E, 262100S 0292100E): UAS OPS (400FT AGL) TAKING PLACE BEYOND\nVISUAL LINE OF SIGHT (BVLOS).", "centre_lat": -26.44611111111111, "centre_lon": 29.85222222222222, "radius_nm": null}, "geometry": {"type": "Polygon", "coordinates": [[[29.434444444444445, -26.078888888888887], [29.57138888888889, -26.066666666666666], [29.77361111111111, -26.384166666666665], [30.205, -26.505555555555556], [30.372222222222224, -26.666666666666668], [30.314444444444444, -26.837777777777777], [29.796666666666667, -26.679166666666667], [29.35, -26.35], [29.434444444444445, -26.078888888888887]]]}}, {"type": "Feature", "properties": {"index": 410, "id": "C3812/26", "location": "FAWI", "valid_from": "2607250836", "valid_to": "2610222359", "height_ft": 5521, "is_low": false, "text": "SECTOR 1 N1 (260653S 0291301E, 260506S 0290204E, 254843S 0290508E,\n255057S 0291458E): UAS OPS (400FT AGL) TAKING PLACE BEYOND VISUAL\nLINE OF SIGHT (BVLOS).", "centre_lat": -25.965208333333333, "centre_lon": 29.146597222222223, "radius_nm": null}, "geometry": {"type": "Polygon", "coordinates": [[[29.216944444444444, -26.114722222222223], [29.034444444444446, -26.084999999999997], [29.085555555555555, -25.811944444444446], [29.249444444444446, -25.849166666666665], [29.216944444444444, -26.114722222222223]]]}}, {"type": "Feature", "properties": {"index": 411, "id": "C3811/26", "location": "FAJA", "valid_from": "2607250835", "valid_to": "2610222359", "height_ft": 7248, "is_low": false, "text": "IMPALA, RUSTENBURG ( 252241S 0270529E, 252314S 0270942E, 253006S\n0271752E, 253413S 0271836E, 253649S 0271451E, 253544S 0271230E,\nW5-HC4XRP-CT - 24AUG26 0600 ATNS 59/111\n252728S 0270443E): UAS OPS (400FT AGL) TAKING PLACE BEYOND VISUAL\nLINE OF SIGHT (BVLOS).", "centre_lat": -25.500595238095237, "centre_lon": 27.1993253968254, "radius_nm": null}, "geometry": {"type": "Polygon", "coordinates": [[[27.091388888888886, -25.378055555555555], [27.161666666666665, -25.38722222222222], [27.297777777777778, -25.501666666666665], [27.310000000000002, -25.57027777777778], [27.247500000000002, -25.613611111111112], [27.208333333333332, -25.595555555555553], [27.078611111111112, -25.45777777777778], [27.091388888888886, -25.378055555555555]]]}}, {"type": "Feature", "properties": {"index": 412, "id": "C3810/26", "location": "FAVP", "valid_from": "2607250834", "valid_to": "2610222359", "height_ft": 5306, "is_low": false, "text": "ARCELOR MITTAL, VANDERBIJLPARK, GAUTENG (263400S 0275159E, 263706S\n0275710E, 264300S 0275009E, 264052S 0274518E): UAS OPS (400FT AGL)\nTAKING PLACE BEYOND\nVISUAL LINE OF SIGHT (BVLOS).", "centre_lat": -26.645694444444445, "centre_lon": 27.8525, "radius_nm": null}, "geometry": {"type": "Polygon", "coordinates": [[[27.866388888888892, -26.566666666666666], [27.952777777777776, -26.618333333333332], [27.835833333333333, -26.716666666666665], [27.755, -26.68111111111111], [27.866388888888892, -26.566666666666666]]]}}, {"type": "Feature", "properties": {"index": 413, "id": "C3809/26", "location": "FAWI", "valid_from": "2607250831", "valid_to": "2610222359", "height_ft": 5472, "is_low": false, "text": "LIFE-X, MPUMALANGA (255603S 0290701E, 255511S 0290911E,\n255522S 0291005E, 255417S 0291101E, 255306S 0291029E, 255337S\n0290851E, 255455S 0290702E): UAS OPS (400FT AGL) TAKING PLACE BEYOND\nVISUAL LINE OF SIGHT (BVLOS).", "centre_lat": -25.91075396825397, "centre_lon": 29.151587301587302, "radius_nm": null}, "geometry": {"type": "Polygon", "coordinates": [[[29.116944444444446, -25.934166666666666], [29.153055555555554, -25.919722222222223], [29.168055555555558, -25.922777777777778], [29.183611111111112, -25.904722222222222], [29.174722222222222, -25.884999999999998], [29.1475, -25.89361111111111], [29.11722222222222, -25.915277777777778], [29.116944444444446, -25.934166666666666]]]}}, {"type": "Feature", "properties": {"index": 414, "id": "C3808/26", "location": "FAJA", "valid_from": "2607250830", "valid_to": "2610222359", "height_ft": 6047, "is_low": false, "text": "WONDERFONTEIN, MPUMALANGA (255003S 0295145E, 254838S 0295343E,\n255148S 0295448E, 255216S 0295135E): UAS OPS (400FT AGL) TAKING PLACE\nBEYOND VISUAL LINE OF SIGHT (BVLOS).", "centre_lat": -25.844791666666666, "centre_lon": 29.882708333333333, "radius_nm": null}, "geometry": {"type": "Polygon", "coordinates": [[[29.8625, -25.834166666666665], [29.89527777777778, -25.810555555555556], [29.91333333333333, -25.863333333333333], [29.859722222222224, -25.871111111111112], [29.8625, -25.834166666666665]]]}}, {"type": "Feature", "properties": {"index": 415, "id": "C3806/26", "location": "FAJA", "valid_from": "2607250829", "valid_to": "2610222359", "height_ft": 6514, "is_low": false, "text": "NBC NORTH BLOCK, MPUMALANGA (254040S 0295930E, 254226S 0295756E,\n254422S 0300020E, 254354S 0300100E, 254120S 0300106E): UAS OPS (400FT\nAGL) TAKING PLACE BEYOND VISUAL LINE OF SIGHT (BVLOS).", "centre_lat": -25.709000000000003, "centre_lon": 29.999555555555553, "radius_nm": null}, "geometry": {"type": "Polygon", "coordinates": [[[29.991666666666667, -25.67777777777778], [29.965555555555554, -25.70722222222222], [30.005555555555556, -25.739444444444445], [30.016666666666666, -25.731666666666666], [30.01833333333333, -25.68888888888889], [29.991666666666667, -25.67777777777778]]]}}, {"type": "Feature", "properties": {"index": 416, "id": "C3804/26", "location": "FAJA", "valid_from": "2607250826", "valid_to": "2610222359", "height_ft": 5770, "is_low": false, "text": "MAFUBE, MPUMALANGA (255105S 0294403E, 254331S 0294812E, 254143S\n0294408E, 254407S 0294319E, 255105S 0294346E): UAS OPS (400FT AGL)\nTAKING PLACE BEYOND VISUAL LINE OF SIGHT (BVLOS).", "centre_lat": -25.771722222222223, "centre_lon": 29.74488888888889, "radius_nm": null}, "geometry": {"type": "Polygon", "coordinates": [[[29.734166666666667, -25.85138888888889], [29.803333333333335, -25.725277777777777], [29.735555555555557, -25.69527777777778], [29.721944444444443, -25.735277777777778], [29.729444444444443, -25.85138888888889], [29.734166666666667, -25.85138888888889]]]}}, {"type": "Feature", "properties": {"index": 417, "id": "C3801/26", "location": "FAJA", "valid_from": "2607250823", "valid_to": "2610222359", "height_ft": 5278, "is_low": false, "text": "KROMDRAAI, MPUMALANGA (254359S 0290237E, 254422S 0290806E, 255051S\n0290741E, 255041S 0290252E): UAS OPS (400FT AGL) TAKING PLACE BEYOND\nVISUAL LINE OF SIGHT (BVLOS).", "centre_lat": -25.791180555555552, "centre_lon": 29.088611111111113, "radius_nm": null}, "geometry": {"type": "Polygon", "coordinates": [[[29.04361111111111, -25.733055555555556], [29.134999999999998, -25.739444444444445], [29.128055555555555, -25.8475], [29.047777777777778, -25.84472222222222], [29.04361111111111, -25.733055555555556]]]}}, {"type": "Feature", "properties": {"index": 418, "id": "C3800/26", "location": "FAJA", "valid_from": "2607250823", "valid_to": "2610222359", "height_ft": 5693, "is_low": false, "text": "ISIBONELA, MPUMALANGA (262049S 0291530E, 262048S 0291602E, 262118S\n0291654E, 262109S 0291759E, 261945S 0291756E, 261900S 0291717E,\n261758S 0291634E, 261810S 0291448E, 261827S 0291413E): UAS OPS (400FT\nW5-HC4XRP-CT - 24AUG26 0600 ATNS 60/111\nAGL) TAKING PLACE BEYOND VISUAL LINE OF SIGHT (BVLOS).", "centre_lat": -26.32851851851852, "centre_lon": 29.272623456790125, "radius_nm": null}, "geometry": {"type": "Polygon", "coordinates": [[[29.258333333333333, -26.346944444444443], [29.26722222222222, -26.346666666666664], [29.281666666666666, -26.355], [29.299722222222226, -26.352500000000003], [29.29888888888889, -26.329166666666666], [29.28805555555556, -26.316666666666666], [29.27611111111111, -26.299444444444447], [29.246666666666666, -26.302777777777777], [29.236944444444447, -26.3075], [29.258333333333333, -26.346944444444443]]]}}, {"type": "Feature", "properties": {"index": 419, "id": "C3799/26", "location": "FAJA", "valid_from": "2607250822", "valid_to": "2610222359", "height_ft": 3230, "is_low": false, "text": "STEELPOORT, LIMPOPO (244825S 0300740E, 244758S 0300842E, 244904S\n0300913E, 244932S 0300818E): UAS OPS (400FT AGL) TAKING PLACE BEYOND\nVISUAL LINE OF SIGHT (BVLOS).", "centre_lat": -24.812430555555554, "centre_lon": 30.141180555555554, "radius_nm": null}, "geometry": {"type": "Polygon", "coordinates": [[[30.12777777777778, -24.806944444444444], [30.145, -24.799444444444447], [30.15361111111111, -24.817777777777778], [30.138333333333332, -24.825555555555557], [30.12777777777778, -24.806944444444444]]]}}, {"type": "Feature", "properties": {"index": 420, "id": "C3789/26", "location": "FASO", "valid_from": "2607250000", "valid_to": "2610222359", "height_ft": 3500, "is_low": false, "text": "TWO RIVERS PLATINUM MINE (245303S 0300314E, 245208S 0301058E, 245905S\n0300959E, 245856S 0300452E): UAS OPS (400FT AGL) TAKING PLACE BEYOND\nVISUAL LINE OF SIGHT (BVLOS).", "centre_lat": -24.93, "centre_lon": 30.121041666666667, "radius_nm": null}, "geometry": {"type": "Polygon", "coordinates": [[[30.05388888888889, -24.884166666666665], [30.18277777777778, -24.86888888888889], [30.16638888888889, -24.984722222222224], [30.08111111111111, -24.98222222222222], [30.05388888888889, -24.884166666666665]]]}}, {"type": "Feature", "properties": {"index": 421, "id": "C3779/26", "location": "FAKM", "valid_from": "2607241110", "valid_to": "2610211000", "height_ft": null, "is_low": false, "text": "STAR ARR-01 RNAV (GNSS) RWY 02 EVESI 1A DATED 25 MAY 2017 SUSPENDED.\nAERONAUTICAL DATA TABULATION ARR-01A RNAV (GNSS) RWY 02 EVESI 1A\nDATED 25 MAY 2017 SUSPENDED.\nC3773/26", "centre_lat": -28.8, "centre_lon": 24.766666666666666, "radius_nm": 5}, "geometry": {"type": "Point", "coordinates": [24.766666666666666, -28.8]}}, {"type": "Feature", "properties": {"index": 422, "id": "C3773/26", "location": "FAJA", "valid_from": "2607240904", "valid_to": "2610211500", "height_ft": 5845, "is_low": false, "text": "AREA BOUNDED BY (264305S 0293437E, 264302S 0293813E, 264535S\n0293932E, 264558S 0293432E): UAS OPS (400FT AGL) TAKING PLACE. FUA\nREF: AV 22/07-2.", "centre_lat": -26.740277777777777, "centre_lon": 29.61208333333333, "radius_nm": null}, "geometry": {"type": "Polygon", "coordinates": [[[29.576944444444443, -26.718055555555555], [29.636944444444445, -26.71722222222222], [29.65888888888889, -26.759722222222223], [29.575555555555557, -26.766111111111112], [29.576944444444443, -26.718055555555555]]]}}, {"type": "Feature", "properties": {"index": 423, "id": "C3771/26", "location": "FAJA", "valid_from": "2607250000", "valid_to": "2610222359", "height_ft": 5100, "is_low": false, "text": "LONE HILL, JOHANNESBURG, GAUTENG (260059S 0280146E, 260102S 0280150E,\n260106S 0280148E, 260102S 0280143E): REMOTELY PILOTED AIRCRAFT\nSYSTEMS (RPAS) OPS (400FT AGL) TAKING PLACE BEYOND VISUAL LINE OF\nSIGHT (BVLOS).", "centre_lat": -26.017291666666665, "centre_lon": 28.029652777777777, "radius_nm": null}, "geometry": {"type": "Polygon", "coordinates": [[[28.029444444444444, -26.01638888888889], [28.030555555555555, -26.01722222222222], [28.029999999999998, -26.01833333333333], [28.02861111111111, -26.01722222222222], [28.029444444444444, -26.01638888888889]]]}}, {"type": "Feature", "properties": {"index": 424, "id": "C3757/26", "location": "FARB", "valid_from": "2607232200", "valid_to": "2609302159", "height_ft": 656, "is_low": true, "text": "RICHARDS BAY, KWAZULU-NATAL (281555S 0321521E, 281548S 0322311E,\n285455S 0315247E, 285051S 0314947E): REMOTELY PILOTED AIRCRAFT\nSYSTEMS (RPAS) OPS (800FT AGL) TAKING PLACE. FUA REF : AV 01/07-1", "centre_lat": -28.572847222222222, "centre_lon": 32.087916666666665, "radius_nm": null}, "geometry": {"type": "Polygon", "coordinates": [[[32.255833333333335, -28.26527777777778], [32.38638888888889, -28.263333333333332], [31.879722222222224, -28.915277777777778], [31.829722222222223, -28.8475], [32.255833333333335, -28.26527777777778]]]}}, {"type": "Feature", "properties": {"index": 425, "id": "C3756/26", "location": "FAHL", "valid_from": "2607232200", "valid_to": "2609302159", "height_ft": 1254, "is_low": false, "text": "GOLELA TO MFEKAYI, KWAZULU-NATAL (271831S 0320220E, 271914S 0314539E,\n281600 S0320948E, 281544S 0322705E): REMOTELY PILOTED AIRCRAFT\nSYSTEMS (RPAS) OPS (800FT AGL) TAKING PLACE. FUA REF: AV 01/07-1.", "centre_lat": -27.630462962962962, "centre_lon": 32.0837037037037, "radius_nm": null}, "geometry": {"type": "Polygon", "coordinates": [[[32.038888888888884, -27.308611111111112], [31.760833333333334, -27.320555555555554], [32.45138888888889, -28.26222222222222], [32.038888888888884, -27.308611111111112]]]}}, {"type": "Feature", "properties": {"index": 426, "id": "C3754/26", "location": "FAGY", "valid_from": "2607240000", "valid_to": "2610212359", "height_ft": 4092, "is_low": false, "text": "HERMANNSBURG FACTORY, HERMANNSBURG, KWAZULU-NATAL, (290035S 0304653E,\n290043S 0304717E, 290122S 0304646E, 290111S 0304630E): UNMANNED\nAERIAL VEHICLE (UAV) OPS (400FT AGL) TAKING PLACE BEYOND VISUAL LINE\nOF SIGHT (BVLOS).", "centre_lat": -29.016041666666666, "centre_lon": 30.780972222222225, "radius_nm": null}, "geometry": {"type": "Polygon", "coordinates": [[[30.781388888888888, -29.009722222222223], [30.78805555555556, -29.011944444444445], [30.779444444444444, -29.022777777777776], [30.775, -29.01972222222222], [30.781388888888888, -29.009722222222223]]]}}, {"type": "Feature", "properties": {"index": 427, "id": "C3751/26", "location": "FATB", "valid_from": "2607270500", "valid_to": "2608241700", "height_ft": null, "is_low": false, "text": "AD CLSD.\nC3749/26", "centre_lat": -24.416666666666668, "centre_lon": 31.166666666666668, "radius_nm": 5}, "geometry": {"type": "Point", "coordinates": [31.166666666666668, -24.416666666666668]}}, {"type": "Feature", "properties": {"index": 428, "id": "C3749/26", "location": "FARB", "valid_from": "2607270400", "valid_to": "2610240400", "height_ft": 477, "is_low": true, "text": "AREA BOUNDED BY (284846S 0320349E, 284830S 0320319E, 284950S\n0320301E, 284939S 0320239E): UAS OPS (450FT AGL) TAKING PLACE BEYOND\nVISUAL LINE OF SIGHT (BVLOS).", "centre_lat": -28.819791666666667, "centre_lon": 32.05333333333333, "radius_nm": null}, "geometry": {"type": "Polygon", "coordinates": [[[32.06361111111111, -28.81277777777778], [32.055277777777775, -28.808333333333334], [32.05027777777777, -28.830555555555556], [32.04416666666666, -28.8275], [32.06361111111111, -28.81277777777778]]]}}, {"type": "Feature", "properties": {"index": 429, "id": "C3738/26", "location": "FAJA", "valid_from": "2607211351", "valid_to": "2610182359", "height_ft": 6192, "is_low": false, "text": "SOUTHDEEP GOLDFIELDS MINE, GAUTENG (262813S 0273723E, 262316S\n0273929E, 262441S 0274221E, 262913S 0273941E): UNMANNED AERIAL\nVEHICLE (UAV) OPS (1000FT AGL) TAKING PLACE BEYOND VISUAL LINE OF\nSIGHT (BVLOS). FUA REF: MM 16/07-2", "centre_lat": -26.439097222222223, "centre_lon": 27.662083333333335, "radius_nm": null}, "geometry": {"type": "Polygon", "coordinates": [[[27.623055555555556, -26.470277777777778], [27.658055555555553, -26.387777777777778], [27.70583333333333, -26.411388888888887], [27.661388888888887, -26.486944444444447], [27.623055555555556, -26.470277777777778]]]}}, {"type": "Feature", "properties": {"index": 430, "id": "C3737/26", "location": "FARB", "valid_from": "2607211314", "valid_to": "2610182359", "height_ft": 423, "is_low": true, "text": "RICHARDS BAY HARBOUR, KWAZULU-NATAL (284734S 0315814E, 284453S\n0320214E, 284734S 0320621E, 285104S 0320237E): UAS OPS (400FT AGL)\nTAKING PLACE BEYOND VISUAL LINE OF SIGHT (BVLOS). FUA REF: AV\n20/07-8.", "centre_lat": -28.796180555555555, "centre_lon": 32.03930555555556, "radius_nm": null}, "geometry": {"type": "Polygon", "coordinates": [[[31.970555555555553, -28.79277777777778], [32.03722222222222, -28.748055555555556], [32.10583333333334, -28.79277777777778], [32.04361111111111, -28.851111111111113], [31.970555555555553, -28.79277777777778]]]}}, {"type": "Feature", "properties": {"index": 431, "id": "C3735/26", "location": "FASC", "valid_from": "2607212359", "valid_to": "2610182359", "height_ft": 6798, "is_low": false, "text": "EVANDER MINE, EVANDER, MPUMALANGA (263148S 0290101E, 262624S\n0290353E, 262807S 0290913E, 263258S 0290604E): UNMANNED AERIAL\nVEHICLE (UAV) OPS (400FT AGL) TAKING PLACE BEYOND VISUAL LINE OF\nSIGHT (BVLOS). FUA REF: DF 16/07-3.", "centre_lat": -26.497013888888887, "centre_lon": 29.084097222222223, "radius_nm": null}, "geometry": {"type": "Polygon", "coordinates": [[[29.016944444444444, -26.529999999999998], [29.064722222222223, -26.44], [29.15361111111111, -26.46861111111111], [29.101111111111113, -26.549444444444447], [29.016944444444444, -26.529999999999998]]]}}, {"type": "Feature", "properties": {"index": 432, "id": "C3734/26", "location": "FAKR", "valid_from": "2607211236", "valid_to": "2610182359", "height_ft": 6753, "is_low": false, "text": "AREA BOUNDED BY (260815S 0274129E, 260520S 0274456E, 260733S\n0274844E, 261046S 0274522E): UNMANNED AERIAL VEHICLE (UAV) OPS\n(1000FT AGL) TAKING PLACE BEYOND VISUAL LINE OF SIGHT (BVLOS). FUA\nREF: MM 16/07-1.", "centre_lat": -26.132916666666667, "centre_lon": 27.752152777777777, "radius_nm": null}, "geometry": {"type": "Polygon", "coordinates": [[[27.691388888888888, -26.1375], [27.74888888888889, -26.08888888888889], [27.81222222222222, -26.125833333333333], [27.75611111111111, -26.179444444444446], [27.691388888888888, -26.1375]]]}}, {"type": "Feature", "properties": {"index": 433, "id": "C3732/26", "location": "FACA", "valid_from": "2607220001", "valid_to": "2610192359", "height_ft": 3175, "is_low": false, "text": "FAD 59, ETTERBY FARM, KWAZULU-NATAL (295144S 0300954E, 295014S\n0301121E, 295045S 0301159E, 295216S 0301042E): UNMANNED AERIAL\nVEHICLE (UAV) OPS (400FT AGL) TAKING PLACE BEYOND VISUAL LINE OF\nSIGHT (BVLOS).", "centre_lat": -29.854097222222222, "centre_lon": 30.183055555555555, "radius_nm": null}, "geometry": {"type": "Polygon", "coordinates": [[[30.165, -29.862222222222222], [30.189166666666665, -29.83722222222222], [30.199722222222224, -29.84583333333333], [30.178333333333335, -29.871111111111112], [30.165, -29.862222222222222]]]}}, {"type": "Feature", "properties": {"index": 434, "id": "C3726/26", "location": "FAJA", "valid_from": "2607211028", "valid_to": "2610192359", "height_ft": 4191, "is_low": false, "text": "BARBERTON MINE, MPUMALANGA (254422S 0310223E, 253725S 0310309E,\n253923S 0311042E, 254555S 0310911E): UNMANNED AERIAL VEHICLE (UAV)\nOPS (1000FT AGL) TAKING PLACE BEYOND VISUAL LINE OF SIGHT (BVLOS).\nFUA REF: DF 16/07-4.", "centre_lat": -25.696180555555557, "centre_lon": 31.10590277777778, "radius_nm": null}, "geometry": {"type": "Polygon", "coordinates": [[[31.039722222222224, -25.739444444444445], [31.052500000000002, -25.62361111111111], [31.178333333333335, -25.656388888888888], [31.153055555555554, -25.76527777777778], [31.039722222222224, -25.739444444444445]]]}}, {"type": "Feature", "properties": {"index": 435, "id": "C3725/26", "location": "FACA", "valid_from": "2607222359", "valid_to": "2610182359", "height_ft": 764, "is_low": true, "text": "BONNIEVALE, WESTERN CAPE (335350S 0200459E, 340000S 0201458E, 340135S\n0201258E, 335701S 0200122E): UNMANNED AERIAL VEHICLE (UAV) OPS (400FT\nAGL) TAKING PLACE BEYOND VISUAL LINE OF SIGHT (BVLOS).", "centre_lat": -33.96847222222222, "centre_lon": 20.142847222222223, "radius_nm": null}, "geometry": {"type": "Polygon", "coordinates": [[[20.083055555555557, -33.89722222222222], [20.249444444444446, -34.0], [20.21611111111111, -34.02638888888889], [20.022777777777776, -33.95027777777778], [20.083055555555557, -33.89722222222222]]]}}, {"type": "Feature", "properties": {"index": 436, "id": "C3724/26", "location": "FAJA", "valid_from": "2607210948", "valid_to": "2610182359", "height_ft": 4797, "is_low": false, "text": "BOKFONTEIN, NORTH WEST (254130S 0273019E, 254023S 0274449E, 254414S\n0274525E, 254432S 0273038E): UNMANNED AERIAL VEHICLE (UAV) OPS\n(1000FT AGL) TAKING PLACE BEYOND VISUAL LINE OF SIGHT (BVLOS). FUA\nREF: GN 30/04-8.", "centre_lat": -25.71104166666667, "centre_lon": 27.629930555555553, "radius_nm": null}, "geometry": {"type": "Polygon", "coordinates": [[[27.505277777777778, -25.691666666666666], [27.746944444444445, -25.673055555555557], [27.756944444444443, -25.737222222222222], [27.510555555555555, -25.742222222222225], [27.505277777777778, -25.691666666666666]]]}}, {"type": "Feature", "properties": {"index": 437, "id": "C3720/26", "location": "FAGM", "valid_from": "2607210745", "valid_to": "2610181200", "height_ft": null, "is_low": false, "text": "TWR VDF 118.7 MHZ INTERMITTENT.\nC3716/26", "centre_lat": -26.25, "centre_lon": 28.15, "radius_nm": 25}, "geometry": {"type": "Point", "coordinates": [28.15, -26.25]}}, {"type": "Feature", "properties": {"index": 438, "id": "C3716/26", "location": "FAJA", "valid_from": "2607230000", "valid_to": "2610202359", "height_ft": 1508, "is_low": false, "text": "STUTTGROUP 3, KWETYANA, EASTERN CAPE (325015S 0274938E, 325021S\n0275026E, 325020S 0275020E, 325034S 0274946E): UNMANNED AERIAL\nVEHICLE (UAV) OPS (400FT AGL) TAKING PLACE BEYOND VISUAL LINE OF\nSIGHT (BVLOS).", "centre_lat": -32.83958333333334, "centre_lon": 27.834027777777777, "radius_nm": null}, "geometry": {"type": "Polygon", "coordinates": [[[27.827222222222222, -32.837500000000006], [27.840555555555554, -32.83916666666667], [27.83888888888889, -32.83888888888889], [27.829444444444444, -32.84277777777778], [27.827222222222222, -32.837500000000006]]]}}, {"type": "Feature", "properties": {"index": 439, "id": "C3715/26", "location": "FACA", "valid_from": "2607220001", "valid_to": "2610192359", "height_ft": 2301, "is_low": false, "text": "STUTT GROUP 1, FORT BEAUFORT, EASTERN CAPE (324753S 0263210E, 324753S\n0263230E, 324804S 0263226E, 324758S 0263208E): UNMANNED AERIAL\nVEHICLE (UAV) OPS (400FT AGL) TAKING PLACE BEYOND VISUAL LINE OF\nSIGHT (BVLOS).", "centre_lat": -32.799166666666665, "centre_lon": 26.538472222222225, "radius_nm": null}, "geometry": {"type": "Polygon", "coordinates": [[[26.53611111111111, -32.79805555555556], [26.541666666666668, -32.79805555555556], [26.540555555555557, -32.801111111111105], [26.535555555555558, -32.79944444444444], [26.53611111111111, -32.79805555555556]]]}}, {"type": "Feature", "properties": {"index": 440, "id": "C3714/26", "location": "FACA", "valid_from": "2607230001", "valid_to": "2610202359", "height_ft": 3306, "is_low": false, "text": "STUTTGROUP 2, STUTTERHEIM, EASTERN CAPE (323701S 0272757E, 323709S\nW5-HC4XRP-CT - 24AUG26 0600 ATNS 63/111\n0272815E, 323723S 0272806E, 323718S 0272753E): UNMANNED AERIAL\nVEHICLE (UAV) OPS (400FT AGL) TAKING PLACE BEYOND VISUAL LINE OF\nSIGHT (BVLOS).", "centre_lat": -32.620555555555555, "centre_lon": 27.466296296296292, "radius_nm": null}, "geometry": {"type": "Polygon", "coordinates": [[[27.465833333333332, -32.61694444444444], [27.46833333333333, -32.62305555555555], [27.46472222222222, -32.62166666666667], [27.465833333333332, -32.61694444444444]]]}}, {"type": "Feature", "properties": {"index": 441, "id": "C3688/26", "location": "FAJA", "valid_from": "2607230500", "valid_to": "2610151700", "height_ft": 6160, "is_low": false, "text": "COROBRIK KWASTINA PMA, FREE STATE (262030S 0273050E, 262030S\n0273350E, 262230S 0273350E, 262230S 0273050E): UAS OPS (1000FT AGL)\nTAKING PLACE BEYOND VISUAL LINE OF SIGHT (BVLOS).", "centre_lat": -26.358333333333334, "centre_lon": 27.53888888888889, "radius_nm": null}, "geometry": {"type": "Polygon", "coordinates": [[[27.51388888888889, -26.341666666666665], [27.56388888888889, -26.341666666666665], [27.56388888888889, -26.375], [27.51388888888889, -26.375], [27.51388888888889, -26.341666666666665]]]}}, {"type": "Feature", "properties": {"index": 442, "id": "C3687/26", "location": "FAJA", "valid_from": "2607230500", "valid_to": "2610150719", "height_ft": 5771, "is_low": false, "text": "NEW VAAL MINE PMA, FREE STATE (264000S 0275300E, 264000S 0280100E,\n265000S 0280100E, 265000S 0275300E): UAS OPS (1000FT AGL) TAKING\nPLACE BEYOND VISUAL LINE OF SIGHT (BVLOS).", "centre_lat": -26.75, "centre_lon": 27.949999999999996, "radius_nm": null}, "geometry": {"type": "Polygon", "coordinates": [[[27.883333333333333, -26.666666666666668], [28.016666666666666, -26.666666666666668], [28.016666666666666, -26.833333333333332], [27.883333333333333, -26.833333333333332], [27.883333333333333, -26.666666666666668]]]}}, {"type": "Feature", "properties": {"index": 443, "id": "C3686/26", "location": "FADB", "valid_from": "2607230500", "valid_to": "2610151700", "height_ft": 4694, "is_low": false, "text": "DWAALBOOM, LIMPOPO (244847S 0264922E, 244824S 0265003E, 244900S\n0265025E, 244920S 0264943E): UAS OPS (1000FT AGL) TAKING PLACE.", "centre_lat": -24.814652777777777, "centre_lon": 26.831458333333334, "radius_nm": null}, "geometry": {"type": "Polygon", "coordinates": [[[26.822777777777777, -24.813055555555557], [26.834166666666665, -24.80666666666667], [26.840277777777775, -24.816666666666666], [26.828611111111112, -24.822222222222223], [26.822777777777777, -24.813055555555557]]]}}, {"type": "Feature", "properties": {"index": 444, "id": "C3684/26", "location": "FAJA", "valid_from": "2607230500", "valid_to": "2610151700", "height_ft": 4033, "is_low": false, "text": "EXXARO GROOTEGELUK PMA, LIMPOPO (233900S 0272700E, 233537S 0273454E,\n233946S 0273659E, 234304S 0272904E): UAS OPS (1000FT AGL) TAKING\nPLACE IN BEYOND VISUAL LINE OF SIGHT (BVLOS).", "centre_lat": -23.656041666666667, "centre_lon": 27.533125000000002, "radius_nm": null}, "geometry": {"type": "Polygon", "coordinates": [[[27.45, -23.65], [27.581666666666667, -23.59361111111111], [27.616388888888892, -23.662777777777777], [27.484444444444446, -23.717777777777776], [27.45, -23.65]]]}}, {"type": "Feature", "properties": {"index": 445, "id": "C3681/26", "location": "FAJA", "valid_from": "2607230500", "valid_to": "2610151700", "height_ft": 5911, "is_low": false, "text": "NEW LARGO MINE PMA, MPUMALANGA (255700S 0285300E, 255700S 0285700E,\n260000S 0285700E, 260000S 0285300E): UAS OPS (1000FT AGL) TAKING\nPLACE IN BEYOND VISUAL LINE OF SIGHT (BVLOS).", "centre_lat": -25.975, "centre_lon": 28.916666666666664, "radius_nm": null}, "geometry": {"type": "Polygon", "coordinates": [[[28.883333333333333, -25.95], [28.95, -25.95], [28.95, -26.0], [28.883333333333333, -26.0], [28.883333333333333, -25.95]]]}}, {"type": "Feature", "properties": {"index": 446, "id": "C3676/26", "location": "FACA", "valid_from": "2607210000", "valid_to": "2610182359", "height_ft": 1471, "is_low": false, "text": "ST HELENA BAY, WESTERN CAPE (324346S 0175644E, 324235S 0175757E,\n324531S 0180204E, 324623S 0180119E): UNMANNED AERIAL VEHICLE (UAV)\nOPS (1000FT AGL) TAKING PLACE BEYOND VISUAL LINE OF SIGHT (BVLOS).\nFUA REF: AVJ 07/07-02.", "centre_lat": -32.74270833333333, "centre_lon": 17.991944444444442, "radius_nm": null}, "geometry": {"type": "Polygon", "coordinates": [[[17.945555555555554, -32.72944444444445], [17.965833333333332, -32.709722222222226], [18.034444444444446, -32.75861111111111], [18.021944444444443, -32.77305555555555], [17.945555555555554, -32.72944444444445]]]}}, {"type": "Feature", "properties": {"index": 447, "id": "C3675/26", "location": "FAJA", "valid_from": "2607200000", "valid_to": "2609262359", "height_ft": 6899, "is_low": false, "text": "SASOLBURG TO SECUNDA, MPUMALANGA (263001S 0291003E, 263626S 0291153E,\nW5-HC4XRP-CT - 24AUG26 0600 ATNS 64/111\n265324S 0275116E, 264645S 0274929E): UAS OPS (1500FT AGL) TAKING\nPLACE. BEYOND VISUAL LINE OF SIGHT (BVLOS). FUA REF: MM 24/06-2.", "centre_lat": -26.694166666666668, "centre_lon": 28.511180555555555, "radius_nm": null}, "geometry": {"type": "Polygon", "coordinates": [[[29.1675, -26.50027777777778], [29.198055555555555, -26.607222222222223], [27.854444444444447, -26.89], [27.82472222222222, -26.779166666666665], [29.1675, -26.50027777777778]]]}}, {"type": "Feature", "properties": {"index": 448, "id": "C3673/26", "location": "FAGM", "valid_from": "2607191348", "valid_to": "2610161200", "height_ft": null, "is_low": false, "text": "TEL LINE U/S. TEMPO CTC TEL NR 0726901801.\nC3662/26", "centre_lat": -26.25, "centre_lon": 28.15, "radius_nm": 5}, "geometry": {"type": "Point", "coordinates": [28.15, -26.25]}}, {"type": "Feature", "properties": {"index": 449, "id": "C3662/26", "location": "FAJA", "valid_from": "2607171411", "valid_to": "2610140800", "height_ft": null, "is_low": false, "text": "AGGENEYS, NORTHERN CAPE\n292830.94S 0185827.44E (1057M AMSL)\n293007.68S 0185207.94E (1125M AMSL)\n293147.84S 0185709.47E (1053M AMSL)\n292952.08S 0184814.88E (1110M AMSL) 4X WIND MEASURING MAST ERECTED.\nC3655/26", "centre_lat": -29.5, "centre_lon": 18.866666666666667, "radius_nm": 5}, "geometry": {"type": "Point", "coordinates": [18.866666666666667, -29.5]}}, {"type": "Feature", "properties": {"index": 450, "id": "C3655/26", "location": "FAJA", "valid_from": "2607170643", "valid_to": "2610142359", "height_ft": 5838, "is_low": false, "text": "BETHAL, MPUMALANGA (262531S 0292830E, 262529S 0293017E, 262922S\n0292942E, 262922S 0292921E): UNMANNED AERIAL VEHICLE (UAV) OPS (400FT\nAGL) TAKING PLACE BEYOND VISUAL LINE OF SIGHT (BVLOS).", "centre_lat": -26.45722222222222, "centre_lon": 29.490972222222222, "radius_nm": null}, "geometry": {"type": "Polygon", "coordinates": [[[29.474999999999998, -26.42527777777778], [29.504722222222224, -26.424722222222222], [29.495, -26.489444444444445], [29.489166666666666, -26.489444444444445], [29.474999999999998, -26.42527777777778]]]}}, {"type": "Feature", "properties": {"index": 451, "id": "C3638/26", "location": "FABP", "valid_from": "2607151459", "valid_to": "2608312359", "height_ft": 4425, "is_low": false, "text": "MUKULU MINE,NORTHERN CAPE (270818S 0225059E,270922S 0225242E, 270823S\n0225311E, 270743S 0225231E): UAS OPS (1000FT AGL) TAKING PLACE BEYOND\nVISUAL\nLINE OF SIGHT (BVLOS).", "centre_lat": -27.140694444444442, "centre_lon": 22.872430555555557, "radius_nm": null}, "geometry": {"type": "Polygon", "coordinates": [[[22.849722222222223, -27.138333333333332], [22.878333333333334, -27.15611111111111], [22.886388888888888, -27.139722222222222], [22.87527777777778, -27.128611111111113], [22.849722222222223, -27.138333333333332]]]}}, {"type": "Feature", "properties": {"index": 452, "id": "C3635/26", "location": "FAJA", "valid_from": "2608270730", "valid_to": "2608281500", "height_ft": 4521, "is_low": false, "text": "1NM CENTERED AT ZEBULA (244558S 0275758E): AEROBATICS BOX\nESTABLISHED.", "centre_lat": -24.766111111111112, "centre_lon": 27.96611111111111, "radius_nm": 1}, "geometry": {"type": "Point", "coordinates": [27.96611111111111, -24.766111111111112]}}, {"type": "Feature", "properties": {"index": 453, "id": "C3634/26", "location": "FAXX", "valid_from": "2607170400", "valid_to": "2610141200", "height_ft": 400, "is_low": true, "text": "AREOSAND AIRFIELD (253344.69S 0282633.86E):\nAREA BOUNDED BY (252956.3S 0282725.62E, 253004.662S 0282740.257E,\n253011.036S 0282705.972E, 253013.729S 0282747.295E): UAS OPS TAKING\nPLACE.", "centre_lat": -25.5, "centre_lon": 28.45, "radius_nm": 1}, "geometry": {"type": "Point", "coordinates": [28.45, -25.5]}}, {"type": "Feature", "properties": {"index": 454, "id": "C3627/26", "location": "FAFB", "valid_from": "2607150649", "valid_to": "2610122359", "height_ft": 400, "is_low": true, "text": "AREA BOUNDED BY (285227S 0275324E, 285243S 0275344E, 285309S\n0275317E, 285259S 0275300E): UNMANNED AERIAL VEHICLE (UAV) OPS TAKING\nPLACE BEYOND VISUAL LINE OF SIGHT (BVLOS).", "centre_lat": -28.88041666666667, "centre_lon": 27.88923611111111, "radius_nm": null}, "geometry": {"type": "Polygon", "coordinates": [[[27.89, -28.874166666666667], [27.895555555555553, -28.878611111111113], [27.888055555555557, -28.885833333333334], [27.883333333333333, -28.883055555555558], [27.89, -28.874166666666667]]]}}, {"type": "Feature", "properties": {"index": 455, "id": "C3616/26", "location": "FARB", "valid_from": "2607141515", "valid_to": "2608301400", "height_ft": null, "is_low": false, "text": "JET A1 FUEL NOT AVBL FOR SKED TFC/CODE C ACFT DUE TO PRKG BAY 1 AND\n2 BEING U/S FOR CODE C ACFT. ACFT OPS ARE ADZ TO UPLIFT FM PREVIOUS\nSTN.\nC3615/26", "centre_lat": -28.733333333333334, "centre_lon": 32.1, "radius_nm": 5}, "geometry": {"type": "Point", "coordinates": [32.1, -28.733333333333334]}}, {"type": "Feature", "properties": {"index": 456, "id": "C3615/26", "location": "FARB", "valid_from": "2607141508", "valid_to": "2608311400", "height_ft": null, "is_low": false, "text": "PRKG BAY 1 AND TWY 1 (PROVIDING ACCESS TO APN 1) U/S FOR CODE C ACFT.\nC3614/26", "centre_lat": -28.733333333333334, "centre_lon": 32.1, "radius_nm": 5}, "geometry": {"type": "Point", "coordinates": [32.1, -28.733333333333334]}}, {"type": "Feature", "properties": {"index": 457, "id": "C3614/26", "location": "FARB", "valid_from": "2607141504", "valid_to": "2608311400", "height_ft": null, "is_low": false, "text": "PRKG BAY 2 AND TWY 2 (PROVIDING ACCESS TO APN 2) CLSD.\nC3612/26", "centre_lat": -28.733333333333334, "centre_lon": 32.1, "radius_nm": 5}, "geometry": {"type": "Point", "coordinates": [32.1, -28.733333333333334]}}, {"type": "Feature", "properties": {"index": 458, "id": "C3612/26", "location": "FAJA", "valid_from": "2607150000", "valid_to": "2610122359", "height_ft": 1483, "is_low": false, "text": "MARIANNHILL, KWAZULU-NATAL (294905S 0304804E, 294948S 0305346E,\n295033S 0305328E, 295002S 0304811E): UNMANNED AERIAL VEHICLE (UAV)\nOPS (400FT AGL) TAKING PLACE BEYOND VISUAL LINE OF SIGHT (BVLOS).", "centre_lat": -29.831111111111113, "centre_lon": 30.847847222222224, "radius_nm": null}, "geometry": {"type": "Polygon", "coordinates": [[[30.801111111111112, -29.818055555555556], [30.89611111111111, -29.83], [30.891111111111112, -29.842499999999998], [30.803055555555556, -29.833888888888886], [30.801111111111112, -29.818055555555556]]]}}, {"type": "Feature", "properties": {"index": 459, "id": "C3610/26", "location": "FAJA", "valid_from": "2607170400", "valid_to": "2610111200", "height_ft": 4619, "is_low": false, "text": "AREA BOUNDED BY (272412S 0254256E, 275229S 0254131E, 280358S\n0252125E, 280340S 0250214E): REMOTELY PILOTED AIRCRAFT SYSTEMS (RPAS)\nOPS (400FT AGL) TAKING PLACE.", "centre_lat": -27.851319444444446, "centre_lon": 25.45041666666667, "radius_nm": null}, "geometry": {"type": "Polygon", "coordinates": [[[25.715555555555554, -27.403333333333332], [25.691944444444445, -27.87472222222222], [25.356944444444444, -28.066111111111113], [25.037222222222223, -28.061111111111114], [25.715555555555554, -27.403333333333332]]]}}, {"type": "Feature", "properties": {"index": 460, "id": "C3606/26", "location": "FACA", "valid_from": "2607150500", "valid_to": "2610101900", "height_ft": 1145, "is_low": false, "text": "FAD192, AREA BOUNDED BY (332756S 0265731E, 332755S 0265710E, 332726S\n0265720E, 332730S 0265749E): REMOTELY PILOTED AIRCRAFT SYSTEMS (RPAS)\nOPS (400FT AGL) TAKING PLACE.", "centre_lat": -33.461597222222224, "centre_lon": 26.957638888888887, "radius_nm": null}, "geometry": {"type": "Polygon", "coordinates": [[[26.95861111111111, -33.46555555555556], [26.952777777777776, -33.46527777777778], [26.955555555555556, -33.45722222222223], [26.96361111111111, -33.458333333333336], [26.95861111111111, -33.46555555555556]]]}}, {"type": "Feature", "properties": {"index": 461, "id": "C3605/26", "location": "FAKD", "valid_from": "2607140916", "valid_to": "2610111200", "height_ft": 4817, "is_low": false, "text": "AREA BOUNDED BY (264701S 0265704E, 264821S 0265433E, 265111S\n0264710E, 265340S 0263647E): UAS OPS (400FT AGL) TAKING PLACE.", "centre_lat": -26.83423611111111, "centre_lon": 26.81486111111111, "radius_nm": null}, "geometry": {"type": "Polygon", "coordinates": [[[26.95111111111111, -26.783611111111114], [26.909166666666664, -26.805833333333332], [26.78611111111111, -26.853055555555557], [26.613055555555558, -26.894444444444446], [26.95111111111111, -26.783611111111114]]]}}, {"type": "Feature", "properties": {"index": 462, "id": "C3602/26", "location": "FABP", "valid_from": "2607220300", "valid_to": "2610201700", "height_ft": 4429, "is_low": false, "text": "WESSELS MINE, HOTAZEL, NORTHERN CAPE (270616S 0225043E, 270616S\n0225200E, 270725S 0225157E, 270724S 0225047E): REMOTELY PILOTED\nAIRCRAFT SYSTEMS (RPAS) OPS (1000FT AGL) TAKING PLACE BEYOND VISUAL\nLINE OF SIGH (BVLOS).", "centre_lat": -27.113958333333336, "centre_lon": 22.85604166666667, "radius_nm": null}, "geometry": {"type": "Polygon", "coordinates": [[[22.845277777777778, -27.104444444444447], [22.866666666666667, -27.104444444444447], [22.865833333333335, -27.12361111111111], [22.84638888888889, -27.123333333333335], [22.845277777777778, -27.104444444444447]]]}}, {"type": "Feature", "properties": {"index": 463, "id": "C3600/26", "location": "FAJA", "valid_from": "2607200300", "valid_to": "2610171700", "height_ft": 4743, "is_low": false, "text": "MAMATWAN MINE, NORTHERN CAPE (272421S 0225917E, 272423S 0225927E,\n272247S 0230007E, 272245S 0225922E, 272329S 0225938E): REMOTELY\nPILOTED AIRCRAFT SYSTEMS (RPAS) OPS (1000FT AGL) TAKING PLACE BEYOND\nVISUAL LINE OF SIGHT (BVLOS).", "centre_lat": -27.392500000000002, "centre_lon": 22.992833333333333, "radius_nm": null}, "geometry": {"type": "Polygon", "coordinates": [[[22.988055555555558, -27.40583333333333], [22.990833333333335, -27.406388888888888], [23.001944444444444, -27.379722222222224], [22.989444444444445, -27.379166666666666], [22.99388888888889, -27.391388888888887], [22.988055555555558, -27.40583333333333]]]}}, {"type": "Feature", "properties": {"index": 464, "id": "C3587/26", "location": "FAJA", "valid_from": "2607160000", "valid_to": "2610112359", "height_ft": 5851, "is_low": false, "text": "PALESA, KWAMHLANGA, GAUTENG (253130S 0284427E, 253030S 0284910E,\n253306S 0284937E, 253344S 0284507E): UNMANNED AERIAL VEHICLE (UAV)\nOPS (1000FT AGL) TAKING PLACE BEYOND VISUAL LINE OF SIGHT (BVLOS).\nFUA REF: TM 25/05-5.", "centre_lat": -25.536805555555553, "centre_lon": 28.784791666666667, "radius_nm": null}, "geometry": {"type": "Polygon", "coordinates": [[[28.740833333333335, -25.525], [28.819444444444443, -25.508333333333333], [28.826944444444443, -25.551666666666666], [28.751944444444444, -25.56222222222222], [28.740833333333335, -25.525]]]}}, {"type": "Feature", "properties": {"index": 465, "id": "C3568/26", "location": "FARB", "valid_from": "2607121135", "valid_to": "2610091600", "height_ft": null, "is_low": false, "text": "TWR 118.9 MHZ OPS HR CHG TO:\nMON-TUE 0500-1500\nWED-FRI 0630-1600\nSAT 0800-1200\nSUN 0800-1600.\nC3567/26", "centre_lat": -28.733333333333334, "centre_lon": 32.1, "radius_nm": 5}, "geometry": {"type": "Point", "coordinates": [32.1, -28.733333333333334]}}, {"type": "Feature", "properties": {"index": 466, "id": "C3567/26", "location": "FAPA", "valid_from": "2607120643", "valid_to": "2610091200", "height_ft": null, "is_low": false, "text": "CONST OF NEW RWY (35M S OF RWY 10R/28L) TAKING PLACE.\nC3560/26", "centre_lat": -33.56666666666667, "centre_lon": 26.883333333333333, "radius_nm": 5}, "geometry": {"type": "Point", "coordinates": [26.883333333333333, -33.56666666666667]}}, {"type": "Feature", "properties": {"index": 467, "id": "C3560/26", "location": "FARB", "valid_from": "2607111530", "valid_to": "2609111530", "height_ft": null, "is_low": false, "text": "SCHEDULED TFC TO PARK AT THE PRKG BAY IN FRONT OF THE TERMINAL DUE\nTO PRKG 1 AND 2 U/S FOR CODE C ACFT.\nC3556/26", "centre_lat": -28.733333333333334, "centre_lon": 32.1, "radius_nm": 5}, "geometry": {"type": "Point", "coordinates": [32.1, -28.733333333333334]}}, {"type": "Feature", "properties": {"index": 468, "id": "C3556/26", "location": "FAVG", "valid_from": "2607121700", "valid_to": "2610092000", "height_ft": 546, "is_low": true, "text": "DURBAN NORTH, KWAZULU NATAL (294816S 0310119E, 294816S 0310121E,\n294818S 0310123E, 294821S 0310121E): UAS OPS (400FT AGL) TAKING\nPLACE.FUA REF:GN 07075", "centre_lat": -29.804930555555558, "centre_lon": 31.022499999999997, "radius_nm": null}, "geometry": {"type": "Polygon", "coordinates": [[[31.021944444444443, -29.804444444444446], [31.022499999999997, -29.804444444444446], [31.023055555555555, -29.805], [31.022499999999997, -29.805833333333332], [31.021944444444443, -29.804444444444446]]]}}, {"type": "Feature", "properties": {"index": 469, "id": "C3554/26", "location": "FAGM", "valid_from": "2607110928", "valid_to": "2609101200", "height_ft": null, "is_low": false, "text": "PAPI RWY 17/35 AND 11/29 U/S.\nC3548/26", "centre_lat": -26.25, "centre_lon": 28.15, "radius_nm": 5}, "geometry": {"type": "Point", "coordinates": [28.15, -26.25]}}, {"type": "Feature", "properties": {"index": 470, "id": "C3548/26", "location": "FAJA", "valid_from": "2607130000", "valid_to": "2610102359", "height_ft": 415, "is_low": true, "text": "DURBAN HARBOUR, KWAZULU-NATAL (295327S 0310135E, 295257S 0310245E,\n295300S 0310248E, 295330S 0310138E): UNMANNED AERIAL VEHICLE (UAV)\nOPS (400FT AGL) TAKING PLACE BEYOND VISUAL LINE OF SIGHT (BVLOS).\nFUA REF: MM 10/07-2.", "centre_lat": -29.887083333333333, "centre_lon": 31.036527777777778, "radius_nm": null}, "geometry": {"type": "Polygon", "coordinates": [[[31.02638888888889, -29.890833333333333], [31.045833333333334, -29.8825], [31.046666666666667, -29.883333333333333], [31.02722222222222, -29.891666666666666], [31.02638888888889, -29.890833333333333]]]}}, {"type": "Feature", "properties": {"index": 471, "id": "C3538/26", "location": "FABM", "valid_from": "2607101351", "valid_to": "2610071000", "height_ft": null, "is_low": false, "text": "RWY 13/31 CLSD.\nC3530/26", "centre_lat": -28.25, "centre_lon": 28.333333333333332, "radius_nm": 5}, "geometry": {"type": "Point", "coordinates": [28.333333333333332, -28.25]}}, {"type": "Feature", "properties": {"index": 472, "id": "C3530/26", "location": "FAJA", "valid_from": "2607110000", "valid_to": "2610072359", "height_ft": 5032, "is_low": false, "text": "RUSTENBURG, NORTH WEST (254504S 0272017E, 254132S 0272137E, 254235S\n0272638E, 254516S 0272410E): UNMANNED AERIAL VEHICLE (UAV) OPS\n(1000FT AGL) TAKING PLACE BEYOND VISUAL LINE OF SIGHT (BVLOS). FUA\nREF: MM 10/07-1.", "centre_lat": -25.726875, "centre_lon": 27.38625, "radius_nm": null}, "geometry": {"type": "Polygon", "coordinates": [[[27.338055555555556, -25.75111111111111], [27.360277777777778, -25.692222222222224], [27.44388888888889, -25.709722222222222], [27.402777777777775, -25.754444444444445], [27.338055555555556, -25.75111111111111]]]}}, {"type": "Feature", "properties": {"index": 473, "id": "C3524/26", "location": "FATG", "valid_from": "2607130500", "valid_to": "2609171700", "height_ft": 4224, "is_low": false, "text": "THABAZIMBI PIPELINE, LIMPOPO (243757S 0271054E, 233819S 0272614E,\n234058S 0273833E, 244035S 0272306E): UAS OPS (1000FT AGL) TAKING\nPLACE BEYOND VISUAL LINE OF SIGHT (BVLOS).", "centre_lat": -24.157569444444444, "centre_lon": 27.41159722222222, "radius_nm": null}, "geometry": {"type": "Polygon", "coordinates": [[[27.18166666666667, -24.6325], [27.43722222222222, -23.63861111111111], [27.6425, -23.68277777777778], [27.384999999999998, -24.67638888888889], [27.18166666666667, -24.6325]]]}}, {"type": "Feature", "properties": {"index": 474, "id": "C3518/26", "location": "FACR", "valid_from": "2607091210", "valid_to": "2609302359", "height_ft": 6055, "is_low": false, "text": "AREA BOUNDED BY (261156S 0273758E, 262349S 0274706E, 263419S 027217E,\n262305S 0271346E): UAS OPS (800FT AGL) TAKING PLACE BEYOND VISUAL\nLINE OF SIGHT (BVLOS ). FUA REF: AV 09/07-4.", "centre_lat": -26.326851851851853, "centre_lon": 27.549074074074074, "radius_nm": null}, "geometry": {"type": "Polygon", "coordinates": [[[27.63277777777778, -26.198888888888888], [27.785, -26.396944444444443], [27.229444444444443, -26.384722222222223], [27.63277777777778, -26.198888888888888]]]}}, {"type": "Feature", "properties": {"index": 475, "id": "C3506/26", "location": "FARB", "valid_from": "2607130400", "valid_to": "2610062000", "height_ft": 428, "is_low": true, "text": "RICHARDS BAY HARBOUR RBCT (284930S 0320242E, 284830S 0320319E,\n284844S 0320347E, 284949S 0320259E): UAS OPS (400FT AGL) TAKING\nPLACE.", "centre_lat": -28.818958333333335, "centre_lon": 32.053263888888885, "radius_nm": null}, "geometry": {"type": "Polygon", "coordinates": [[[32.044999999999995, -28.825], [32.055277777777775, -28.808333333333334], [32.06305555555555, -28.81222222222222], [32.04972222222222, -28.830277777777777], [32.044999999999995, -28.825]]]}}, {"type": "Feature", "properties": {"index": 476, "id": "C3504/26", "location": "FAXX", "valid_from": "2607100500", "valid_to": "2610071600", "height_ft": 5316, "is_low": false, "text": "DONKERHOEK AIRFIELD (254903.53S 0282548.15E):\nAREA BOUNDED BY (254659S 0283257E, 254656S 0283307E, 254734S\n0283323E, 254731S 0283225E): UAS OPS (400FT AGL) TAKING PLACE.", "centre_lat": -25.7875, "centre_lon": 28.549444444444443, "radius_nm": null}, "geometry": {"type": "Polygon", "coordinates": [[[28.549166666666668, -25.783055555555556], [28.551944444444445, -25.78222222222222], [28.55638888888889, -25.79277777777778], [28.540277777777778, -25.791944444444447], [28.549166666666668, -25.783055555555556]]]}}, {"type": "Feature", "properties": {"index": 477, "id": "C3490/26", "location": "FAJA", "valid_from": "2607140001", "valid_to": "2610092359", "height_ft": 1638, "is_low": false, "text": "HIGHBURY MINE, HIBBERDENE, KWAZULU-NATAL (303517S 0302929E, 303541S\n0303103E, 303642S 0303037E, 303620S 0302910E): UNMANNED AERIAL\nVEHICLE (UAV) OPS (1000FT AGL) TAKING PLACE BEYOND VISUAL LINE OF\nSIGHT (BVLOS).\nFUA REF: AV 08/07-1.", "centre_lat": -30.599999999999998, "centre_lon": 30.501319444444444, "radius_nm": null}, "geometry": {"type": "Polygon", "coordinates": [[[30.49138888888889, -30.588055555555556], [30.5175, -30.59472222222222], [30.510277777777777, -30.611666666666668], [30.48611111111111, -30.605555555555558], [30.49138888888889, -30.588055555555556]]]}}, {"type": "Feature", "properties": {"index": 478, "id": "C3481/26", "location": "FAPT", "valid_from": "2607090600", "valid_to": "2609080600", "height_ft": 5076, "is_low": false, "text": "KOLOMELA MINE, POSTMASBURG (281817S 0225630E, 281829S 0230315E,\n282534S 0230321E, 282527S 0225623E): REMOTELY PILOTED AIRCRAFT\nSYSTEMS (RPAS) OPS (1000FT AGL) TAKING PLACE BEYOND VISUAL LINE OF\nSIGHT (BVLOS).", "centre_lat": -28.36576388888889, "centre_lon": 22.997847222222227, "radius_nm": null}, "geometry": {"type": "Polygon", "coordinates": [[[22.941666666666666, -28.304722222222225], [23.054166666666667, -28.308055555555555], [23.055833333333332, -28.426111111111112], [22.939722222222223, -28.424166666666668], [22.941666666666666, -28.304722222222225]]]}}, {"type": "Feature", "properties": {"index": 479, "id": "C3475/26", "location": "FAJA", "valid_from": "2607080641", "valid_to": "2608262359", "height_ft": 5926, "is_low": false, "text": "NTSHOVELO COLLIERY, DELMAS, MPUMALANGA, (260214S 0285232E, 260308S\n0285512E, 261049S 0284903E, 260910S 0284715E):  UNMANNED AERIAL\nVEHICLE (UAV) OPS (1000FT AGL) TAKING PLACE BEYOND VISUAL LINE OF\nSIGHT (BVLOS).\nFUA REF: TM 25/05-4.", "centre_lat": -26.105625, "centre_lon": 28.850138888888893, "radius_nm": null}, "geometry": {"type": "Polygon", "coordinates": [[[28.875555555555557, -26.037222222222223], [28.92, -26.052222222222223], [28.8175, -26.18027777777778], [28.7875, -26.152777777777775], [28.875555555555557, -26.037222222222223]]]}}, {"type": "Feature", "properties": {"index": 480, "id": "C3474/26", "location": "FABP", "valid_from": "2607140000", "valid_to": "2608262359", "height_ft": 4423, "is_low": false, "text": "TROLLOPE MOKALA, HOTAZEL, NORTHERN CAPE, (271050S 0225254E, 271053S\n0225529E, 271158S 0225521E, 271144S 0225257E): UNMANNED AERIAL\nVEHICLE (UAV) OPS (1000FT AGL) TAKING PLACE BEYOND VISUAL LINE OF\nSIGHT (BVLOS). FUA REF: TM 25/05-3.", "centre_lat": -27.189236111111114, "centre_lon": 22.90284722222222, "radius_nm": null}, "geometry": {"type": "Polygon", "coordinates": [[[22.881666666666668, -27.180555555555557], [22.924722222222222, -27.18138888888889], [22.9225, -27.199444444444445], [22.8825, -27.195555555555554], [22.881666666666668, -27.180555555555557]]]}}, {"type": "Feature", "properties": {"index": 481, "id": "C3459/26", "location": "FASI", "valid_from": "2607070945", "valid_to": "2610042359", "height_ft": 5678, "is_low": false, "text": "LIEBHERR, SPRINGS (261607S 0282420E, 261617S 0282514E, 261657S\n0282509E, 261650S 0282416E): UNMANNED AERIAL VEHICLE (UAV) OPS (400FT\nAGL) TAKING PLACE BEYOND VISUAL LINE OF SIGHT (BVLOS).", "centre_lat": -26.275763888888886, "centre_lon": 28.412430555555552, "radius_nm": null}, "geometry": {"type": "Polygon", "coordinates": [[[28.405555555555555, -26.26861111111111], [28.420555555555556, -26.27138888888889], [28.41916666666667, -26.2825], [28.404444444444444, -26.280555555555555], [28.405555555555555, -26.26861111111111]]]}}, {"type": "Feature", "properties": {"index": 482, "id": "C3458/26", "location": "FAKM", "valid_from": "2607070733", "valid_to": "2610021000", "height_ft": null, "is_low": false, "text": "IAC VOR-01 VOR RWY 02 DATED 12 DEC 2013 SUSPENDED.\nIAC VOR-02 VOR RWY 20 DATED 12 DEC 2013 SUSPENDED.\nIAC RNAV-02 RNAV (GNSS) RWY 20 DATED 22 JUN 2017 SUSPENDED.\nAERONAUTICAL DATA TABULATION RNAV-02A RNAV (GNSS) RWY 20 DATED 22\nJUN 2017 SUSPENDED.\nC3457/26", "centre_lat": -28.8, "centre_lon": 24.766666666666666, "radius_nm": 5}, "geometry": {"type": "Point", "coordinates": [24.766666666666666, -28.8]}}, {"type": "Feature", "properties": {"index": 483, "id": "C3457/26", "location": "FAPM", "valid_from": "2607070732", "valid_to": "2610021000", "height_ft": null, "is_low": false, "text": "IAC RNAV-02 RNAV (GNSS) RWY 34 DATED 18 JUL 2019 SUSPENDED.\nAERONAUTICAL DATA TABULATION RNAV-02A RNAV (GNSS) RWY 34 DATED 23\nSEP 2010 SUSPENDED.\nC3456/26", "centre_lat": -29.65, "centre_lon": 30.4, "radius_nm": 5}, "geometry": {"type": "Point", "coordinates": [30.4, -29.65]}}, {"type": "Feature", "properties": {"index": 484, "id": "C3456/26", "location": "FANC", "valid_from": "2607070731", "valid_to": "2610021000", "height_ft": null, "is_low": false, "text": "IAC RNP-01 RNP RWY 11 DATED 05 OCT 2023 SUSPENDED.\nAERONAUTICAL DATA TABULATION RNP-01A RNP RWY 11 DATED 15 JUN 2023\nSUSPENDED.\nC3455/26", "centre_lat": -27.766666666666666, "centre_lon": 29.983333333333334, "radius_nm": 5}, "geometry": {"type": "Point", "coordinates": [29.983333333333334, -27.766666666666666]}}, {"type": "Feature", "properties": {"index": 485, "id": "C3455/26", "location": "FANC", "valid_from": "2607070730", "valid_to": "2610021000", "height_ft": null, "is_low": false, "text": "NIL NGT OPS PERMITTED DUE ALL LDG AREA LGT FAC U/S.\nC3454/26", "centre_lat": -27.766666666666666, "centre_lon": 29.983333333333334, "radius_nm": 5}, "geometry": {"type": "Point", "coordinates": [29.983333333333334, -27.766666666666666]}}, {"type": "Feature", "properties": {"index": 486, "id": "C3454/26", "location": "FAMG", "valid_from": "2607070729", "valid_to": "2610020727", "height_ft": null, "is_low": false, "text": "IAC FAMG RNAV-01 RNAV (GNSS) RWY 05 (DATED 08 DEC 2016) AND RNAV-01A\nRNAV (GNSS) RWY 05 (DATED 08 DEC 2016) SUSPENDED.\nC3452/26", "centre_lat": -30.85, "centre_lon": 30.35, "radius_nm": 5}, "geometry": {"type": "Point", "coordinates": [30.35, -30.85]}}, {"type": "Feature", "properties": {"index": 487, "id": "C3452/26", "location": "FAWB", "valid_from": "2607070727", "valid_to": "2610021000", "height_ft": null, "is_low": false, "text": "IAC FAWB VOR-01 VOR RWY 29 DATED 21 JUL 2016 SUSPENDED.\nC3451/26", "centre_lat": -25.65, "centre_lon": 28.216666666666665, "radius_nm": 5}, "geometry": {"type": "Point", "coordinates": [28.216666666666665, -25.65]}}, {"type": "Feature", "properties": {"index": 488, "id": "C3451/26", "location": "FAMM", "valid_from": "2607070725", "valid_to": "2610021000", "height_ft": null, "is_low": false, "text": "IAC VOR-01 VOR A RWY 04 DATED 20 JUN 2019 SUSPENDED.\nC3450/26", "centre_lat": -25.8, "centre_lon": 25.55, "radius_nm": 5}, "geometry": {"type": "Point", "coordinates": [25.55, -25.8]}}, {"type": "Feature", "properties": {"index": 489, "id": "C3450/26", "location": "FAKM", "valid_from": "2607070725", "valid_to": "2610021000", "height_ft": null, "is_low": false, "text": "SID FAKM DEP-01 RNAV (GNSS) RWY 02 UNRAG 1A DATED 25 MAY 2017\nSUSPENDED. AERONAUTICAL DATA TABULATION DEP-01A RNAV (GNSS) RWY 02\nUNRAG 1A DATED 25 MAY 2017 SUSPENDED.\nC3449/26", "centre_lat": -28.8, "centre_lon": 24.766666666666666, "radius_nm": 5}, "geometry": {"type": "Point", "coordinates": [24.766666666666666, -28.8]}}, {"type": "Feature", "properties": {"index": 490, "id": "C3449/26", "location": "FARB", "valid_from": "2607070722", "valid_to": "2610021000", "height_ft": null, "is_low": false, "text": "IAC VOR-01 BREAKCLOUD VOR/DME RWY 05 DATED 08 JUL 2004 SUSPENDED.\nC3448/26", "centre_lat": -28.733333333333334, "centre_lon": 32.1, "radius_nm": 5}, "geometry": {"type": "Point", "coordinates": [32.1, -28.733333333333334]}}, {"type": "Feature", "properties": {"index": 491, "id": "C3448/26", "location": "FAPG", "valid_from": "2607070721", "valid_to": "2610021000", "height_ft": null, "is_low": false, "text": "IAC RNAV-01 RNAV (GNSS) RWY 12 DATED 04 NOV 2021 SUSPENDED.\nAERONAUTICAL DATA TABULATON RNAV-01A RNAV (GNSS) RWY 12 DATED 04 NOV\n2021 SUSPENDED.\nIAC RNAV-02 RNAV (GNSS) RWY 30 DATED 04 NOV 2021 SUSPENDED.\nAERONAUTICAL DATA TABULATON RNAV-02A RNAV (GNSS) RWY 30 DATED 04 NOV\n2021 SUSPENDED.\nC3447/26", "centre_lat": -34.083333333333336, "centre_lon": 23.333333333333332, "radius_nm": 5}, "geometry": {"type": "Point", "coordinates": [23.333333333333332, -34.083333333333336]}}, {"type": "Feature", "properties": {"index": 492, "id": "C3447/26", "location": "FAEL", "valid_from": "2607070718", "valid_to": "2610021000", "height_ft": null, "is_low": false, "text": "IAC VOR-01 VOR RWY 11 DATED 03 JUL 2008 SUSPENDED.\nIAC VOR-02 VOR Z RWY 29 DATED 03 JUL 2008 SUSPENDED.\nIAC VOR-03 VOR Y RWY 29 DATED 03 JUL 2008 SUSPENDED.\nIAC RNAV-02 RNAV (GNSS) RWY 29 DATED 20 JUL 2017 SUSPENDED.\nAERONAUTICAL DATA TABULATON RNAV-02A RNAV (GNSS) RWY 29 DATED 20 JUL\n2017 SUSPENDED.\nC3446/26", "centre_lat": -33.03333333333333, "centre_lon": 27.816666666666666, "radius_nm": 5}, "geometry": {"type": "Point", "coordinates": [27.816666666666666, -33.03333333333333]}}, {"type": "Feature", "properties": {"index": 493, "id": "C3446/26", "location": "FAPM", "valid_from": "2607070705", "valid_to": "2610011000", "height_ft": null, "is_low": false, "text": "500M FM RWY 34 (293941.48S 0302436.44E): BLDG PILLARS (200FT AGL)\nERECTED.\nC3438/26", "centre_lat": -29.666666666666668, "centre_lon": 30.416666666666668, "radius_nm": 1}, "geometry": {"type": "Point", "coordinates": [30.416666666666668, -29.666666666666668]}}, {"type": "Feature", "properties": {"index": 494, "id": "C3438/26", "location": "FAJA", "valid_from": "2607070500", "valid_to": "2609171700", "height_ft": 7079, "is_low": false, "text": "BLYVOOR COAL MINE PMA, MPUMALANGA (254615S 0300100E, 254615S\n0300400E, 254815S 0300400E, 254815S 0300100E): UAS OPS (1000FT AGL)\nTAKING PLACE BEYOND VISUAL LINE OF SIGHT (BVLOS).", "centre_lat": -25.7875, "centre_lon": 30.041666666666664, "radius_nm": null}, "geometry": {"type": "Polygon", "coordinates": [[[30.016666666666666, -25.770833333333332], [30.066666666666666, -25.770833333333332], [30.066666666666666, -25.804166666666667], [30.016666666666666, -25.804166666666667], [30.016666666666666, -25.770833333333332]]]}}, {"type": "Feature", "properties": {"index": 495, "id": "C3437/26", "location": "FAVP", "valid_from": "2607060912", "valid_to": "2609302359", "height_ft": 5830, "is_low": false, "text": "VANDERBIJLPARK, GAUTENG (263712S 0274846E, 263704S 0275159E, 264041S\n0275048E, 264026S 0274735E):  UAS OPS (800FT AGL) TAKING PLACE BEYOND\nVISUAL LINE OF SIGHT (BVLOS).\nFUA REF : AVJ 01/07-01", "centre_lat": -26.64743055555556, "centre_lon": 27.829722222222223, "radius_nm": null}, "geometry": {"type": "Polygon", "coordinates": [[[27.81277777777778, -26.62], [27.866388888888892, -26.61777777777778], [27.846666666666664, -26.678055555555556], [27.793055555555558, -26.67388888888889], [27.81277777777778, -26.62]]]}}, {"type": "Feature", "properties": {"index": 496, "id": "C3431/26", "location": "FAJA", "valid_from": "2607060754", "valid_to": "2610032359", "height_ft": 3963, "is_low": false, "text": "OLD HODGSON, KWAZULU-NATAL (291225S 0303005E, 291218S 0303013E,\n291230S 0303023E, 291234S 0303015E): UNMANNED AERIAL VEHICLE (UAV)\nOPS (400FT AGL) TAKING PLACE BEYOND VISUAL LINE OF SIGHT (BVLOS).", "centre_lat": -29.207430555555554, "centre_lon": 30.503888888888888, "radius_nm": null}, "geometry": {"type": "Polygon", "coordinates": [[[30.50138888888889, -29.206944444444442], [30.503611111111113, -29.205], [30.50638888888889, -29.208333333333332], [30.504166666666666, -29.209444444444443], [30.50138888888889, -29.206944444444442]]]}}, {"type": "Feature", "properties": {"index": 497, "id": "C3428/26", "location": "FAJA", "valid_from": "2607060651", "valid_to": "2610032359", "height_ft": 4377, "is_low": false, "text": "SUTTON QUARRY, KWAZULU-NATAL (300529S 0295718E, 300526S 0295739E,\n300546S 0295734E, 300544S 0295721E): UNMANNED AERIAL VEHICLE (UAV)\nOPS (400FT AGL) TAKING PLACE BEYOND VISUAL LINE OF SIGHT (BVLOS)", "centre_lat": -30.093402777777776, "centre_lon": 29.957777777777775, "radius_nm": null}, "geometry": {"type": "Polygon", "coordinates": [[[29.955, -30.091388888888886], [29.960833333333333, -30.090555555555554], [29.959444444444443, -30.09611111111111], [29.95583333333333, -30.095555555555553], [29.955, -30.091388888888886]]]}}, {"type": "Feature", "properties": {"index": 498, "id": "C3419/26", "location": "FAJA", "valid_from": "2607050907", "valid_to": "2610022359", "height_ft": 5584, "is_low": false, "text": "CORTEVA, NW OF DELMAS, MPUMALANGA (260210S 0283602E, 260551S\n0283912E, 260901S 0283451E, 260428S 0283046E): UAS (400FT AGL) OPS\nTAKING PLACE BEYOND VISUAL LINE OF SIGHT (BVLOS). CAMU REF: DN\n16/04-12.", "centre_lat": -26.08958333333333, "centre_lon": 28.586875, "radius_nm": null}, "geometry": {"type": "Polygon", "coordinates": [[[28.600555555555555, -26.03611111111111], [28.653333333333332, -26.0975], [28.580833333333334, -26.150277777777777], [28.512777777777778, -26.074444444444445], [28.600555555555555, -26.03611111111111]]]}}, {"type": "Feature", "properties": {"index": 499, "id": "C3417/26", "location": "FACA", "valid_from": "2607041334", "valid_to": "2610012300", "height_ft": 1275, "is_low": false, "text": "BATHURST, EASTERN CAPE (332736S 264650E, 332744S 264851E, 332533S\n264932E, 332528S 264712E): UAS OPS (400FT AGL) TAKING PLACE BEYOND\nVISUAL LINE OF SIGHT (BVLOS).", "centre_lat": -33.45, "centre_lon": 26.8, "radius_nm": 2}, "geometry": {"type": "Point", "coordinates": [26.8, -33.45]}}, {"type": "Feature", "properties": {"index": 500, "id": "C3415/26", "location": "FAPA", "valid_from": "2607040720", "valid_to": "2610011500", "height_ft": null, "is_low": false, "text": "RWY 10C/28C CLSD.\nC3412/26", "centre_lat": -33.56666666666667, "centre_lon": 26.883333333333333, "radius_nm": 5}, "geometry": {"type": "Point", "coordinates": [26.883333333333333, -33.56666666666667]}}, {"type": "Feature", "properties": {"index": 501, "id": "C3412/26", "location": "FAUT", "valid_from": "2607031309", "valid_to": "2609301400", "height_ft": null, "is_low": false, "text": "TWR 121.3 MHZ OPS HR OF SER CHG TO:\nMON-FRI 0430-1600\nW5-HC4XRP-CT - 24AUG26 0600 ATNS 71/111\nSAT 0430-1230\nSUN 1030-1600\nC3393/26", "centre_lat": -31.55, "centre_lon": 28.683333333333334, "radius_nm": 5}, "geometry": {"type": "Point", "coordinates": [28.683333333333334, -31.55]}}, {"type": "Feature", "properties": {"index": 502, "id": "C3393/26", "location": "FAKD", "valid_from": "2607020809", "valid_to": "2609292359", "height_ft": 400, "is_low": true, "text": "NOOITGEDACH, NORTH WEST (265418S 0264009E, 265416S 0264124E, 265534S\n0264119E, 265535S 0264026E): UNMANNED AERIAL VEHICLE (UAV) OPS TAKING\nPLACE BEYOND VISUAL LINE OF SIGHT (BVLOS).", "centre_lat": -26.91548611111111, "centre_lon": 26.680416666666666, "radius_nm": null}, "geometry": {"type": "Polygon", "coordinates": [[[26.66916666666667, -26.904999999999998], [26.69, -26.904444444444444], [26.68861111111111, -26.926111111111112], [26.67388888888889, -26.92638888888889], [26.66916666666667, -26.904999999999998]]]}}, {"type": "Feature", "properties": {"index": 503, "id": "C3391/26", "location": "FAJA", "valid_from": "2607050001", "valid_to": "2610022359", "height_ft": 4507, "is_low": false, "text": "HARMONY KALGOLD MINE, NORTH WEST (260749S 0251243E, 260809S 0251723E,\n261119S 0251613E, 261109S 0251319E): UNMANNED AERIAL VEHICLE (UAV)\nOPS (400FT AGL) TAKING PLACE BEYOND VISUAL LINE OF SIGHT (BVLOS).", "centre_lat": -26.16013888888889, "centre_lon": 25.248472222222222, "radius_nm": null}, "geometry": {"type": "Polygon", "coordinates": [[[25.211944444444445, -26.130277777777778], [25.289722222222224, -26.135833333333334], [25.27027777777778, -26.18861111111111], [25.221944444444443, -26.185833333333335], [25.211944444444445, -26.130277777777778]]]}}, {"type": "Feature", "properties": {"index": 504, "id": "C3390/26", "location": "FAJA", "valid_from": "2607051500", "valid_to": "2610020300", "height_ft": 6335, "is_low": false, "text": "AFGRI BRAKFONTEIN BUNKER, MPUMALANGA (262031S 0291240E, 262022S\n0291830E, 262548S 0291831E, 262551S 0291234E): REMOTELY PILOTED\nAIRCRAFT SYSTEMS (RPAS) OPS (1000FT AGL) TAKING PLACE.", "centre_lat": -26.385555555555555, "centre_lon": 29.259375, "radius_nm": null}, "geometry": {"type": "Polygon", "coordinates": [[[29.211111111111112, -26.341944444444444], [29.308333333333334, -26.339444444444442], [29.308611111111112, -26.43], [29.209444444444443, -26.430833333333336], [29.211111111111112, -26.341944444444444]]]}}, {"type": "Feature", "properties": {"index": 505, "id": "C3389/26", "location": "FAJA", "valid_from": "2607020645", "valid_to": "2609292359", "height_ft": 4344, "is_low": false, "text": "SWARTKLIP, LIMPOPO (245805S 0270438E, 245250S 0271103E, 245601S\n0271242E, 250054S 0270649E): UNMANNED AERIAL VEHICLE (UAV) OPS\n(1000FT AGL) TAKING PLACE BEYOND VISUAL LINE OF SIGHT (BVLOS).\nFUA REF: AV01064.", "centre_lat": -24.949305555555558, "centre_lon": 27.14666666666667, "radius_nm": null}, "geometry": {"type": "Polygon", "coordinates": [[[27.077222222222222, -24.968055555555555], [27.184166666666666, -24.880555555555556], [27.211666666666666, -24.933611111111112], [27.113611111111112, -25.015], [27.077222222222222, -24.968055555555555]]]}}, {"type": "Feature", "properties": {"index": 506, "id": "C3388/26", "location": "FAJA", "valid_from": "2607050000", "valid_to": "2610022359", "height_ft": 3652, "is_low": false, "text": "RHINO ANDALUSITE, AMANDELBULT MINE TOWN, LIMPOPO (244350S 0271610E,\n243911S 0271940E, 244307S 0272005E, 244605S 0271400E): UNMANNED\nAERIAL VEHICLE (UAV) OPS (400FT AGL) TAKING PLACE BEYOND VISUAL LINE\nOF SIGHT (BVLOS).", "centre_lat": -24.717569444444443, "centre_lon": 27.291319444444444, "radius_nm": null}, "geometry": {"type": "Polygon", "coordinates": [[[27.269444444444442, -24.730555555555554], [27.32777777777778, -24.653055555555554], [27.334722222222222, -24.71861111111111], [27.233333333333334, -24.768055555555556], [27.269444444444442, -24.730555555555554]]]}}, {"type": "Feature", "properties": {"index": 507, "id": "C3387/26", "location": "FAJA", "valid_from": "2607061500", "valid_to": "2610020300", "height_ft": 6307, "is_low": false, "text": "SECUNDA, MPUMALANGA (262332S 0290810E, 262328S 0290905E, 262407S\n0290914E, 262407S 0290822E): REMOTELY PILOTED AIRCRAFT SYSTEMS (RPAS)\nOPS (1000FT AGL) TAKING PLACE BEYOND VISUAL LINE OF SIGHT (BVLOS).", "centre_lat": -26.396805555555552, "centre_lon": 29.14520833333333, "radius_nm": null}, "geometry": {"type": "Polygon", "coordinates": [[[29.13611111111111, -26.392222222222223], [29.15138888888889, -26.391111111111112], [29.153888888888886, -26.401944444444442], [29.139444444444443, -26.401944444444442], [29.13611111111111, -26.392222222222223]]]}}, {"type": "Feature", "properties": {"index": 508, "id": "C3385/26", "location": "FAPM", "valid_from": "2607020507", "valid_to": "2609291400", "height_ft": null, "is_low": false, "text": "NIL SWY AND CWY AVBL.\nDECLARED DISTANCES RWY 34:\nTODA    TORA   LDA    ASDA\nW5-HC4XRP-CT - 24AUG26 0600 ATNS 72/111\n1537M  1537M  1537M  1537M.\nC3384/26", "centre_lat": -29.65, "centre_lon": 30.4, "radius_nm": 5}, "geometry": {"type": "Point", "coordinates": [30.4, -29.65]}}, {"type": "Feature", "properties": {"index": 509, "id": "C3384/26", "location": "FAPM", "valid_from": "2607020507", "valid_to": "2609291400", "height_ft": null, "is_low": false, "text": "RWY 16 PILOTS TO ENSURE THEY LINE UP FM THE THR MARKINGS FOR TKOF\nAND LAND ON OR AFT THE THR MARKINGS FOR LDG.\nC3382/26", "centre_lat": -29.65, "centre_lon": 30.4, "radius_nm": 5}, "geometry": {"type": "Point", "coordinates": [30.4, -29.65]}}, {"type": "Feature", "properties": {"index": 510, "id": "C3382/26", "location": "FAVG", "valid_from": "2607020423", "valid_to": "2609290800", "height_ft": null, "is_low": false, "text": "ALL LDG AREA LGT FAC FOR RWY 05/23 INTERMITTENT.\nC3381/26", "centre_lat": -29.766666666666666, "centre_lon": 31.066666666666666, "radius_nm": 5}, "geometry": {"type": "Point", "coordinates": [31.066666666666666, -29.766666666666666]}}, {"type": "Feature", "properties": {"index": 511, "id": "C3381/26", "location": "FAJA", "valid_from": "2607020500", "valid_to": "2609291600", "height_ft": 5278, "is_low": false, "text": "ROCKETDNA TRAINING CENTRE, RAYTON, PRETORIA, GAUTENG (254659S\n0283257E, 254656S 0283307E, 254734S 0283323E, 254731S 0283225E): UAS\nOPS (400FT AGL) TAKING PLACE.", "centre_lat": -25.7875, "centre_lon": 28.549444444444443, "radius_nm": null}, "geometry": {"type": "Polygon", "coordinates": [[[28.549166666666668, -25.783055555555556], [28.551944444444445, -25.78222222222222], [28.55638888888889, -25.79277777777778], [28.540277777777778, -25.791944444444447], [28.549166666666668, -25.783055555555556]]]}}, {"type": "Feature", "properties": {"index": 512, "id": "C3380/26", "location": "FAJA", "valid_from": "2607011718", "valid_to": "2609282359", "height_ft": 4758, "is_low": false, "text": "NEWCASTLE, KWAZULU-NATAL (274046S 0295854E, 274045S 0300251E, 274407S\n0300249E, 274409S 0295901E): UAS OPS (800FT AGL) TAKING PLACE BEYOND\nVISUAL LINE OF SIGHT (BVLOS). FUA  REF: AV 30/06-4.", "centre_lat": -27.707430555555558, "centre_lon": 30.01493055555556, "radius_nm": null}, "geometry": {"type": "Polygon", "coordinates": [[[29.981666666666666, -27.679444444444446], [30.047500000000003, -27.679166666666667], [30.046944444444446, -27.735277777777778], [29.983611111111113, -27.735833333333336], [29.981666666666666, -27.679444444444446]]]}}, {"type": "Feature", "properties": {"index": 513, "id": "C3379/26", "location": "FAJA", "valid_from": "2607011716", "valid_to": "2609282359", "height_ft": 5947, "is_low": false, "text": "OGIES TO WELGEDACHT, AREA BOUNDED BY (255603S 0290332E, 260357S\n0290749E, 261649S 0282953E, 260849S 0282706E): UAS OPS (800FT AGL)\nTAKING PLACE BEYOND VISUAL LINE OF SIGHT (BVLOS). FUA REF AV 30/06-5.", "centre_lat": -26.106805555555553, "centre_lon": 28.78472222222222, "radius_nm": null}, "geometry": {"type": "Polygon", "coordinates": [[[29.05888888888889, -25.934166666666666], [29.130277777777778, -26.065833333333334], [28.498055555555556, -26.280277777777776], [28.451666666666664, -26.146944444444443], [29.05888888888889, -25.934166666666666]]]}}, {"type": "Feature", "properties": {"index": 514, "id": "C3376/26", "location": "FAJA", "valid_from": "2607030600", "valid_to": "2609302200", "height_ft": 1028, "is_low": false, "text": "AREA BOUNDED BY (295002S 0310058E, 295024S 0310115E, 295107S\n0310054E, 295045S 0310029E): UAS OPS (1000FT AGL) TAKING PLACE BEYOND\nVISUAL LINE OF SIGHT (BVLOS).\nFUA REF: TM 06/05-1.", "centre_lat": -29.842916666666664, "centre_lon": 31.015, "radius_nm": null}, "geometry": {"type": "Polygon", "coordinates": [[[31.016111111111112, -29.833888888888886], [31.020833333333332, -29.84], [31.015, -29.851944444444445], [31.008055555555554, -29.84583333333333], [31.016111111111112, -29.833888888888886]]]}}, {"type": "Feature", "properties": {"index": 515, "id": "C3374/26", "location": "FAGC", "valid_from": "2607280700", "valid_to": "2610251700", "height_ft": null, "is_low": false, "text": "ASPIRE, WATERFALL CITY, MIDRAND, GAUTENG (260057S 0280615E): 1 CRANE\n(80M AGL) ERECTED.\nC3372/26", "centre_lat": -26.015833333333333, "centre_lon": 28.104166666666668, "radius_nm": 1}, "geometry": {"type": "Point", "coordinates": [28.104166666666668, -26.015833333333333]}}, {"type": "Feature", "properties": {"index": 516, "id": "C3372/26", "location": "FAJA", "valid_from": "2607010702", "valid_to": "2609011600", "height_ft": 6140, "is_low": false, "text": "EXXARO LEEUWPAN MINE, DELMAS, MPUMALANGA (260628S 0284400E, 260814S\n0284915E, 261218S 0284637E, 261050S 0284001E): UAS OPS (1000FT AGL)\nTAKING PLACE BEYOND VISUAL LINE OF SIGHT (BVLOS).", "centre_lat": -26.15763888888889, "centre_lon": 28.74951388888889, "radius_nm": null}, "geometry": {"type": "Polygon", "coordinates": [[[28.733333333333334, -26.10777777777778], [28.820833333333333, -26.13722222222222], [28.776944444444442, -26.205], [28.666944444444447, -26.180555555555557], [28.733333333333334, -26.10777777777778]]]}}, {"type": "Feature", "properties": {"index": 517, "id": "C3357/26", "location": "FAVG", "valid_from": "2607041600", "valid_to": "2610011800", "height_ft": 535, "is_low": true, "text": "AREA BOUNDED BY (294633S 0310038E, 294633S 0310039E, 294634S\n0310039E, 294634S 0310039E): UAS OPS (300FT AGL) TAKING PLACE. FUA\nREF: AVJ 250606.", "centre_lat": -29.77597222222222, "centre_lon": 31.010763888888892, "radius_nm": null}, "geometry": {"type": "Polygon", "coordinates": [[[31.010555555555555, -29.77583333333333], [31.010833333333334, -29.77583333333333], [31.010833333333334, -29.77611111111111], [31.010833333333334, -29.77611111111111], [31.010555555555555, -29.77583333333333]]]}}, {"type": "Feature", "properties": {"index": 518, "id": "C3356/26", "location": "FARB", "valid_from": "2607030800", "valid_to": "2609301700", "height_ft": 270, "is_low": true, "text": "AREA BOUNDED BY (284704S 0320338E, 284705S 0320402E, 284708S\n0320401E, 284709S 0320338E): UAS OPS (250FT AGL) TAKING PLACE.", "centre_lat": -28.785138888888895, "centre_lon": 32.06381944444445, "radius_nm": null}, "geometry": {"type": "Polygon", "coordinates": [[[32.06055555555555, -28.784444444444446], [32.06722222222223, -28.784722222222225], [32.066944444444445, -28.785555555555558], [32.06055555555555, -28.785833333333336], [32.06055555555555, -28.784444444444446]]]}}, {"type": "Feature", "properties": {"index": 519, "id": "C3348/26", "location": "FAJA", "valid_from": "2606301352", "valid_to": "2609272359", "height_ft": 3678, "is_low": false, "text": "SEFATENG CROME MINE, LIMPOPO (241910S 0295411E, 241712S 0295926E,\n242351S 0300539E, 242558S 0295959E): UAS OPS (400FT AGL) TAKING PLACE\nBEYOND VISUAL LINE OF SIGHT (BVLOS).", "centre_lat": -24.359097222222225, "centre_lon": 29.996875000000003, "radius_nm": null}, "geometry": {"type": "Polygon", "coordinates": [[[29.903055555555554, -24.319444444444443], [29.990555555555556, -24.28666666666667], [30.094166666666666, -24.3975], [29.999722222222225, -24.43277777777778], [29.903055555555554, -24.319444444444443]]]}}, {"type": "Feature", "properties": {"index": 520, "id": "C3344/26", "location": "FAJA", "valid_from": "2607010500", "valid_to": "2609171700", "height_ft": 6122, "is_low": false, "text": "MBALI MINE PMA, MPUMALANGA (260700S 0290530E, 260700S 0290730E,\n260900S 0290730E, 260900S 0290530E): UAS OPS (1000FT AGL) TAKING\nPLACE BEYOND VISUAL LINE OF SIGHT (BVLOS).", "centre_lat": -26.133333333333333, "centre_lon": 29.108333333333334, "radius_nm": null}, "geometry": {"type": "Polygon", "coordinates": [[[29.091666666666665, -26.116666666666667], [29.125, -26.116666666666667], [29.125, -26.15], [29.091666666666665, -26.15], [29.091666666666665, -26.116666666666667]]]}}, {"type": "Feature", "properties": {"index": 521, "id": "C3338/26", "location": "FAJA", "valid_from": "2607010000", "valid_to": "2609282359", "height_ft": 6125, "is_low": false, "text": "MARSHALLS, JOHANNESBURG, GAUTENG (261231S 0280215E, 261233S 0280221E,\n261238S 0280221E, 261238S 0280216E): UNMANNED AERIAL VEHICLE (UAV)\nOPS (400FT AGL) TAKING PLACE BEYOND VISUAL LINE OF SIGHT (BVLOS).", "centre_lat": -26.209722222222222, "centre_lon": 28.03840277777778, "radius_nm": null}, "geometry": {"type": "Polygon", "coordinates": [[[28.0375, -26.20861111111111], [28.039166666666667, -26.209166666666665], [28.039166666666667, -26.210555555555555], [28.03777777777778, -26.210555555555555], [28.0375, -26.20861111111111]]]}}, {"type": "Feature", "properties": {"index": 522, "id": "C3337/26", "location": "FAEO", "valid_from": "2607010000", "valid_to": "2609282359", "height_ft": 6020, "is_low": false, "text": "LEHAKWE MINING, ERMELO, MPUMALANGA (262818S 0295723E, 262808S\n0295748E, 262824S 0295756E, 262832S 0295730E): UNMANNED AERIAL\nVEHICLE (UAV) OPS (400FT AGL) TAKING PLACE BEYOND VISUAL LINE OF\nSIGHT (BVLOS).", "centre_lat": -26.47236111111111, "centre_lon": 29.960902777777775, "radius_nm": null}, "geometry": {"type": "Polygon", "coordinates": [[[29.95638888888889, -26.471666666666664], [29.96333333333333, -26.468888888888888], [29.965555555555554, -26.473333333333333], [29.958333333333332, -26.475555555555555], [29.95638888888889, -26.471666666666664]]]}}, {"type": "Feature", "properties": {"index": 523, "id": "C3335/26", "location": "FARB", "valid_from": "2607010000", "valid_to": "2609282359", "height_ft": 450, "is_low": true, "text": "GRINDROD, RICHARDS BAY, KWAZULU-NATAL (285032S 0320308E, 284819S\n0320033E, 284654S 0320130E, 284659S 0320528E): UNMANNED AERIAL\nVEHICLE (UAV) OPS (400FT AGL) TAKING PLACE BEYOND VISUAL LINE OF\nSIGHT (BVLOS). FUA REF: GN 29/06-7.", "centre_lat": -28.80305555555556, "centre_lon": 32.044374999999995, "radius_nm": null}, "geometry": {"type": "Polygon", "coordinates": [[[32.05222222222222, -28.842222222222222], [32.009166666666665, -28.80527777777778], [32.025, -28.781666666666666], [32.09111111111111, -28.783055555555556], [32.05222222222222, -28.842222222222222]]]}}, {"type": "Feature", "properties": {"index": 524, "id": "C3334/26", "location": "FAJA", "valid_from": "2607010000", "valid_to": "2609282359", "height_ft": 4443, "is_low": false, "text": "HOTAZEL BRMO, NORTHERN CAPE (265305S 0225447E, 265157S 0230052E,\n271619S 0230548E, 271738S 0225936E): UNMANNED AERIAL VEHICLE (UAV)\nOPS (1000FT AGL) TAKING PLACE BEYOND VISUAL LINE OF SIGHT (BVLOS).\nFUA REF: AVJ 26/06-01.", "centre_lat": -27.079097222222224, "centre_lon": 23.004375, "radius_nm": null}, "geometry": {"type": "Polygon", "coordinates": [[[22.913055555555555, -26.884722222222223], [23.014444444444443, -26.865833333333335], [23.096666666666664, -27.271944444444443], [22.993333333333336, -27.29388888888889], [22.913055555555555, -26.884722222222223]]]}}, {"type": "Feature", "properties": {"index": 525, "id": "C3333/26", "location": "FAJA", "valid_from": "2607010000", "valid_to": "2609272359", "height_ft": 6059, "is_low": false, "text": "DRIEFONTEIN, CARLETONVILLE, GAUTENG (262032S 0272752E, 262115S\n0272758E, 262118S 0272734E, 262028S 0272720E): UNMANNED AERIAL\nVEHICLE (UAV) OPS (1000FT AGL) TAKING PLACE BEYOND VISUAL LINE OF\nSIGHT (BVLOS). CAMU REF: MM 25/06-2.", "centre_lat": -26.348125000000003, "centre_lon": 27.46138888888889, "radius_nm": null}, "geometry": {"type": "Polygon", "coordinates": [[[27.464444444444442, -26.342222222222222], [27.46611111111111, -26.354166666666668], [27.459444444444443, -26.355], [27.455555555555556, -26.34111111111111], [27.464444444444442, -26.342222222222222]]]}}, {"type": "Feature", "properties": {"index": 526, "id": "C3332/26", "location": "FAJA", "valid_from": "2607010000", "valid_to": "2609282359", "height_ft": 1282, "is_low": false, "text": "DCLM KWADUKUZA, KWAZULU-NATAL (291836S 0311936E, 291831S 0311948E,\n291846S 0311954E, 291850S 0311942E): UNMANNED AERIAL VEHICLE (UAV)\nOPS (1000FT AGL) TAKING PLACE BEYOND VISUAL LINE OF SIGHT (BVLOS).\nFUA REF: MM 25/06-3.", "centre_lat": -29.311319444444443, "centre_lon": 31.329166666666666, "radius_nm": null}, "geometry": {"type": "Polygon", "coordinates": [[[31.326666666666668, -29.310000000000002], [31.33, -29.308611111111112], [31.331666666666667, -29.31277777777778], [31.328333333333333, -29.31388888888889], [31.326666666666668, -29.310000000000002]]]}}, {"type": "Feature", "properties": {"index": 527, "id": "C3331/26", "location": "FAJA", "valid_from": "2607010000", "valid_to": "2609282359", "height_ft": 598, "is_low": true, "text": "AGT POND 1, NEWLANDS EAST, KWAZULU-NATAL (294708S 0305949E,\n294712S 0310009E, 294755S 0310002E, 294752S 0305942E): UNMANNED\nAERIAL VEHICLE (UAV) OPS (400FT AGL) TAKING PLACE BEYOND VISUAL LINE\nOF SIGHT (BVLOS). FUA REF: MM 25/06-8.", "centre_lat": -29.79215277777778, "centre_lon": 30.99875, "radius_nm": null}, "geometry": {"type": "Polygon", "coordinates": [[[30.996944444444445, -29.785555555555558], [31.0025, -29.78666666666667], [31.000555555555554, -29.798611111111114], [30.995, -29.797777777777778], [30.996944444444445, -29.785555555555558]]]}}, {"type": "Feature", "properties": {"index": 528, "id": "C3329/26", "location": "FAIW", "valid_from": "2606300000", "valid_to": "2609052359", "height_ft": 2066, "is_low": false, "text": "UMBABAT (240629S 0311550E, 240609S 0312921E, 241254S 0312820E ,\n241213S 0311631E): REMOTELY PILOTED AIRCRAFT SYSTEMS (RPAS) OPS\n(1000FT AGL) TAKING PLACE BEYOND VISUAL LINE OF SIGHT (BVLOS). FUA\nREF: TJ 03/06-8.", "centre_lat": -24.15729166666667, "centre_lon": 31.375138888888888, "radius_nm": null}, "geometry": {"type": "Polygon", "coordinates": [[[31.26388888888889, -24.108055555555556], [31.489166666666666, -24.102500000000003], [31.47222222222222, -24.215], [31.275277777777777, -24.203611111111112], [31.26388888888889, -24.108055555555556]]]}}, {"type": "Feature", "properties": {"index": 529, "id": "C3326/26", "location": "FAJA", "valid_from": "2606291547", "valid_to": "2609262359", "height_ft": 5544, "is_low": false, "text": "KEW, SANDTON (260558S 0280423E, 260546S 0280631E, 260731S 0280648E,\n260741S 0280420E): UAS OPS (400FT AGL) TAKING PLACE BEYOND VISUAL\nLINE OF SIGHT (BVLOS).", "centre_lat": -26.112222222222222, "centre_lon": 28.091805555555556, "radius_nm": null}, "geometry": {"type": "Polygon", "coordinates": [[[28.073055555555555, -26.099444444444444], [28.108611111111113, -26.09611111111111], [28.113333333333333, -26.12527777777778], [28.072222222222223, -26.128055555555555], [28.073055555555555, -26.099444444444444]]]}}, {"type": "Feature", "properties": {"index": 530, "id": "C3325/26", "location": "FAWB", "valid_from": "2606291424", "valid_to": "2609292359", "height_ft": null, "is_low": false, "text": "ATC TRG TAKING PLACE ON GND MOV CTL 120.60 MHZ.\nC3324/26", "centre_lat": -25.65, "centre_lon": 28.216666666666665, "radius_nm": 5}, "geometry": {"type": "Point", "coordinates": [28.216666666666665, -25.65]}}, {"type": "Feature", "properties": {"index": 531, "id": "C3324/26", "location": "FAWB", "valid_from": "2606291420", "valid_to": "2609292359", "height_ft": null, "is_low": false, "text": "ATC TRG TAKING PLACE ON TWR 118.35 MHZ.\nC3317/26", "centre_lat": -25.65, "centre_lon": 28.216666666666665, "radius_nm": 5}, "geometry": {"type": "Point", "coordinates": [28.216666666666665, -25.65]}}, {"type": "Feature", "properties": {"index": 532, "id": "C3317/26", "location": "FACA", "valid_from": "2607020000", "valid_to": "2609292359", "height_ft": 1709, "is_low": false, "text": "VILLIERSDORP QUARRY, WESTERN CAPE (340531S 0191720E, 340516S\n0191836E, 340622S 0191819E, 340624S 0191730E): UNMANNED AERIAL\nVEHICLE (UAV) OPS (400FT AGL) TAKING PLACE BEYOND VISUAL LINE OF\nSIGHT (BVLOS).", "centre_lat": -34.098124999999996, "centre_lon": 19.298958333333335, "radius_nm": null}, "geometry": {"type": "Polygon", "coordinates": [[[19.28888888888889, -34.091944444444444], [19.310000000000002, -34.08777777777778], [19.30527777777778, -34.10611111111111], [19.291666666666668, -34.10666666666667], [19.28888888888889, -34.091944444444444]]]}}, {"type": "Feature", "properties": {"index": 533, "id": "C3316/26", "location": "FAEO", "valid_from": "2606290925", "valid_to": "2609262359", "height_ft": 6107, "is_low": false, "text": "SILVERLAKES, MPUMALANGA (262700S 0295917E, 262539S 0300029E, 263012S\n0300714E, 263209S 0300521E): UNMANNED AERIAL VEHICLE (UAV) OPS (400FT\nAGL) TAKING PLACE BEYOND VISUAL LINE OF SIGHT (BVLOS).", "centre_lat": -26.479166666666664, "centre_lon": 30.051458333333336, "radius_nm": null}, "geometry": {"type": "Polygon", "coordinates": [[[29.988055555555558, -26.45], [30.008055555555554, -26.427500000000002], [30.120555555555555, -26.503333333333334], [30.089166666666664, -26.535833333333336], [29.988055555555558, -26.45]]]}}, {"type": "Feature", "properties": {"index": 534, "id": "C3313/26", "location": "FAJA", "valid_from": "2607010630", "valid_to": "2609301530", "height_ft": 5755, "is_low": false, "text": "AREA BOUNDED BY (303258S 0241501E, 303321S 0242031E, 303935S\n0242042E, 303929S 0241707E):UAS OPS (775FT AGL) TAKING PLACE. FUA\nREF.: AVJ 250601.", "centre_lat": -30.605763888888887, "centre_lon": 24.305625, "radius_nm": null}, "geometry": {"type": "Polygon", "coordinates": [[[24.25027777777778, -30.549444444444447], [24.341944444444444, -30.555833333333332], [24.345, -30.65972222222222], [24.28527777777778, -30.658055555555553], [24.25027777777778, -30.549444444444447]]]}}, {"type": "Feature", "properties": {"index": 535, "id": "C3310/26", "location": "FAPG", "valid_from": "2606290738", "valid_to": "2609261000", "height_ft": null, "is_low": false, "text": "JET A1 FUEL AVBL.\nC3309/26", "centre_lat": -34.083333333333336, "centre_lon": 23.333333333333332, "radius_nm": 5}, "geometry": {"type": "Point", "coordinates": [23.333333333333332, -34.083333333333336]}}, {"type": "Feature", "properties": {"index": 536, "id": "C3309/26", "location": "FAPG", "valid_from": "2606290738", "valid_to": "2609261000", "height_ft": null, "is_low": false, "text": "RWY, TWY, APN SFC SHOWING SIGNS OF DETERIORATION IN MULTIPLE AREAS.\nPILOTS TO CTC THE AD FOR PCN/ACN VALUES.\nC3289/26", "centre_lat": -34.083333333333336, "centre_lon": 23.333333333333332, "radius_nm": 5}, "geometry": {"type": "Point", "coordinates": [23.333333333333332, -34.083333333333336]}}, {"type": "Feature", "properties": {"index": 537, "id": "C3289/26", "location": "FAVV", "valid_from": "2606261358", "valid_to": "2609232359", "height_ft": 5369, "is_low": false, "text": "KLIPRIVER, GAUTENG (261852S 0280510E, 262040S 0280739E, 262204S\n0280636E, 262413S 0280816E, 263939S 0275946E, 263658S 0275457E): UAS\nOPS (400FT AGL) TAKING PLACE BEYOND VISUAL LINE OF SIGHT (BVLOS).", "centre_lat": -26.4512037037037, "centre_lon": 28.062222222222218, "radius_nm": null}, "geometry": {"type": "Polygon", "coordinates": [[[28.08611111111111, -26.314444444444444], [28.1275, -26.344444444444445], [28.110000000000003, -26.36777777777778], [28.137777777777778, -26.40361111111111], [27.996111111111112, -26.660833333333333], [27.91583333333333, -26.616111111111113], [28.08611111111111, -26.314444444444444]]]}}, {"type": "Feature", "properties": {"index": 538, "id": "C3288/26", "location": "FACA", "valid_from": "2606261356", "valid_to": "2609232359", "height_ft": 2197, "is_low": false, "text": "AREA BOUNDED BY (322813S 0254455E, 322650S 0255446E, 325354S\n0255302E, 331045S 0260337E, 333002S 0260844E, 332756S 0254145E,\n330824S 0253915E, 324328S 0253249E): UAS OPS (400FT AGL) TAKING PLACE\nBEYOND VISUAL LINE OF SIGHT (BVLOS).", "centre_lat": -32.97819444444445, "centre_lon": 25.831006944444443, "radius_nm": null}, "geometry": {"type": "Polygon", "coordinates": [[[25.748611111111114, -32.47027777777778], [25.912777777777777, -32.447222222222216], [25.883888888888887, -32.89833333333333], [26.060277777777777, -33.17916666666667], [26.145555555555553, -33.50055555555556], [25.695833333333333, -33.46555555555556], [25.654166666666665, -33.14], [25.546944444444446, -32.724444444444444], [25.748611111111114, -32.47027777777778]]]}}, {"type": "Feature", "properties": {"index": 539, "id": "C3287/26", "location": "FABW", "valid_from": "2606261355", "valid_to": "2609232359", "height_ft": 3188, "is_low": false, "text": "FAD29, PALMIET TO NELSPOORT, AREA BOUNDED BY (324906S 0215033E,\n315823S 0225829E, 320634S 0230316E, 325357S 0215442E): UAS OPS (400FT\nW5-HC4XRP-CT - 24AUG26 0600 ATNS 76/111\nAGL) TAKING PLACE BEYOND LINE OF SIGHT (BVLOS).", "centre_lat": -32.45, "centre_lon": 22.44583333333333, "radius_nm": null}, "geometry": {"type": "Polygon", "coordinates": [[[21.842499999999998, -32.818333333333335], [22.97472222222222, -31.973055555555554], [23.054444444444446, -32.10944444444445], [21.911666666666665, -32.899166666666666], [21.842499999999998, -32.818333333333335]]]}}, {"type": "Feature", "properties": {"index": 540, "id": "C3286/26", "location": "FAJA", "valid_from": "2606261354", "valid_to": "2609232359", "height_ft": 3997, "is_low": false, "text": "HOTAZEL TO WINCANTON (271203S 0225653E, 273541S 0225531E, 273555S\n0225826E, 271228S 0230147E): UAS OPS (400FT AGL) TAKING PLACE BEYOND\nVISUAL LINE OF SIGHT (BVLOS).", "centre_lat": -27.40048611111111, "centre_lon": 22.969236111111112, "radius_nm": null}, "geometry": {"type": "Polygon", "coordinates": [[[22.948055555555555, -27.200833333333332], [22.92527777777778, -27.59472222222222], [22.973888888888887, -27.59861111111111], [23.029722222222222, -27.20777777777778], [22.948055555555555, -27.200833333333332]]]}}, {"type": "Feature", "properties": {"index": 541, "id": "C3285/26", "location": "FAKM", "valid_from": "2606261353", "valid_to": "2609232359", "height_ft": 4473, "is_low": false, "text": "KIMBERLY TO BORRELSKOP (282123S 0241601E, 281907S 0242239E, 284056S\n0244832E, 284535S 0244539E): UAS OPS (400FT AGL) TAKING PLACE BEYOND\nVISUAL LINE OF SIGHT (BVLOS).", "centre_lat": -28.52923611111111, "centre_lon": 24.553541666666668, "radius_nm": null}, "geometry": {"type": "Polygon", "coordinates": [[[24.266944444444444, -28.35638888888889], [24.3775, -28.31861111111111], [24.80888888888889, -28.682222222222222], [24.760833333333334, -28.759722222222223], [24.266944444444444, -28.35638888888889]]]}}, {"type": "Feature", "properties": {"index": 542, "id": "C3284/26", "location": "FAUC", "valid_from": "2606261352", "valid_to": "2609242359", "height_ft": 3808, "is_low": false, "text": "BARKLEY WEST TO OLEA (280900S 0240340E, 281456S 0235957E, 283458S\n0243118E, 283111S 0243525E): UAS OPS (400FT AGL) TAKING PLACE BEYOND\nVISUAL LINE OF SIGHT (BVLOS).", "centre_lat": -28.375347222222224, "centre_lon": 24.293055555555554, "radius_nm": null}, "geometry": {"type": "Polygon", "coordinates": [[[24.061111111111114, -28.15], [23.999166666666667, -28.24888888888889], [24.521666666666665, -28.58277777777778], [24.590277777777775, -28.51972222222222], [24.061111111111114, -28.15]]]}}, {"type": "Feature", "properties": {"index": 543, "id": "C3265/26", "location": "FAJA", "valid_from": "2607060000", "valid_to": "2609262359", "height_ft": 1231, "is_low": false, "text": "SAPPI SAICOR AND PIPLELINE,UMKOMAAS, KWAZULU-NATAL (301051S 0304533E,\n301030S 0304646E, 301252S 0304649E, 301252S 0304624E): UNMANNED\nAERIAL VEHICLE (UAV) OPS (1000FT AGL) TAKING PLACE BEYOND VISUAL LINE\nOF SIGHT (BVLOS). FUA REF DN 25/06-8.", "centre_lat": -30.196180555555554, "centre_lon": 30.77305555555556, "radius_nm": null}, "geometry": {"type": "Polygon", "coordinates": [[[30.759166666666665, -30.180833333333336], [30.779444444444444, -30.175], [30.780277777777776, -30.214444444444442], [30.773333333333333, -30.214444444444442], [30.759166666666665, -30.180833333333336]]]}}, {"type": "Feature", "properties": {"index": 544, "id": "C3263/26", "location": "FAWB", "valid_from": "2606270000", "valid_to": "2609242359", "height_ft": 4424, "is_low": false, "text": "ROOIBERG ASPHALT, PRETORIA (253756S 0281215E, 253800S 0281247E,\n253814S 0281246E, 253810S 0281215E): UNMANNED AERIAL VEHICLE (UAV)\nOPS (400FT AGL) TAKING PLACE BEYOND VISUAL LINE OF SIGHT (BVLOS).\nFUA REF GN 24/06-2.", "centre_lat": -25.63472222222222, "centre_lon": 28.208541666666665, "radius_nm": null}, "geometry": {"type": "Polygon", "coordinates": [[[28.204166666666666, -25.63222222222222], [28.213055555555556, -25.633333333333333], [28.212777777777777, -25.63722222222222], [28.204166666666666, -25.63611111111111], [28.204166666666666, -25.63222222222222]]]}}, {"type": "Feature", "properties": {"index": 545, "id": "C3262/26", "location": "FAJA", "valid_from": "2606260242", "valid_to": "2609222359", "height_ft": 5409, "is_low": false, "text": "ALBERTON, GAUTENG (261859S 0280259E, 261855S 0280344E, 261939S\n0280358E, 261940S 0280258E): UAS OPS (400FT AGL) TAKING PLACE BEYOND\nVISUAL LINE OF SIGHT (BVLOS).", "centre_lat": -26.321736111111115, "centre_lon": 28.056875, "radius_nm": null}, "geometry": {"type": "Polygon", "coordinates": [[[28.049722222222226, -26.31638888888889], [28.06222222222222, -26.31527777777778], [28.066111111111113, -26.3275], [28.049444444444447, -26.32777777777778], [28.049722222222226, -26.31638888888889]]]}}, {"type": "Feature", "properties": {"index": 546, "id": "C3261/26", "location": "FATA", "valid_from": "2606260242", "valid_to": "2609222359", "height_ft": 5466, "is_low": false, "text": "AREA BOUNDED BY (261428S 0275626E, 261600S 0280347E, 262704S\n0280200E, 262459S 0275451E): UAS OPS (400FT AGL) TAKING PLACE BEYOND\nVISUAL LINE OF SIGHT (BVLOS).", "centre_lat": -26.343819444444442, "centre_lon": 27.98777777777778, "radius_nm": null}, "geometry": {"type": "Polygon", "coordinates": [[[27.940555555555555, -26.241111111111113], [28.063055555555557, -26.266666666666666], [28.033333333333335, -26.45111111111111], [27.914166666666667, -26.41638888888889], [27.940555555555555, -26.241111111111113]]]}}, {"type": "Feature", "properties": {"index": 547, "id": "C3260/26", "location": "FAGC", "valid_from": "2606260241", "valid_to": "2609222359", "height_ft": 5121, "is_low": false, "text": "MIDRAND, JOHANNESBURG (255959S 0280712E, 255959S 0280715E, 260006S\n0280714E, 260006S 0280711E): UAS OPS (100FT AGL) TAKING PLACE BEYOND\nVISUAL LINE OF SIGHT (BVLOS).", "centre_lat": -26.000694444444445, "centre_lon": 28.120277777777776, "radius_nm": null}, "geometry": {"type": "Polygon", "coordinates": [[[28.12, -25.999722222222225], [28.120833333333334, -25.999722222222225], [28.120555555555555, -26.001666666666665], [28.119722222222222, -26.001666666666665], [28.12, -25.999722222222225]]]}}, {"type": "Feature", "properties": {"index": 548, "id": "C3259/26", "location": "FAJA", "valid_from": "2606260240", "valid_to": "2609222359", "height_ft": 3826, "is_low": false, "text": "KUDUMANE MINERAL RESOURCES, NORTHERN CAPE (271037S 0225247E, 271018S\n0225559E, 271507S 0225728E, 271535S 0225349E): UAS OPS (400FT AGL)\nTAKING PLACE BEYOND VISUAL LINE OF SIGHT (BVLOS).", "centre_lat": -27.215069444444445, "centre_lon": 22.916875, "radius_nm": null}, "geometry": {"type": "Polygon", "coordinates": [[[22.879722222222224, -27.176944444444445], [22.93305555555556, -27.171666666666667], [22.95777777777778, -27.251944444444444], [22.896944444444443, -27.259722222222223], [22.879722222222224, -27.176944444444445]]]}}, {"type": "Feature", "properties": {"index": 549, "id": "C3258/26", "location": "FABP", "valid_from": "2606260239", "valid_to": "2609222359", "height_ft": 3861, "is_low": false, "text": "BLACK ROCK MINE (270728S 0224836E, 270625S 0225015E, 270755S\n0225209E, 270913S 0225029E): UAS OPS (400FT AGL) TAKING PLACE BEYOND\nVISUAL LINE OF SIGHT (BVLOS).", "centre_lat": -27.129236111111112, "centre_lon": 22.839513888888888, "radius_nm": null}, "geometry": {"type": "Polygon", "coordinates": [[[22.810000000000002, -27.124444444444446], [22.8375, -27.106944444444444], [22.86916666666667, -27.131944444444446], [22.841388888888886, -27.15361111111111], [22.810000000000002, -27.124444444444446]]]}}, {"type": "Feature", "properties": {"index": 550, "id": "C3256/26", "location": "FAJA", "valid_from": "2606260238", "valid_to": "2609222359", "height_ft": 6260, "is_low": false, "text": "BELFAST, MPUMALANGA (255014S 0300059E, 255113S 0300010E, 255057S\n0295651E, 254746S 0295507E, 254609S 0295854E, 254810S 0300020E): UAS\nOPS (400FT AGL) TAKING PLACE BEYOND VISUAL LINE OF SIGHT (BVLOS).", "centre_lat": -25.81800925925926, "centre_lon": 29.97875, "radius_nm": null}, "geometry": {"type": "Polygon", "coordinates": [[[30.01638888888889, -25.83722222222222], [30.002777777777776, -25.853611111111114], [29.9475, -25.849166666666665], [29.91861111111111, -25.796111111111113], [29.981666666666666, -25.769166666666667], [30.005555555555556, -25.802777777777777], [30.01638888888889, -25.83722222222222]]]}}, {"type": "Feature", "properties": {"index": 551, "id": "C3255/26", "location": "FAJA", "valid_from": "2606260237", "valid_to": "2609262359", "height_ft": 5426, "is_low": false, "text": "COALBROOK TO ALRODE (264634S 0275000E, 262652S 0280511E, 262804S\n0280802E, 264815S 0275445E) UNMANNED AIRCRAFT SYSTEM (UAS) OPS (400FT\nAGL) TAKING PLACE BEYOND VISUAL LINE OF SIGHT (BVLOS).", "centre_lat": -26.623958333333334, "centre_lon": 27.991527777777776, "radius_nm": null}, "geometry": {"type": "Polygon", "coordinates": [[[27.833333333333332, -26.77611111111111], [28.086388888888887, -26.447777777777777], [28.133888888888887, -26.467777777777776], [27.912499999999998, -26.804166666666667], [27.833333333333332, -26.77611111111111]]]}}, {"type": "Feature", "properties": {"index": 552, "id": "C3254/26", "location": "FAJA", "valid_from": "2606260236", "valid_to": "2609222359", "height_ft": 4819, "is_low": false, "text": "LADYSMITH TO HOWICK (283934S 0293354E, 283122S 0295304E, 292829S\n0302000E, 293213S 0295749E): UAS OPS (400FT AGL) TAKING PLACE BEYOND\nVISUAL LINE OF SIGHT (BVLOS).", "centre_lat": -29.04847222222222, "centre_lon": 29.936597222222222, "radius_nm": null}, "geometry": {"type": "Polygon", "coordinates": [[[29.565, -28.659444444444443], [29.884444444444444, -28.522777777777776], [30.333333333333332, -29.47472222222222], [29.96361111111111, -29.536944444444448], [29.565, -28.659444444444443]]]}}, {"type": "Feature", "properties": {"index": 553, "id": "C3253/26", "location": "FAHG", "valid_from": "2606260236", "valid_to": "2609222359", "height_ft": 6013, "is_low": false, "text": "JAMESON PARK TO VILLIERS (270321S 0285521E, 270708S 0285020E, 262921S\n0282006E, 262502S 0282457E): UAS OPS (400FT AGL) TAKING PLACE BEYOND\nVISUAL LINE OF SIGHT (BVLOS).", "centre_lat": -26.77027777777778, "centre_lon": 28.628055555555555, "radius_nm": null}, "geometry": {"type": "Polygon", "coordinates": [[[28.9225, -27.055833333333332], [28.83888888888889, -27.11888888888889], [28.334999999999997, -26.489166666666666], [28.41583333333333, -26.41722222222222], [28.9225, -27.055833333333332]]]}}, {"type": "Feature", "properties": {"index": 554, "id": "C3252/26", "location": "FAJA", "valid_from": "2606260235", "valid_to": "2609222359", "height_ft": 5774, "is_low": false, "text": "VILLIERS TO WARDEN, FREE STATE (270424S 0284756E, 275210S 0290741E,\nW5-HC4XRP-CT - 24AUG26 0600 ATNS 78/111\n274244S 0292328E, 265716S 0285622E): UAS OPS (400FT AGL) TAKING PLACE\nBEYOND VISUAL LINE OF SIGHT (BVLOS).", "centre_lat": -27.402361111111112, "centre_lon": 29.064375000000002, "radius_nm": null}, "geometry": {"type": "Polygon", "coordinates": [[[28.79888888888889, -27.073333333333334], [29.128055555555555, -27.869444444444444], [29.391111111111112, -27.71222222222222], [28.939444444444444, -26.954444444444444], [28.79888888888889, -27.073333333333334]]]}}, {"type": "Feature", "properties": {"index": 555, "id": "C3251/26", "location": "FAJA", "valid_from": "2606260234", "valid_to": "2609222359", "height_ft": 6074, "is_low": false, "text": "AREA BOUNDED BY (272656S 0290934E, 271908S 0291147E, 273242S\n0295609E, 274010S 0295248E): UAS OPS (400FT AGL) TAKING PLACE BEYOND\nVISUAL LINE OF SIGHT (BVLOS).", "centre_lat": -27.495555555555555, "centre_lon": 29.542916666666667, "radius_nm": null}, "geometry": {"type": "Polygon", "coordinates": [[[29.159444444444443, -27.448888888888888], [29.19638888888889, -27.31888888888889], [29.935833333333335, -27.545], [29.88, -27.669444444444444], [29.159444444444443, -27.448888888888888]]]}}, {"type": "Feature", "properties": {"index": 556, "id": "C3250/26", "location": "FAWI", "valid_from": "2606260233", "valid_to": "2609222359", "height_ft": 5426, "is_low": false, "text": "WITBANK TO KENDAL (255000S 0290924E, 255221S 0291142E, 260152S\n0285914E, 255927S 0285628E): UAS OPS (400FT AGL) TAKING PLACE BEYOND\nVISUAL LINE OF SIGHT (BVLOS).", "centre_lat": -25.931944444444447, "centre_lon": 29.07, "radius_nm": null}, "geometry": {"type": "Polygon", "coordinates": [[[29.156666666666666, -25.833333333333332], [29.195, -25.8725], [28.987222222222222, -26.03111111111111], [28.941111111111113, -25.990833333333335], [29.156666666666666, -25.833333333333332]]]}}, {"type": "Feature", "properties": {"index": 557, "id": "C3249/26", "location": "FAWI", "valid_from": "2606260232", "valid_to": "2609222359", "height_ft": 5478, "is_low": false, "text": "KENDAL TO SECUNDA (254854S 0285007E, 254929S 0291054E, 260216S\n0290840E, 260217S 0284404E, 260218S 0285446E, 260211S 0290152E,\n263142S 0291047E, 263045S 0290716E): UAS OPS (400FT AGL) TAKING PLACE\nBEYOND VISUAL LINE OF SIGHT (BVLOS).", "centre_lat": -26.10388888888889, "centre_lon": 29.017569444444444, "radius_nm": null}, "geometry": {"type": "Polygon", "coordinates": [[[28.835277777777776, -25.815], [29.18166666666667, -25.82472222222222], [29.144444444444446, -26.03777777777778], [28.734444444444446, -26.03805555555556], [28.912777777777777, -26.038333333333334], [29.03111111111111, -26.03638888888889], [29.179722222222225, -26.528333333333332], [29.121111111111112, -26.5125], [28.835277777777776, -25.815]]]}}, {"type": "Feature", "properties": {"index": 558, "id": "C3247/26", "location": "FARG", "valid_from": "2606251926", "valid_to": "2609222359", "height_ft": 4191, "is_low": false, "text": "ANGLO WATERVAL SMELTER, RUSTENBURG (254015S 0271842E, 254039S\n0272226E, 254127S 0272217E, 254102S 0272102E, 254218S 0272129E,\n254115S 0271805E): UAS OPS (400FT AGL) TAKING PLACE BEYOND VISUAL\nLINE OF SIGHT (BVLOS).", "centre_lat": -25.685925925925925, "centre_lon": 27.34449074074074, "radius_nm": null}, "geometry": {"type": "Polygon", "coordinates": [[[27.311666666666667, -25.670833333333334], [27.37388888888889, -25.677500000000002], [27.37138888888889, -25.690833333333334], [27.350555555555555, -25.683888888888887], [27.358055555555556, -25.705], [27.30138888888889, -25.6875], [27.311666666666667, -25.670833333333334]]]}}, {"type": "Feature", "properties": {"index": 559, "id": "C3246/26", "location": "FAWT", "valid_from": "2606251925", "valid_to": "2609222359", "height_ft": 4019, "is_low": false, "text": "PASCHAS KRAAL, LIMPOPO (242006S 0293832E, 240731S 0295947E, 243554S\n0302613E, 245114S 0300432E): UAS OPS (400FT AGL) TAKING PLACE  BEYOND\nVISUAL LINE OF SIGHT (BVLOS).", "centre_lat": -24.478125, "centre_lon": 30.03777777777778, "radius_nm": null}, "geometry": {"type": "Polygon", "coordinates": [[[29.642222222222223, -24.334999999999997], [29.99638888888889, -24.12527777777778], [30.436944444444446, -24.598333333333333], [30.075555555555557, -24.85388888888889], [29.642222222222223, -24.334999999999997]]]}}, {"type": "Feature", "properties": {"index": 560, "id": "C3245/26", "location": "FAJA", "valid_from": "2606251924", "valid_to": "2609222359", "height_ft": 4218, "is_low": false, "text": "MOGALAKWENA, LIMPOPO (235929S 0284402E, 240530S 0284804E, 235959S\n0285947E, 235351S 0285451E): UAS OPS (400FT AGL) TAKING PLACE BEYOND\nVISUAL LINE OF SIGHT (BVLOS).", "centre_lat": -23.995069444444447, "centre_lon": 28.86138888888889, "radius_nm": null}, "geometry": {"type": "Polygon", "coordinates": [[[28.733888888888888, -23.99138888888889], [28.801111111111112, -24.091666666666665], [28.99638888888889, -23.999722222222225], [28.914166666666667, -23.8975], [28.733888888888888, -23.99138888888889]]]}}, {"type": "Feature", "properties": {"index": 561, "id": "C3244/26", "location": "FAJA", "valid_from": "2606251924", "valid_to": "2609222359", "height_ft": 3504, "is_low": false, "text": "AMANDEBULT, LIMPOPO (243917S 0271528E, 243914S 0272739E, 245351S\n0272546E, 245307S 0271115E): UAS OPS (400FT AGL) TAKING PLACE BEYOND\nVISUAL LINE OF SIGHT (BVLOS).\nW5-HC4XRP-CT - 24AUG26 0600 ATNS 79/111", "centre_lat": -24.77284722222222, "centre_lon": 27.33388888888889, "radius_nm": null}, "geometry": {"type": "Polygon", "coordinates": [[[27.25777777777778, -24.654722222222222], [27.460833333333333, -24.653888888888886], [27.429444444444446, -24.8975], [27.1875, -24.885277777777777], [27.25777777777778, -24.654722222222222]]]}}, {"type": "Feature", "properties": {"index": 562, "id": "C3241/26", "location": "FAJA", "valid_from": "2606251338", "valid_to": "2608312359", "height_ft": 4304, "is_low": false, "text": "ASB MINERALS, NORTH WEST (254310S 0272911E, 254303S 0273436E, 254418S\n0273516E, 254510S 0272923E): UAS OPS (400FT AGL) TAKING PLACE BEYOND\nVISUAL LINE OF SIGHT (BVLOS).", "centre_lat": -25.732013888888886, "centre_lon": 27.53513888888889, "radius_nm": null}, "geometry": {"type": "Polygon", "coordinates": [[[27.48638888888889, -25.71944444444444], [27.576666666666668, -25.717499999999998], [27.587777777777777, -25.738333333333333], [27.489722222222223, -25.752777777777776], [27.48638888888889, -25.71944444444444]]]}}, {"type": "Feature", "properties": {"index": 563, "id": "C3239/26", "location": "FALI", "valid_from": "2606251238", "valid_to": "2609222359", "height_ft": 5306, "is_low": false, "text": "COLIGNY TO LICHTENBURG (261420S 0260510E, 260837S 0260414E, 260209S\n0261655E, 261140S 0262941E, 262156S 0261901E, 261829S 0260959E): UAS\nOPS (400FT AGL) TAKING PLACE BEYOND VISUAL LINE OF SIGHT (BVLOS).", "centre_lat": -26.21439814814815, "centre_lon": 26.236111111111114, "radius_nm": null}, "geometry": {"type": "Polygon", "coordinates": [[[26.08611111111111, -26.23888888888889], [26.070555555555554, -26.14361111111111], [26.281944444444445, -26.035833333333336], [26.494722222222222, -26.194444444444446], [26.316944444444445, -26.365555555555556], [26.16638888888889, -26.308055555555555], [26.08611111111111, -26.23888888888889]]]}}, {"type": "Feature", "properties": {"index": 564, "id": "C3237/26", "location": "FAJA", "valid_from": "2606260400", "valid_to": "2609232200", "height_ft": 5825, "is_low": false, "text": "VAAL TRIANGLE, VEREENIGING, GAUTENG (262847S 0274918E, 262957S\n0280507E, 264109S 0280301E, 264100S 0275040E): UAS OPS (1000FT AGL)\nTAKING PLACE BEYOND VISUAL LINE OF SIGHT (BVLOS). FUA REF: MM\n24/06-5.", "centre_lat": -26.58701388888889, "centre_lon": 27.950416666666666, "radius_nm": null}, "geometry": {"type": "Polygon", "coordinates": [[[27.821666666666665, -26.47972222222222], [28.085277777777776, -26.499166666666667], [28.05027777777778, -26.685833333333335], [27.844444444444445, -26.683333333333334], [27.821666666666665, -26.47972222222222]]]}}, {"type": "Feature", "properties": {"index": 565, "id": "C3235/26", "location": "FARB", "valid_from": "2606260000", "valid_to": "2609232359", "height_ft": 403, "is_low": true, "text": "RBM MINING AREA, KWAZULU-NATAL (284229S 0321209E, 284122S 0320849E,\n284044S 0320846E, 284032S 0321243E, 283107S 0322103E, 283118S\n0322407E, 283414S 0322211E, 283739S 0321811E): UAS OPS (400FT AGL)\nTAKING PLACE BEYOND VISUAL LINE OF SIGHT (BVLOS).", "centre_lat": -28.623784722222222, "centre_lon": 32.26663194444444, "radius_nm": null}, "geometry": {"type": "Polygon", "coordinates": [[[32.2025, -28.708055555555553], [32.14694444444444, -28.689444444444444], [32.14611111111111, -28.67888888888889], [32.21194444444445, -28.675555555555558], [32.350833333333334, -28.51861111111111], [32.401944444444446, -28.521666666666665], [32.36972222222222, -28.570555555555554], [32.30305555555555, -28.6275], [32.2025, -28.708055555555553]]]}}, {"type": "Feature", "properties": {"index": 566, "id": "C3233/26", "location": "FARB", "valid_from": "2606260000", "valid_to": "2609232359", "height_ft": 549, "is_low": true, "text": "RBM SMELTER, RICHARDS BAY, KWAZULU-NATAL (284044S 0320729E, 284014S\n0320759E, 284107S 0320845E, 284131S 0320813E): UAS OPS (400FT AGL)\nTAKING PLACE BEYOND VISUAL LINE OF SIGHT (BVLOS).", "centre_lat": -28.68166666666667, "centre_lon": 32.135138888888896, "radius_nm": null}, "geometry": {"type": "Polygon", "coordinates": [[[32.124722222222225, -28.67888888888889], [32.13305555555556, -28.670555555555556], [32.145833333333336, -28.685277777777777], [32.136944444444445, -28.691944444444445], [32.124722222222225, -28.67888888888889]]]}}, {"type": "Feature", "properties": {"index": 567, "id": "C3231/26", "location": "FAJA", "valid_from": "2606260000", "valid_to": "2609232359", "height_ft": 6203, "is_low": false, "text": "PLATKOP LANDFILL, BRAKPAN, GAUTENG (262438S 0281554E, 262453S\n0281612E, 262518S 0281548E, 262505S 0281530E): UNMANNED AERIAL\nVEHICLE (UAV) OPS (1000FT AGL) TAKING PLACE BEYOND VISUAL LINE OF\nSIGHT (BVLOS). FUA REF: AVJ 23/06-06.", "centre_lat": -26.416249999999998, "centre_lon": 28.264166666666668, "radius_nm": null}, "geometry": {"type": "Polygon", "coordinates": [[[28.265, -26.410555555555554], [28.27, -26.41472222222222], [28.263333333333332, -26.421666666666667], [28.258333333333333, -26.418055555555558], [28.265, -26.410555555555554]]]}}, {"type": "Feature", "properties": {"index": 568, "id": "C3230/26", "location": "FAGY", "valid_from": "2606250754", "valid_to": "2609220400", "height_ft": 2934, "is_low": false, "text": "AREA BOUNDED BY (290224S 0303612E, 291322S 0313034E, 301611S\n0310801E, 294629S 0300928E): UAS OPS (1500FT AGL) TAKING PLACE BEYOND\nVISUAL LINE OF SIGHT.\nW5-HC4XRP-CT - 24AUG26 0600 ATNS 80/111", "centre_lat": -29.576805555555556, "centre_lon": 30.851041666666667, "radius_nm": null}, "geometry": {"type": "Polygon", "coordinates": [[[30.603333333333335, -29.040000000000003], [31.509444444444444, -29.222777777777775], [31.13361111111111, -30.26972222222222], [30.157777777777778, -29.77472222222222], [30.603333333333335, -29.040000000000003]]]}}, {"type": "Feature", "properties": {"index": 569, "id": "C3228/26", "location": "FAJA", "valid_from": "2606270000", "valid_to": "2609252359", "height_ft": 6218, "is_low": false, "text": "GOLDFIELDS SOUTH DEEP MINE, GAUTENG (262821S 0273748E, 262234S\n0273911E, 262417S 0274200E, 262830S 0273933E): UNMANNED AERIAL\nVEHICLE (UAV) OPS (1000FT AGL) TAKING PLACE BEYOND VISUAL LINE OF\nSIGHT. FUA REF: DF20/05-4.", "centre_lat": -26.43208333333333, "centre_lon": 27.660555555555554, "radius_nm": null}, "geometry": {"type": "Polygon", "coordinates": [[[27.63, -26.472499999999997], [27.653055555555554, -26.37611111111111], [27.7, -26.404722222222222], [27.659166666666664, -26.474999999999998], [27.63, -26.472499999999997]]]}}, {"type": "Feature", "properties": {"index": 570, "id": "C3224/26", "location": "FAJA", "valid_from": "2607010400", "valid_to": "2609301600", "height_ft": 6300, "is_low": false, "text": "SERETI KHUTALA COLLIERY, OGIES, MPUMALANGA (260407S 0285839E,260354S\n0290144E, 260658S 0290211E, 260625S 0290658E, 260722S 0290743E,\n261123S 0290512E, 261200S 0290118E, 260753S 0285748E): UAS OPS\n(1000FT AGL) TAKING PLACE BEYOND VISUAL LINE OF SIGHT (BVLOS).", "centre_lat": -26.125069444444442, "centre_lon": 29.044895833333335, "radius_nm": null}, "geometry": {"type": "Polygon", "coordinates": [[[28.9775, -26.06861111111111], [29.028888888888886, -26.065], [29.03638888888889, -26.116111111111113], [29.116111111111113, -26.106944444444444], [29.128611111111113, -26.122777777777777], [29.086666666666666, -26.189722222222223], [29.021666666666665, -26.2], [28.96333333333333, -26.13138888888889], [28.9775, -26.06861111111111]]]}}, {"type": "Feature", "properties": {"index": 571, "id": "C3223/26", "location": "FAJA", "valid_from": "2606250501", "valid_to": "2609222359", "height_ft": 3531, "is_low": false, "text": "LIMBERG MINING COMPANY, LIMPOPO (244251S 0271904E, 244301S 0272501E,\n244839S 0272346E, 244831S 0271811E): UAS OPS (400FT AGL) TAKING PLACE\nBEYOND VISUAL LINE OF SIGHT (BVLOS).", "centre_lat": -24.762638888888887, "centre_lon": 27.358472222222222, "radius_nm": null}, "geometry": {"type": "Polygon", "coordinates": [[[27.317777777777778, -24.714166666666667], [27.416944444444447, -24.716944444444444], [27.39611111111111, -24.810833333333335], [27.303055555555556, -24.808611111111112], [27.317777777777778, -24.714166666666667]]]}}, {"type": "Feature", "properties": {"index": 572, "id": "C3221/26", "location": "FACA", "valid_from": "2606260000", "valid_to": "2609232359", "height_ft": 553, "is_low": true, "text": "FARM 719 MALMESBURY, CAPE TOWN, WESTERN CAPE (332627S 0181802E,33\n2551S 0182117E,332834S 0182143E,332857S 0181913E): UNMANNED AERIAL\nVEHICLE (UAV) OPS (400FT AGL) TAKING PLACE BEYOND VISUAL LINE O\nSIGHT (BVLOS).", "centre_lat": -31.562361111111112, "centre_lon": 18.334375, "radius_nm": null}, "geometry": {"type": "Polygon", "coordinates": [[[18.300555555555555, -33.44083333333333], [18.354722222222225, -25.85], [18.361944444444447, -33.476111111111116], [18.32027777777778, -33.4825], [18.300555555555555, -33.44083333333333]]]}}, {"type": "Feature", "properties": {"index": 573, "id": "C3214/26", "location": "FACA", "valid_from": "2607010600", "valid_to": "2609231800", "height_ft": 394, "is_low": true, "text": "GOEDVERTROUW FARM, STELLENBOSCH, WESTERN CAPE (335708S 0184912E,\n335731S 0184916E, 335758S 0184829E, 335732S 0184819E): UAS OPS (200FT\nAGL) TAKING PLACE.", "centre_lat": -33.95895833333333, "centre_lon": 18.81361111111111, "radius_nm": null}, "geometry": {"type": "Polygon", "coordinates": [[[18.82, -33.952222222222225], [18.82111111111111, -33.95861111111111], [18.808055555555555, -33.96611111111111], [18.80527777777778, -33.95888888888889], [18.82, -33.952222222222225]]]}}, {"type": "Feature", "properties": {"index": 574, "id": "C3211/26", "location": "FAJA", "valid_from": "2606260000", "valid_to": "2608312359", "height_ft": 5829, "is_low": false, "text": "KAMEELDRIFT, GAUTENG (254119S 0275858E, 254118S 0275905E, 254123S\n0275906E, 254124S 0275858E): UAS OPS (400FT AGL) TAKING PLACE BEYOND\nVISUAL LINE OF SIGHT (BVLOS).", "centre_lat": -25.689166666666665, "centre_lon": 27.983819444444443, "radius_nm": null}, "geometry": {"type": "Polygon", "coordinates": [[[27.982777777777777, -25.68861111111111], [27.984722222222224, -25.688333333333333], [27.985, -25.689722222222223], [27.982777777777777, -25.69], [27.982777777777777, -25.68861111111111]]]}}, {"type": "Feature", "properties": {"index": 575, "id": "C3208/26", "location": "FASI", "valid_from": "2607010000", "valid_to": "2608242359", "height_ft": 5702, "is_low": false, "text": "RIETFONTEIN LANDFILL, GAUTENG (261734S 0282435E, 261710S 0282505E,\n261809S 0282545E, 261822S 0282518E): UNMANNED AERIAL VEHICLE (UAV)\nOPS (400FT AGL) TAKING PLACE BEYOND VISUAL LINE OF SIGHT (BVLOS).\nW5-HC4XRP-CT - 24AUG26 0600 ATNS 81/111", "centre_lat": -26.296875, "centre_lon": 28.41965277777778, "radius_nm": null}, "geometry": {"type": "Polygon", "coordinates": [[[28.40972222222222, -26.29277777777778], [28.418055555555558, -26.28611111111111], [28.429166666666667, -26.302500000000002], [28.421666666666667, -26.30611111111111], [28.40972222222222, -26.29277777777778]]]}}, {"type": "Feature", "properties": {"index": 576, "id": "C3207/26", "location": "FAJA", "valid_from": "2606250001", "valid_to": "2609212359", "height_ft": 4326, "is_low": false, "text": "SIBANYE STILLWATER, RUSTENBURG (254140S 0272137E, 254239S 0272615E,\n254324S 0272548E, 254301S 0272143E): UNMANNED AERIAL VEHICLE (UAV)\nOPS (400FT AGL) TAKING PLACE BEYOND VISUAL LINE OF SIGHT (BVLOS).", "centre_lat": -25.71138888888889, "centre_lon": 27.39743055555556, "radius_nm": null}, "geometry": {"type": "Polygon", "coordinates": [[[27.360277777777778, -25.694444444444446], [27.4375, -25.710833333333333], [27.43, -25.723333333333333], [27.361944444444447, -25.716944444444444], [27.360277777777778, -25.694444444444446]]]}}, {"type": "Feature", "properties": {"index": 577, "id": "C3206/26", "location": "FAJA", "valid_from": "2606250001", "valid_to": "2609212359", "height_ft": 4163, "is_low": false, "text": "NOKENG FLUORSPAR, GAUTENG (251528S 0283332E, 251509S 0283625E,\n251857S 0283555E, 251854S 0283406E): UNMANNED AERIAL VEHICLE (UAV)\nOPS (400FT AGL) TAKING PLACE BEYOND VISUAL LINE OF SIGHT (BVLOS).", "centre_lat": -25.28527777777778, "centre_lon": 28.583194444444445, "radius_nm": null}, "geometry": {"type": "Polygon", "coordinates": [[[28.55888888888889, -25.25777777777778], [28.606944444444444, -25.2525], [28.59861111111111, -25.315833333333334], [28.56833333333333, -25.315], [28.55888888888889, -25.25777777777778]]]}}, {"type": "Feature", "properties": {"index": 578, "id": "C3205/26", "location": "FAJA", "valid_from": "2606250001", "valid_to": "2609212359", "height_ft": 3954, "is_low": false, "text": "THABAZIMBI SITE, LIMPOPO (244544S 0271152E 244558S 0271400E 244725S\n0271317E 244729S 0271143E): UNMANNED AERIAL VEHICLE (UAV) OPS (400FT\nAGL) TAKING PLACE BEYOND VISUAL LINE OF SIGHT (BVLOS).", "centre_lat": -24.7775, "centre_lon": 27.211944444444445, "radius_nm": null}, "geometry": {"type": "Polygon", "coordinates": [[[27.197777777777777, -24.76222222222222], [27.233333333333334, -24.766111111111112], [27.22138888888889, -24.790277777777778], [27.19527777777778, -24.79138888888889], [27.197777777777777, -24.76222222222222]]]}}, {"type": "Feature", "properties": {"index": 579, "id": "C3194/26", "location": "FAJA", "valid_from": "2606250500", "valid_to": "2609181700", "height_ft": 4308, "is_low": false, "text": "RIVER MANAGEMENT SYSTEMS PMA, NORTH WEST (252300S 0273330E, 252300S\n0273530E, 252500S 0273530E, 252500S 0273330E): UAS OPS (1000FT AGL)\nTAKING PLACE BEYOND VISUAL LINE OF SIGHT (BVLOS).\nCAMU REF: AVJ 23/06-04.", "centre_lat": -25.400000000000002, "centre_lon": 27.575, "radius_nm": null}, "geometry": {"type": "Polygon", "coordinates": [[[27.558333333333334, -25.383333333333333], [27.591666666666665, -25.383333333333333], [27.591666666666665, -25.416666666666668], [27.558333333333334, -25.416666666666668], [27.558333333333334, -25.383333333333333]]]}}, {"type": "Feature", "properties": {"index": 580, "id": "C3192/26", "location": "FAPH", "valid_from": "2606240500", "valid_to": "2609181700", "height_ft": 1710, "is_low": false, "text": "FOSKOR MINING COMPANY PMA, LIMPOPO (235730S 0310500E, 235730S\n0311100E,240200S 0311100E, 240200S 0310500E): UAS OPS (400FT AGL)\nTAKING PLACE BEYOND VISUAL LINE OF SIGHT (BVLOS).", "centre_lat": -23.995833333333334, "centre_lon": 31.133333333333333, "radius_nm": null}, "geometry": {"type": "Polygon", "coordinates": [[[31.083333333333332, -23.958333333333332], [31.183333333333334, -23.958333333333332], [31.183333333333334, -24.033333333333335], [31.083333333333332, -24.033333333333335], [31.083333333333332, -23.958333333333332]]]}}, {"type": "Feature", "properties": {"index": 581, "id": "C3185/26", "location": "FAUT", "valid_from": "2606231154", "valid_to": "2609201600", "height_ft": null, "is_low": false, "text": "RFFS OPS HR OF SER CHG TO:\nMON-FRI 0430-1600\nSAT 0430-1230\nSUN 1030-1600\nC3176/26", "centre_lat": -31.55, "centre_lon": 28.683333333333334, "radius_nm": 5}, "geometry": {"type": "Point", "coordinates": [28.683333333333334, -31.55]}}, {"type": "Feature", "properties": {"index": 582, "id": "C3176/26", "location": "FAJA", "valid_from": "2606231400", "valid_to": "2608310200", "height_ft": 4144, "is_low": false, "text": "ZEBULA GOLF ESTATE (244241S 0275412E, 244150S 0280044E, 244720S\n0280249E, 244859S 0275608E): UAS OPS (400FT AGL) TAKING PLACE\nBEYOND VISUAL LINE OF SIGHT (BVLOS).", "centre_lat": -24.753472222222225, "centre_lon": 27.97451388888889, "radius_nm": null}, "geometry": {"type": "Polygon", "coordinates": [[[27.903333333333332, -24.711388888888887], [28.01222222222222, -24.697222222222223], [28.046944444444446, -24.78888888888889], [27.935555555555556, -24.81638888888889], [27.903333333333332, -24.711388888888887]]]}}, {"type": "Feature", "properties": {"index": 583, "id": "C3175/26", "location": "FACA", "valid_from": "2606250000", "valid_to": "2609222359", "height_ft": 5309, "is_low": false, "text": "DROEFONTEIN QUARRY, NOUPOORT, NORTHERN CAPE (311439S 0244808E,\n311444S 0244830E, 311454S 0244827E, 311450S 0244807E): UNMANNED\nAERIAL VEHICLE (UAV) OPS (400FT AGL) TAKING PLACE BEYOND VISUAL LINE\nOF SIGHT (BVLOS).", "centre_lat": -31.246319444444445, "centre_lon": 24.805, "radius_nm": null}, "geometry": {"type": "Polygon", "coordinates": [[[24.802222222222223, -31.24416666666667], [24.808333333333334, -31.245555555555555], [24.8075, -31.248333333333335], [24.801944444444445, -31.247222222222224], [24.802222222222223, -31.24416666666667]]]}}, {"type": "Feature", "properties": {"index": 584, "id": "C3174/26", "location": "FAJA", "valid_from": "2606250000", "valid_to": "2609222359", "height_ft": 4369, "is_low": false, "text": "CLOVER MINE KROONDAL, NORTH WEST (254449S 0272151E, 254429S 0272209E,\n254453S 0272232E, 254502S 0272217E): UNMANNED AERIAL VEHICLE (UAV)\nOPS (400FT AGL) TAKING PLACE BEYOND VISUAL LINE OF SIGHT (BVLOS).", "centre_lat": -25.746736111111108, "centre_lon": 27.370069444444443, "radius_nm": null}, "geometry": {"type": "Polygon", "coordinates": [[[27.36416666666667, -25.746944444444445], [27.36916666666667, -25.74138888888889], [27.375555555555557, -25.748055555555556], [27.37138888888889, -25.750555555555554], [27.36416666666667, -25.746944444444445]]]}}, {"type": "Feature", "properties": {"index": 585, "id": "C3171/26", "location": "FAXX", "valid_from": "2606230736", "valid_to": "2609201500", "height_ft": null, "is_low": false, "text": "ZEBULA AIRSTRIP (244522S 0275812E): NIL TRG PERMITTED.\nC3169/26", "centre_lat": -24.75611111111111, "centre_lon": 27.97, "radius_nm": 5}, "geometry": {"type": "Point", "coordinates": [27.97, -24.75611111111111]}}, {"type": "Feature", "properties": {"index": 586, "id": "C3169/26", "location": "FAWT", "valid_from": "2606221915", "valid_to": "2609192359", "height_ft": 3980, "is_low": false, "text": "MODIKWA PLATINUM MINE, LIMPOPO (243625S 0300346E, 244336S 0300642E,\n244315S 0301012E, 243944S 0301211E, 243614S 0300921E): UAS OPS\n(1000FT AGL) TAKING PLACE BEYOND VISUAL LINE OF SIGHT (BVLOS).", "centre_lat": -24.66411111111111, "centre_lon": 30.140666666666664, "radius_nm": null}, "geometry": {"type": "Polygon", "coordinates": [[[30.06277777777778, -24.606944444444444], [30.111666666666668, -24.726666666666667], [30.17, -24.72083333333333], [30.203055555555554, -24.66222222222222], [30.15583333333333, -24.60388888888889], [30.06277777777778, -24.606944444444444]]]}}, {"type": "Feature", "properties": {"index": 587, "id": "C3165/26", "location": "FACA", "valid_from": "2606230000", "valid_to": "2609202359", "height_ft": 377, "is_low": true, "text": "FAD 46, PIKETBERG , WESTERN CAPE (323851S 0183902E, 323828S 0184216E,\n324322S 0184518E, 324417S 0184124E): REMOTELY PILOTED AIRCRAFT\nSYSTEMS (RPAS) OPS (60FT AGL) TAKING PLACE BEYOND VISUAL LINE OF\nSIGHT (BVLOS).", "centre_lat": -32.68736111111111, "centre_lon": 18.7, "radius_nm": null}, "geometry": {"type": "Polygon", "coordinates": [[[18.650555555555552, -32.6475], [18.704444444444444, -32.64111111111111], [18.755, -32.72277777777778], [18.69, -32.738055555555555], [18.650555555555552, -32.6475]]]}}, {"type": "Feature", "properties": {"index": 588, "id": "C3164/26", "location": "FAJA", "valid_from": "2606230700", "valid_to": "2609201400", "height_ft": 5301, "is_low": false, "text": "PHOKENG DISTRICT, RUSTENBURG, NORTH WEST, AREA 1 (253429S 0271131E,\n253439S 0271218E, 253502S 0271220E, 253519S 0271201E), AREA 2\n(253310S 0271114E, 253323S 0271116E, 253339S 0271043E, 253335S\n0271040E):  BLASTING (1500FT AGL) TAKING PLACE.", "centre_lat": -25.569305555555555, "centre_lon": 27.191770833333333, "radius_nm": null}, "geometry": {"type": "Polygon", "coordinates": [[[27.191944444444445, -25.57472222222222], [27.205, -25.5775], [27.205555555555556, -25.583888888888886], [27.200277777777778, -25.58861111111111], [27.18722222222222, -25.552777777777777], [27.18777777777778, -25.55638888888889], [27.178611111111113, -25.560833333333335], [27.17777777777778, -25.559722222222224], [27.191944444444445, -25.57472222222222]]]}}, {"type": "Feature", "properties": {"index": 589, "id": "C3163/26", "location": "FABB", "valid_from": "2606221210", "valid_to": "PERM", "height_ft": null, "is_low": false, "text": "BIRD ACT. PILOTS TO EXER CTN.\nC3162/26", "centre_lat": -26.233333333333334, "centre_lon": 28.3, "radius_nm": 5}, "geometry": {"type": "Point", "coordinates": [28.3, -26.233333333333334]}}, {"type": "Feature", "properties": {"index": 590, "id": "C3162/26", "location": "FASC", "valid_from": "2606241600", "valid_to": "2609210400", "height_ft": 6259, "is_low": false, "text": "FAR 63 SECUNDA, MPUMALANGA (263316S 0290810E, 263522S 0290818E,\n263428S 0291059E, 263249S 0291051E): REMOTELY PILOTED AIRCRAFT\nW5-HC4XRP-CT - 24AUG26 0600 ATNS 83/111\nSYSTEMS (RPAS) OPS (1000FT) TAKING PLACE BEYOND VISUAL LINE OF SIGHT\n(BVLOS). FUA REF: AVJ 19/01-06.", "centre_lat": -26.566319444444446, "centre_lon": 29.159583333333334, "radius_nm": null}, "geometry": {"type": "Polygon", "coordinates": [[[29.13611111111111, -26.554444444444446], [29.138333333333332, -26.589444444444442], [29.18305555555556, -26.574444444444445], [29.180833333333336, -26.546944444444446], [29.13611111111111, -26.554444444444446]]]}}, {"type": "Feature", "properties": {"index": 591, "id": "C3161/26", "location": "FACA", "valid_from": "2606230000", "valid_to": "2609202359", "height_ft": 2054, "is_low": false, "text": "AFRIMAT KWT QUARRY, QONCE, EASTERN CAPE (325104S 0272426E, 325105S\n0272501E, 325127S 0272504E, 325129S 0272428E): UNMANNED AERIAL\nVEHICLE (UAV) OPS (400FT AGL) TAKING PLACE BEYOND VISUAL LINE OF\nSIGHT (BVLOS).", "centre_lat": -32.85451388888889, "centre_lon": 27.412430555555556, "radius_nm": null}, "geometry": {"type": "Polygon", "coordinates": [[[27.40722222222222, -32.85111111111111], [27.416944444444447, -32.85138888888889], [27.41777777777778, -32.8575], [27.407777777777778, -32.85805555555556], [27.40722222222222, -32.85111111111111]]]}}, {"type": "Feature", "properties": {"index": 592, "id": "C3160/26", "location": "FAXX", "valid_from": "2606240000", "valid_to": "2609212359", "height_ft": 5590, "is_low": false, "text": "KLIPPAN (255218.30S 0295310.88E):\nAREA BOUNDED BY (254557S 0295207E, 254406S 0300238E, 261725S\n0300805E, 261849S 0300106E): UNMANNED AERIAL VEHICLE (UAV) OPS (400FT\nAGL) TAKING PLACE BEYOND VISUAL LINE OF SIGHT (BVLOS).", "centre_lat": -26.026180555555555, "centre_lon": 30.016388888888887, "radius_nm": null}, "geometry": {"type": "Polygon", "coordinates": [[[29.86861111111111, -25.765833333333333], [30.04388888888889, -25.735], [30.134722222222223, -26.290277777777778], [30.01833333333333, -26.31361111111111], [29.86861111111111, -25.765833333333333]]]}}, {"type": "Feature", "properties": {"index": 593, "id": "C3159/26", "location": "FAJA", "valid_from": "2606240000", "valid_to": "2609212359", "height_ft": 6222, "is_low": false, "text": "SARA BUFFELS, SPITZKOP AND UMLABU, BREYTEN, MPUMALANGA (261752S\n0295107E, 261714S 0300027E, 262428S 0300247E, 262523S 0295430E):\nUNMANNED AERIAL VEHICLE (UAV) OPS (400FT AGL) TAKING PLACE BEYOND\nVISUAL LINE OF SIGHT (BVLOS).", "centre_lat": -26.35395833333333, "centre_lon": 29.953541666666666, "radius_nm": null}, "geometry": {"type": "Polygon", "coordinates": [[[29.851944444444445, -26.297777777777778], [30.0075, -26.287222222222223], [30.04638888888889, -26.407777777777778], [29.90833333333333, -26.423055555555557], [29.851944444444445, -26.297777777777778]]]}}, {"type": "Feature", "properties": {"index": 594, "id": "C3152/26", "location": "FAJA", "valid_from": "2606230000", "valid_to": "2609202359", "height_ft": 6443, "is_low": false, "text": "MOOIPLAATS SOLAR PV PLANT, NORTHERN CAPE (311946S 0244220E, 311759S\n0244135E, 311514S 0244534E, 311641S 0244733E): UNMANNED AERIAL\nVEHICLE (UAV) OPS (1500FT AGL) TAKING PLACE BEYOND VISUAL LINE OF\nSIGHT (BVLOS). FUA REF: AVJ 18/06-03.", "centre_lat": -31.290277777777778, "centre_lon": 24.73763888888889, "radius_nm": null}, "geometry": {"type": "Polygon", "coordinates": [[[24.705555555555556, -31.329444444444444], [24.693055555555556, -31.299722222222226], [24.759444444444444, -31.253888888888888], [24.7925, -31.278055555555554], [24.705555555555556, -31.329444444444444]]]}}, {"type": "Feature", "properties": {"index": 595, "id": "C3145/26", "location": "FAJA", "valid_from": "2606290500", "valid_to": "2609261700", "height_ft": 4743, "is_low": false, "text": "VERGENOEG MINE, RUST DE WINTER, GAUTENG (251459S 0283352E, 251459S\n0283542E, 251643S 0283546E, 251700S 0283423E): UAS OPS (1000FT AGL)\nTAKING PLACE. FUA REF: DF 17/03-5", "centre_lat": -25.265347222222225, "centre_lon": 28.58215277777778, "radius_nm": null}, "geometry": {"type": "Polygon", "coordinates": [[[28.564444444444444, -25.249722222222225], [28.595, -25.249722222222225], [28.59611111111111, -25.27861111111111], [28.573055555555555, -25.283333333333335], [28.564444444444444, -25.249722222222225]]]}}, {"type": "Feature", "properties": {"index": 596, "id": "C3141/26", "location": "FAJA", "valid_from": "2606190924", "valid_to": "2609182359", "height_ft": 6494, "is_low": false, "text": "TSF ERGO, BRAKPAN, GAUTENG (261950S 0281752E, 261943S 0282038E,\n262239S 0282026E, 262226S 0281729E): UNMANNED AERIAL VEHICLE (UAV)\nOPS (1000FT AGL) TAKING PLACE BEYOND VISUAL LINE OF SIGHT (BVLOS).\nFUA REF: AVJ 08/06-08.", "centre_lat": -26.352638888888887, "centre_lon": 28.318402777777777, "radius_nm": null}, "geometry": {"type": "Polygon", "coordinates": [[[28.297777777777778, -26.330555555555556], [28.343888888888888, -26.328611111111112], [28.340555555555554, -26.3775], [28.29138888888889, -26.37388888888889], [28.297777777777778, -26.330555555555556]]]}}, {"type": "Feature", "properties": {"index": 597, "id": "C3140/26", "location": "FAJA", "valid_from": "2606200000", "valid_to": "2609172359", "height_ft": 4726, "is_low": false, "text": "NATIONAL ASPHALT, ELANDSLAAGTE, KWAZULU-NATAL (282234S 0295734E,\n282210S 0295652E, 282149S 0295703E, 282204S 0295757E): UNMANNED\nAERIAL VEHICLE (UAV) OPS (1000FT AGL) TAKING PLACE BEYOND VISUAL LINE\nOF SIGHT (BVLOS). FUA REF: DF 18/06-5.", "centre_lat": -28.36923611111111, "centre_lon": 29.955972222222222, "radius_nm": null}, "geometry": {"type": "Polygon", "coordinates": [[[29.959444444444443, -28.37611111111111], [29.947777777777777, -28.369444444444444], [29.950833333333332, -28.363611111111112], [29.965833333333332, -28.36777777777778], [29.959444444444443, -28.37611111111111]]]}}, {"type": "Feature", "properties": {"index": 598, "id": "C3138/26", "location": "FAJA", "valid_from": "2606200000", "valid_to": "2609172359", "height_ft": 4781, "is_low": false, "text": "NATIONAL ASPHALT ESTCOURT, KWAZULU-NATAL (290031S 0295310E, 290000S\n0295239E, 285946S 0295248E, 290016S 0295328E): UNMANNED AERIAL\nVEHICLE (UAV) OPS (1000FT AGL) TAKING PLACE BEYOND VISUAL LINE OF\nSIGHT (BVLOS). FUA REF DF 18/06-6.", "centre_lat": -29.002291666666668, "centre_lon": 29.883680555555557, "radius_nm": null}, "geometry": {"type": "Polygon", "coordinates": [[[29.88611111111111, -29.00861111111111], [29.8775, -29.0], [29.88, -28.996111111111112], [29.891111111111112, -29.004444444444445], [29.88611111111111, -29.00861111111111]]]}}, {"type": "Feature", "properties": {"index": 599, "id": "C3128/26", "location": "FACA", "valid_from": "2610240800", "valid_to": "2610251600", "height_ft": 736, "is_low": true, "text": "YOUNGSFIELD MILITARY BASE, WYNBERG, CAPE TOWN (340009S 0182939E):\nKITE FLYING OPS (670FT AGL) TAKING PLACE (APRX 300 KITES).", "centre_lat": -34.0025, "centre_lon": 18.49416666666667, "radius_nm": 1}, "geometry": {"type": "Point", "coordinates": [18.49416666666667, -34.0025]}}, {"type": "Feature", "properties": {"index": 600, "id": "C3127/26", "location": "FAJA", "valid_from": "2606300500", "valid_to": "2609271700", "height_ft": 6145, "is_low": false, "text": "STUART COAL, DELMAS, MPUMALANGA (260804S 0284410E, 260658S 0284806E,\n260913S 0285057E, 261010S 0284521E) : UAS OPS (1000FT AGL) TAKING\nPLACE. FUA REF: TM 16/01-5.", "centre_lat": -26.14340277777778, "centre_lon": 28.78569444444444, "radius_nm": null}, "geometry": {"type": "Polygon", "coordinates": [[[28.73611111111111, -26.134444444444444], [28.801666666666666, -26.116111111111113], [28.849166666666665, -26.15361111111111], [28.75583333333333, -26.169444444444444], [28.73611111111111, -26.134444444444444]]]}}, {"type": "Feature", "properties": {"index": 601, "id": "C3125/26", "location": "FAJA", "valid_from": "2606300500", "valid_to": "2609261700", "height_ft": 4559, "is_low": false, "text": "RHOVAN VANADIUM MINE, BETHANIE, NORTH WEST (253345S 0273253E, 253308S\n0273432E, 253437S 0273558E, 253632S 0273537E): UAS OPS (1000FT AGL)\nTAKING PLACE. FUA REF: AV 26/3/9.", "centre_lat": -25.575138888888887, "centre_lon": 27.579166666666666, "radius_nm": null}, "geometry": {"type": "Polygon", "coordinates": [[[27.548055555555557, -25.5625], [27.575555555555557, -25.552222222222223], [27.599444444444444, -25.576944444444443], [27.59361111111111, -25.60888888888889], [27.548055555555557, -25.5625]]]}}, {"type": "Feature", "properties": {"index": 602, "id": "C3124/26", "location": "FAJA", "valid_from": "2606220000", "valid_to": "2608312359", "height_ft": 3169, "is_low": false, "text": "MARULA MINE, BOTHASHOEK, LIMPOPO  (242923S 0300343E, 242853S\n0300645E, 243048S 0300718E, 243136S 0300402E): UAS OPS (400FT AGL)\nTAKING PLACE BEYOND VISUAL LINE OF SIGHT (BVLOS).", "centre_lat": -24.50277777777778, "centre_lon": 30.090833333333336, "radius_nm": null}, "geometry": {"type": "Polygon", "coordinates": [[[30.061944444444446, -24.489722222222223], [30.1125, -24.481388888888887], [30.121666666666666, -24.513333333333332], [30.06722222222222, -24.526666666666667], [30.061944444444446, -24.489722222222223]]]}}, {"type": "Feature", "properties": {"index": 603, "id": "C3118/26", "location": "FAPM", "valid_from": "2606190000", "valid_to": "2609162359", "height_ft": 2465, "is_low": false, "text": "DORPSPRUIT RIVER, PIETERMARITZBURG, KWAZULU-NATAL (293504S 0302303E,\n293606S 0302435E, 293639S 0302336E, 293534S 0302215E):UNMANNED AERIAL\nVEHICLE (UAV) OPS (400FT AGL) TAKING PLACE BEYOND VISUAL LINE OF\nSIGHT (BVLOS). FUA REF: MM 03/06-1.", "centre_lat": -29.597430555555555, "centre_lon": 30.38951388888889, "radius_nm": null}, "geometry": {"type": "Polygon", "coordinates": [[[30.384166666666665, -29.584444444444443], [30.40972222222222, -29.601666666666667], [30.393333333333334, -29.610833333333336], [30.370833333333334, -29.592777777777776], [30.384166666666665, -29.584444444444443]]]}}, {"type": "Feature", "properties": {"index": 604, "id": "C3117/26", "location": "FAJA", "valid_from": "2606190000", "valid_to": "2609162359", "height_ft": 4559, "is_low": false, "text": "IMERYS RHINO MINE, THABAZIMBI, LIMPOPO (244327S 0271240E, 244007S\n0271851E, 244132S 0272008E, 244709S 0271631E): UNMANNED AERIAL\nVEHICLE (UAV) OPS (1000FT AGL) TAKING PLACE BEYOND VISUAL LINE OF\nSIGHT (BVLOS). FUA REF: AVJ 11/06-02.", "centre_lat": -24.717708333333334, "centre_lon": 27.284027777777776, "radius_nm": null}, "geometry": {"type": "Polygon", "coordinates": [[[27.211111111111112, -24.724166666666665], [27.31416666666667, -24.66861111111111], [27.335555555555555, -24.692222222222224], [27.275277777777777, -24.785833333333336], [27.211111111111112, -24.724166666666665]]]}}, {"type": "Feature", "properties": {"index": 605, "id": "C3110/26", "location": "FASZ", "valid_from": "2606171038", "valid_to": "2609141000", "height_ft": null, "is_low": false, "text": "IAC RNAV-01 RNAV (GNSS) RWY 17 DATED 06 DEC 2018 SUSPENDED.\nAERONAUTICAL DATA TABULATION RNAV-01A RNAV (GNSS) RWY 17 DATED 06\nDEC\n2018 SUSPENDED.\nIAC RNAV-02 RNAV (GNSS) RWY 35 DATED 06 DEC 2018 SUSPENDED.\nAERONAUTICAL DATA TABULATION RNAV-02A RNAV (GNSS) RWY 35 DATED 06\nDEC\n2018 SUSPENDED.\nC3109/26", "centre_lat": -24.966666666666665, "centre_lon": 31.583333333333332, "radius_nm": 5}, "geometry": {"type": "Point", "coordinates": [31.583333333333332, -24.966666666666665]}}, {"type": "Feature", "properties": {"index": 606, "id": "C3109/26", "location": "FAMN", "valid_from": "2606171030", "valid_to": "2609141000", "height_ft": null, "is_low": false, "text": "RNAV-02 RWY 27 (DATED 27 APR 2017) AND RNAV-02A RWY 27 (DATED 15\nOCT 2015) SUSPENDED.\nC3108/26", "centre_lat": -25.466666666666665, "centre_lon": 31.566666666666666, "radius_nm": 5}, "geometry": {"type": "Point", "coordinates": [31.566666666666666, -25.466666666666665]}}, {"type": "Feature", "properties": {"index": 607, "id": "C3108/26", "location": "FAGY", "valid_from": "2606171028", "valid_to": "2609141000", "height_ft": null, "is_low": false, "text": "IAC RNAV-01 RNAV (GNSS) RWY 24 DATED 23 MAY 2019 SUSPENDED\nAERONAUTICAL DATA TABULATION RNAV-01A RNAV (GNSS) RWY 24 DATED 23\nMAY 2019 SUSPENDED.\nC3106/26", "centre_lat": -29.116666666666667, "centre_lon": 30.583333333333332, "radius_nm": 5}, "geometry": {"type": "Point", "coordinates": [30.583333333333332, -29.116666666666667]}}, {"type": "Feature", "properties": {"index": 608, "id": "C3106/26", "location": "FAGY", "valid_from": "2606171027", "valid_to": "2609141000", "height_ft": null, "is_low": false, "text": "IAC VOR-01 VOR RWY 24 DATED 28 MAR 2019 SUSPENDED.\nC3105/26", "centre_lat": -29.116666666666667, "centre_lon": 30.583333333333332, "radius_nm": 5}, "geometry": {"type": "Point", "coordinates": [30.583333333333332, -29.116666666666667]}}, {"type": "Feature", "properties": {"index": 609, "id": "C3105/26", "location": "FAMN", "valid_from": "2606171025", "valid_to": "2609141000", "height_ft": null, "is_low": false, "text": "RNAV-01 RWY 09 (DATED 27 APR 2017) AND RNAV-01A RWY 09 (DATED 15\nOCT 2015) SUSPENDED.\nC3104/26", "centre_lat": -25.466666666666665, "centre_lon": 31.566666666666666, "radius_nm": 5}, "geometry": {"type": "Point", "coordinates": [31.566666666666666, -25.466666666666665]}}, {"type": "Feature", "properties": {"index": 610, "id": "C3104/26", "location": "FAMG", "valid_from": "2606171024", "valid_to": "2609141000", "height_ft": null, "is_low": false, "text": "IAC FAMG RNAV-02 RNAV (GNSS) RWY 23 (DATED 08 DEC 2016) AND\nRNAV-02A RNAV (GNSS) RWY 23 (DATED 08 DEC 2016) SUSPENDED.\nC3103/26", "centre_lat": -30.85, "centre_lon": 30.35, "radius_nm": 5}, "geometry": {"type": "Point", "coordinates": [30.35, -30.85]}}, {"type": "Feature", "properties": {"index": 611, "id": "C3103/26", "location": "FASS", "valid_from": "2606171023", "valid_to": "2609141000", "height_ft": null, "is_low": false, "text": "VFR ARR-01 RNAV RWY 17/35 DATED 18 JUL 2019 SUSPENDED.\nC3102/26", "centre_lat": -27.65, "centre_lon": 23.0, "radius_nm": 5}, "geometry": {"type": "Point", "coordinates": [23.0, -27.65]}}, {"type": "Feature", "properties": {"index": 612, "id": "C3102/26", "location": "FAWI", "valid_from": "2606171023", "valid_to": "2609141000", "height_ft": null, "is_low": false, "text": "FAWI VOR-01 BREAKCLOUD VOR DATED 08 JULY 2004 SUSPENDED.\nC3095/26", "centre_lat": -25.833333333333332, "centre_lon": 29.2, "radius_nm": 25}, "geometry": {"type": "Point", "coordinates": [29.2, -25.833333333333332]}}, {"type": "Feature", "properties": {"index": 613, "id": "C3095/26", "location": "FAJA", "valid_from": "2606170009", "valid_to": "2609140008", "height_ft": 3714, "is_low": false, "text": "NGD SWARTKLIP, NORTH WEST (245801S 0270504E, 245342S 0271007E,\n245511S 0271117E, 245937S 0270648E): UNMANNED AERIAL VEHICLE (UAV)\nOPS (400FT) TAKING PLACE BEYOND VISUAL LINE OF SIGHT (BVLOS).", "centre_lat": -24.943819444444443, "centre_lon": 27.13861111111111, "radius_nm": null}, "geometry": {"type": "Polygon", "coordinates": [[[27.084444444444443, -24.966944444444444], [27.16861111111111, -24.895], [27.188055555555557, -24.919722222222223], [27.113333333333333, -24.99361111111111], [27.084444444444443, -24.966944444444444]]]}}, {"type": "Feature", "properties": {"index": 614, "id": "C3094/26", "location": "FAJA", "valid_from": "2606170000", "valid_to": "2609142359", "height_ft": 4203, "is_low": false, "text": "BOKFONTEIN, NORTH WEST (254255S 0273436E, 254348S 0273439E, 254351S\n0273238E, 254302S 0273228E): UNMANNED AERIAL VEHICLE (UAV) OPS\n(400FT) TAKING PLACE BEYOND LINE OF VISUAL SIGHT (BVLOS).", "centre_lat": -25.723333333333333, "centre_lon": 27.55979166666667, "radius_nm": null}, "geometry": {"type": "Polygon", "coordinates": [[[27.576666666666668, -25.71527777777778], [27.5775, -25.729999999999997], [27.54388888888889, -25.730833333333333], [27.541111111111114, -25.71722222222222], [27.576666666666668, -25.71527777777778]]]}}, {"type": "Feature", "properties": {"index": 615, "id": "C3086/26", "location": "FAJA", "valid_from": "2606170000", "valid_to": "2609142359", "height_ft": 6546, "is_low": false, "text": "TSF CROWN,JOHANNESBURG (261254S 0275657E, 261320S 0275858E, 261415S\n0275829E, 261350S 0275635E): UNMANNED AERIAL VEHICLE (UAV) OPS\n(1000FT AGL) TAKING PLACE BEYOND VISUAL LINE OF SIGHT (BVLOS). FUA\nREF: GN 13/06-1.", "centre_lat": -26.226319444444442, "centre_lon": 27.962430555555557, "radius_nm": null}, "geometry": {"type": "Polygon", "coordinates": [[[27.949166666666667, -26.215], [27.982777777777777, -26.22222222222222], [27.97472222222222, -26.2375], [27.943055555555556, -26.230555555555554], [27.949166666666667, -26.215]]]}}, {"type": "Feature", "properties": {"index": 616, "id": "C3084/26", "location": "FAJA", "valid_from": "2606150846", "valid_to": "2609132359", "height_ft": 5749, "is_low": false, "text": "SERITI NEW VAAL COLLIERY, RICHMOND, FREE STATE (264119S 0275342E,\n264017S 0275848E, 264311S 0280014E, 264620S 0275337E): UAS OPS\n(1000FT AGL) TAKING PLACE BEYOND VISUAL LINE OF SIGHT (BVLOS). FUA\nREF: GN 11/06-2.", "centre_lat": -26.71298611111111, "centre_lon": 27.943125000000002, "radius_nm": null}, "geometry": {"type": "Polygon", "coordinates": [[[27.895, -26.68861111111111], [27.979999999999997, -26.67138888888889], [28.003888888888888, -26.71972222222222], [27.89361111111111, -26.772222222222222], [27.895, -26.68861111111111]]]}}, {"type": "Feature", "properties": {"index": 617, "id": "C3082/26", "location": "FAVG", "valid_from": "2606150714", "valid_to": "2609120700", "height_ft": null, "is_low": false, "text": "AD ROTATING BCN U/S.\nC3072/26", "centre_lat": -29.766666666666666, "centre_lon": 31.066666666666666, "radius_nm": 5}, "geometry": {"type": "Point", "coordinates": [31.066666666666666, -29.766666666666666]}}, {"type": "Feature", "properties": {"index": 618, "id": "C3072/26", "location": "FAEL", "valid_from": "2606130949", "valid_to": "2609102100", "height_ft": null, "is_low": false, "text": "TWY A1, A2 AND A WEST OF RWY 06/24 GUARD LGT U/S.\nC3061/26", "centre_lat": -33.03333333333333, "centre_lon": 27.816666666666666, "radius_nm": 5}, "geometry": {"type": "Point", "coordinates": [27.816666666666666, -33.03333333333333]}}, {"type": "Feature", "properties": {"index": 619, "id": "C3061/26", "location": "FAXX", "valid_from": "2606150001", "valid_to": "2609092359", "height_ft": 1460, "is_low": false, "text": "MOOIWATER FARM (335854.82S 0191100.19E):\nMELPACK, WESTERN CAPE (340139S 0190712E, 340145S 0190738E, 340217S\n0190728E, 340211S 0190701E): UNMANNED AERIAL VEHICLE (UAV) OPS (400FT\nAGL) TAKING PLACE BEYOND VISUAL LINE OF SIGHT (BVLOS).", "centre_lat": -34.03277777777778, "centre_lon": 19.122152777777778, "radius_nm": null}, "geometry": {"type": "Polygon", "coordinates": [[[19.12, -34.027499999999996], [19.127222222222223, -34.02916666666667], [19.124444444444446, -34.03805555555555], [19.116944444444446, -34.03638888888889], [19.12, -34.027499999999996]]]}}, {"type": "Feature", "properties": {"index": 620, "id": "C3060/26", "location": "FAJA", "valid_from": "2606150400", "valid_to": "2608311600", "height_ft": 1160, "is_low": false, "text": "AREA BOUNDED BY (310431S 0301104E, 305553S 0301646E, 305628S\n0301820E, 310451S 0301148E): UAS OPS (1000FT AGL) TAKING PLACE BEYOND\nVISUAL LINE OF SIGHT (BVLOS).", "centre_lat": -31.00715277777778, "centre_lon": 30.241527777777776, "radius_nm": null}, "geometry": {"type": "Polygon", "coordinates": [[[30.184444444444445, -31.075277777777778], [30.279444444444444, -30.93138888888889], [30.305555555555557, -30.941111111111113], [30.196666666666665, -31.080833333333334], [30.184444444444445, -31.075277777777778]]]}}, {"type": "Feature", "properties": {"index": 621, "id": "C3059/26", "location": "FAJA", "valid_from": "2606150001", "valid_to": "2609092359", "height_ft": 4664, "is_low": false, "text": "TRANSVAAL GOLD MINING ESTATES, MPUMALANGA (245503S 0304411E, 245454S\n0304435E, 245507S 0304435E, 245513S 0304421E): UNMANNED AERIAL\nVEHICLE (UAV) OPS (400FT AGL) TAKING PLACE BEYOND VISUAL LINE OF\nSIGHT (BVLOS).", "centre_lat": -24.91784722222222, "centre_lon": 30.740416666666665, "radius_nm": null}, "geometry": {"type": "Polygon", "coordinates": [[[30.73638888888889, -24.9175], [30.743055555555557, -24.915], [30.743055555555557, -24.91861111111111], [30.739166666666666, -24.92027777777778], [30.73638888888889, -24.9175]]]}}, {"type": "Feature", "properties": {"index": 622, "id": "C3058/26", "location": "FAMG", "valid_from": "2606120914", "valid_to": "2609070800", "height_ft": null, "is_low": false, "text": "PCL U/S. NGT OPS PERMITTED WITH PRIOR ARRANGEMENT ONLY.\nC3057/26", "centre_lat": -30.85, "centre_lon": 30.35, "radius_nm": 5}, "geometry": {"type": "Point", "coordinates": [30.35, -30.85]}}, {"type": "Feature", "properties": {"index": 623, "id": "C3057/26", "location": "FAHJ", "valid_from": "2606150400", "valid_to": "2608311600", "height_ft": 3763, "is_low": false, "text": "AREA BOUNDED BY (303654S 0292324E, 302548S 0293101E, 304041S\n0302344E, 305024S 0301616E): UAS OPS (1000FT AGL) TAKING PLACE BEYOND\nVISUAL LINE OF SIGHT (BVLOS).", "centre_lat": -30.64076388888889, "centre_lon": 29.89340277777778, "radius_nm": null}, "geometry": {"type": "Polygon", "coordinates": [[[29.39, -30.615000000000002], [29.516944444444444, -30.43], [30.395555555555553, -30.678055555555556], [30.27111111111111, -30.84], [29.39, -30.615000000000002]]]}}, {"type": "Feature", "properties": {"index": 624, "id": "C3056/26", "location": "FAJA", "valid_from": "2606150400", "valid_to": "2608311600", "height_ft": 1204, "is_low": false, "text": "AREA BOUNDED BY (304423S 0302057E, 304325S 0302143E, 304223S\n0302623E, 304538S 0302539E): UAS OPS (400FT AGL) TAKING PLACE BEYOND\nVISUAL LINE OF SIGHT (BVLOS).", "centre_lat": -30.732569444444444, "centre_lon": 30.394583333333337, "radius_nm": null}, "geometry": {"type": "Polygon", "coordinates": [[[30.349166666666665, -30.739722222222223], [30.361944444444447, -30.723611111111108], [30.439722222222223, -30.70638888888889], [30.427500000000002, -30.760555555555555], [30.349166666666665, -30.739722222222223]]]}}, {"type": "Feature", "properties": {"index": 625, "id": "C3055/26", "location": "FAXX", "valid_from": "2606150400", "valid_to": "2608311600", "height_ft": 717, "is_low": true, "text": "UMKOMAAS AIRFIELD (301212.25S 0304421.13E):\nAREA BOUNDED BY (302110S 0304049E, 301100S 0304604E, 301145S\n0304743E, 302201S 0304242E): UAS OPS (400FT AGL) TAKING PLACE BEYOND\nVISUAL LINE OF SIGHT (BVLOS).", "centre_lat": -30.274722222222223, "centre_lon": 30.738750000000003, "radius_nm": null}, "geometry": {"type": "Polygon", "coordinates": [[[30.68027777777778, -30.352777777777778], [30.767777777777777, -30.183333333333334], [30.79527777777778, -30.195833333333333], [30.711666666666666, -30.366944444444446], [30.68027777777778, -30.352777777777778]]]}}, {"type": "Feature", "properties": {"index": 626, "id": "C3054/26", "location": "FAJA", "valid_from": "2606150400", "valid_to": "2608311600", "height_ft": 1073, "is_low": false, "text": "KELSO TO PORT SHEPSTONE (304309S 0302508E, 302102S 0304029E, 302215S\n0304325E, 304356S 0302801E): UAS OPS (1000FT AGL) TAKING PLACE BEYOND\nVISUAL LINE OF SIGHT (BVLOS).", "centre_lat": -30.543194444444445, "centre_lon": 30.571041666666666, "radius_nm": null}, "geometry": {"type": "Polygon", "coordinates": [[[30.41888888888889, -30.719166666666666], [30.674722222222222, -30.350555555555555], [30.723611111111108, -30.370833333333334], [30.466944444444444, -30.73222222222222], [30.41888888888889, -30.719166666666666]]]}}, {"type": "Feature", "properties": {"index": 627, "id": "C3050/26", "location": "FAMG", "valid_from": "2606150400", "valid_to": "2608311600", "height_ft": 1202, "is_low": false, "text": "MARGATE (305559S 0301644E, 304557S 0302441E, 304627S 0302545E,\n305626S 0301820E): UAS OPS (1000FT AGL) TAKING PLACE BEYOND VISUAL\nLINE OF SIGHT (BVLOS).", "centre_lat": -30.85340277777778, "centre_lon": 30.35625, "radius_nm": null}, "geometry": {"type": "Polygon", "coordinates": [[[30.278888888888886, -30.93305555555556], [30.411388888888887, -30.765833333333333], [30.429166666666667, -30.774166666666666], [30.305555555555557, -30.940555555555555], [30.278888888888886, -30.93305555555556]]]}}, {"type": "Feature", "properties": {"index": 628, "id": "C3049/26", "location": "FAJA", "valid_from": "2606150400", "valid_to": "2608311600", "height_ft": 1197, "is_low": false, "text": "AREA BOUNDED BY (304609S 0302452E, 304323S 0302553E, 304342S\n0302658E, 304637S 0302532E): UAS OPS (1000FT AGL) TAKING PLACE BEYOND\nVISUAL LINE OF SIGHT (BVLOS).", "centre_lat": -30.749375, "centre_lon": 30.430208333333336, "radius_nm": null}, "geometry": {"type": "Polygon", "coordinates": [[[30.41444444444444, -30.769166666666667], [30.43138888888889, -30.723055555555554], [30.449444444444445, -30.72833333333333], [30.425555555555558, -30.776944444444442], [30.41444444444444, -30.769166666666667]]]}}, {"type": "Feature", "properties": {"index": 629, "id": "C3045/26", "location": "FAPM", "valid_from": "2606120000", "valid_to": "2609092359", "height_ft": 2474, "is_low": false, "text": "PIETERMARITZBURG, KWAZULU-NATAL (293432S 0302434E, 293538S 0302518E,\n293557S 0302448E, 293451S 0302429E): UAS OPS (400FT AGL) TAKING\nPLACE. FUA REF: AVJ 09/06-01.", "centre_lat": -29.58736111111111, "centre_lon": 30.413124999999997, "radius_nm": null}, "geometry": {"type": "Polygon", "coordinates": [[[30.409444444444443, -29.575555555555557], [30.421666666666667, -29.593888888888888], [30.41333333333333, -29.599166666666665], [30.408055555555553, -29.580833333333334], [30.409444444444443, -29.575555555555557]]]}}, {"type": "Feature", "properties": {"index": 630, "id": "C3042/26", "location": "FACA", "valid_from": "2606130000", "valid_to": "2609102359", "height_ft": 2874, "is_low": false, "text": "R61 QUARRY, EASTERN CAPE (314012S 0280653E, 314015S 0280704E, 314023S\n0280702E, 314021S 0280651): UNMANNED AERIAL VEHICLE (UAV) OPS (400FT\nAGL) TAKING PLACE BEYOND VISUAL LINE OF SIGHT (BVLOS).", "centre_lat": -31.671296296296294, "centre_lon": 28.116574074074077, "radius_nm": null}, "geometry": {"type": "Polygon", "coordinates": [[[28.114722222222223, -31.67], [28.11777777777778, -31.670833333333334], [28.11722222222222, -31.673055555555557], [28.114722222222223, -31.67]]]}}, {"type": "Feature", "properties": {"index": 631, "id": "C3040/26", "location": "FAEL", "valid_from": "2606111400", "valid_to": "2608311830", "height_ft": null, "is_low": false, "text": "ATC TRG TAKING PLACE ON 118.3MHZ.\nC3020/26", "centre_lat": -33.03333333333333, "centre_lon": 27.816666666666666, "radius_nm": 5}, "geometry": {"type": "Point", "coordinates": [27.816666666666666, -33.03333333333333]}}, {"type": "Feature", "properties": {"index": 632, "id": "C3020/26", "location": "FASC", "valid_from": "2606150000", "valid_to": "2609092359", "height_ft": 6235, "is_low": false, "text": "FAR 63: SASOL PLANT, SECUNDA, MPUMALANGA (263218S 0290826E, 263237S\n0291101E, 263409S 0291052E, 263348S 0290816E): UNMANNED AERIAL\nVEHICLE (UAV) OPS (1000FT AGL) TAKING PLACE BEYOND VISUAL LINE OF\nSIGHT (BVLOS).\nFUA REF: DN08063.", "centre_lat": -26.55361111111111, "centre_lon": 29.160763888888887, "radius_nm": null}, "geometry": {"type": "Polygon", "coordinates": [[[29.140555555555554, -26.538333333333334], [29.183611111111112, -26.54361111111111], [29.18111111111111, -26.569166666666668], [29.137777777777778, -26.563333333333333], [29.140555555555554, -26.538333333333334]]]}}, {"type": "Feature", "properties": {"index": 633, "id": "C3016/26", "location": "FAJA", "valid_from": "2606120000", "valid_to": "2609092359", "height_ft": 6541, "is_low": false, "text": "BEKKERSRUST, MPUMALANGA (262944.00S 0293157.00E, 262950.00S\n0293758.00E, 263451.00S 0293911.00E, 263432.00S 0293143.00E): UAS\nOPS (1000FT AGL) TAKING PLACE BEYOND VISUAL LINE OF SIGHT (BVLOS).\nFUA REF: AVJ 04/06-09.", "centre_lat": -26.516666666666666, "centre_lon": 29.583333333333332, "radius_nm": 6}, "geometry": {"type": "Point", "coordinates": [29.583333333333332, -26.516666666666666]}}, {"type": "Feature", "properties": {"index": 634, "id": "C3005/26", "location": "FAJA", "valid_from": "2606120400", "valid_to": "2609092200", "height_ft": 5831, "is_low": false, "text": "VANDERBIJLPARK, GAUTENG (264125S 0274828E, 264136S 0275411E, 264435S\n0275323E, 264457S 0274935E): UAS OPS (1000FT AGL) TAKING PLACE BEYOND\nVISUAL LINE OF SIGHT (BVLOS).", "centre_lat": -26.718958333333333, "centre_lon": 27.85673611111111, "radius_nm": null}, "geometry": {"type": "Polygon", "coordinates": [[[27.80777777777778, -26.690277777777776], [27.903055555555554, -26.693333333333335], [27.889722222222222, -26.743055555555557], [27.82638888888889, -26.749166666666667], [27.80777777777778, -26.690277777777776]]]}}, {"type": "Feature", "properties": {"index": 635, "id": "C3004/26", "location": "FARB", "valid_from": "2606091210", "valid_to": "2609061030", "height_ft": null, "is_low": false, "text": "RFFS UPGRADED TO CAT VI FOR SKED TFC ONLY.\nW5-HC4XRP-CT - 24AUG26 0600 ATNS 89/111\nC2998/26", "centre_lat": -28.733333333333334, "centre_lon": 32.1, "radius_nm": 5}, "geometry": {"type": "Point", "coordinates": [32.1, -28.733333333333334]}}, {"type": "Feature", "properties": {"index": 636, "id": "C2998/26", "location": "FAES", "valid_from": "2606100600", "valid_to": "2609071500", "height_ft": 2431, "is_low": false, "text": "AREA BOUNDED BY (285211S 0312610E, 285211S 0313015E, 285436S\n0313015E, 285436S 0312610E): UAS OPS (700FT AGL) TAKING PLACE. FUA\nREF: DN 06069.", "centre_lat": -28.88986111111111, "centre_lon": 31.47013888888889, "radius_nm": null}, "geometry": {"type": "Polygon", "coordinates": [[[31.43611111111111, -28.869722222222222], [31.504166666666666, -28.869722222222222], [31.504166666666666, -28.91], [31.43611111111111, -28.91], [31.43611111111111, -28.869722222222222]]]}}, {"type": "Feature", "properties": {"index": 637, "id": "C2996/26", "location": "FAND", "valid_from": "2606100001", "valid_to": "2609052359", "height_ft": 6624, "is_low": false, "text": "ARQ GEOTECH N4 PROJECT, BADPLAAS, NGODWANA, MPUMALANGA (253358S\n0301123E,251758S 0303619E,253047S 0304907E,254313S 0302647E):\nUNMANNED AERIAL VEHICLE (UAV) OPS (400FT AGL) TAKING PLACE BEYOND\nVISUAL LINE OF SIGHT (BVLOS).", "centre_lat": -25.524722222222223, "centre_lon": 30.515, "radius_nm": null}, "geometry": {"type": "Polygon", "coordinates": [[[30.189722222222223, -25.566111111111113], [30.60527777777778, -25.299444444444447], [30.81861111111111, -25.513055555555557], [30.44638888888889, -25.720277777777778], [30.189722222222223, -25.566111111111113]]]}}, {"type": "Feature", "properties": {"index": 638, "id": "C2995/26", "location": "FAJA", "valid_from": "2606100530", "valid_to": "2609071500", "height_ft": 4617, "is_low": false, "text": "ABANANGO RURAL TOWN, KWAZULU-NATAL (282218S 0310426E, 282218S\n0310546E, 282318S 0310546E, 282318S 0310426E): UAS OPS (650 FT AGL)\nTAKING PLACE. REF: FUA DN 06061.", "centre_lat": -28.38, "centre_lon": 31.085, "radius_nm": null}, "geometry": {"type": "Polygon", "coordinates": [[[31.073888888888888, -28.371666666666666], [31.09611111111111, -28.371666666666666], [31.09611111111111, -28.388333333333332], [31.073888888888888, -28.388333333333332], [31.073888888888888, -28.371666666666666]]]}}, {"type": "Feature", "properties": {"index": 639, "id": "C2984/26", "location": "FACR", "valid_from": "2606090800", "valid_to": "2609062359", "height_ft": 5924, "is_low": false, "text": "WDL STRIP ECO ELEMENTUM, JOHANNESBURG, GAUTENG (262522S 0272309E,\n262504S 0272354E, 262717S 0272528E, 262731S 0272458E): UNMANNED\nAERIAL VEHICLE (UAV) OPS (400FT AGL) TAKING PLACE BEYOND VISUAL LINE\nOF SIGHT (BVLOS).", "centre_lat": -26.438472222222224, "centre_lon": 27.406180555555554, "radius_nm": null}, "geometry": {"type": "Polygon", "coordinates": [[[27.385833333333334, -26.422777777777778], [27.398333333333333, -26.41777777777778], [27.424444444444447, -26.454722222222223], [27.41611111111111, -26.45861111111111], [27.385833333333334, -26.422777777777778]]]}}, {"type": "Feature", "properties": {"index": 640, "id": "C2978/26", "location": "FAJA", "valid_from": "2606110800", "valid_to": "2608291100", "height_ft": 5746, "is_low": false, "text": "AREA BOUNDED BY (260259S 0282745E, 260301S 0282803E, 260318S\n0282755E, 260315S 0282748E): UAS OPS (400FT AGL) TAKING PLACE.", "centre_lat": -26.05229166666667, "centre_lon": 28.46465277777778, "radius_nm": null}, "geometry": {"type": "Polygon", "coordinates": [[[28.4625, -26.049722222222226], [28.467499999999998, -26.05027777777778], [28.46527777777778, -26.055], [28.46333333333333, -26.054166666666667], [28.4625, -26.049722222222226]]]}}, {"type": "Feature", "properties": {"index": 641, "id": "C2977/26", "location": "FAJA", "valid_from": "2606090600", "valid_to": "2609061500", "height_ft": 2230, "is_low": false, "text": "AREA BOUNDED BY (284440S 0302607E, 284440S 0302756E, 284551S\n0302756E, 284551S 0302607E): UAS OPS (400FT AGL) TAKING PLACE. FUA\nREF: AV 05062.", "centre_lat": -28.754305555555558, "centre_lon": 30.450416666666662, "radius_nm": null}, "geometry": {"type": "Polygon", "coordinates": [[[30.435277777777777, -28.744444444444447], [30.465555555555554, -28.744444444444447], [30.465555555555554, -28.764166666666668], [30.435277777777777, -28.764166666666668], [30.435277777777777, -28.744444444444447]]]}}, {"type": "Feature", "properties": {"index": 642, "id": "C2976/26", "location": "FACA", "valid_from": "2606090000", "valid_to": "2609062359", "height_ft": 1303, "is_low": false, "text": "KRUISFONTEIN, HONEYVILLE, EASTERN CAPE (335436S 0244503E, 335619S\n0244737E, 335804S 0244533E, 335735S 0244422E): UNMANNED AERIAL\nVEHICLE (UAV) OPS (400FT AGL) TAKING PLACE BEYOND VISUAL LINE OF\nSIGHT (BVLOS).\nW5-HC4XRP-CT - 24AUG26 0600 ATNS 90/111", "centre_lat": -33.94402777777778, "centre_lon": 24.76076388888889, "radius_nm": null}, "geometry": {"type": "Polygon", "coordinates": [[[24.750833333333333, -33.91], [24.79361111111111, -33.93861111111111], [24.759166666666665, -33.967777777777776], [24.739444444444445, -33.959722222222226], [24.750833333333333, -33.91]]]}}, {"type": "Feature", "properties": {"index": 643, "id": "C2972/26", "location": "FAKS", "valid_from": "2606080827", "valid_to": "2609041000", "height_ft": null, "is_low": false, "text": "RWY 07/25 CLSD.\nC2971/26", "centre_lat": -27.666666666666668, "centre_lon": 27.316666666666666, "radius_nm": 5}, "geometry": {"type": "Point", "coordinates": [27.316666666666666, -27.666666666666668]}}, {"type": "Feature", "properties": {"index": 644, "id": "C2971/26", "location": "FAMO", "valid_from": "2606090600", "valid_to": "2609041700", "height_ft": 1522, "is_low": false, "text": "AREA BOUNDED BY (340530.92S 0220757.96E, 340952.70S 0220624.96E,\n341055.70S 0220905.25E, 341253.52S 0220049.63E, 340942.35S\n0220426.71E): UAS OPS (1000FT AGL) TAKING PLACE BEYOND VISUAL LINE\nOF SIGHT (BVLOS).", "centre_lat": -34.15, "centre_lon": 22.066666666666666, "radius_nm": 5}, "geometry": {"type": "Point", "coordinates": [22.066666666666666, -34.15]}}, {"type": "Feature", "properties": {"index": 645, "id": "C2967/26", "location": "FAPM", "valid_from": "2606090000", "valid_to": "2609062359", "height_ft": 2877, "is_low": false, "text": "NATIONAL ASPHALT UMLAAS AND CLIFFDALE, DURBAN, KWAZULU-NATAL (294220S\n0302917E, 294120S 0302944E, 294814S 0304131E, 294849S 0304110E):\nUNMANNED AERIAL VEHICLE (UAV) OPS (400FT AGL) TAKING PLACE BEYOND\nVISUAL LINE OF SIGHT (BVLOS).\nFUA REF: AV 26/05-11.", "centre_lat": -29.752986111111113, "centre_lon": 30.59041666666667, "radius_nm": null}, "geometry": {"type": "Polygon", "coordinates": [[[30.488055555555558, -29.705555555555556], [30.495555555555555, -29.68888888888889], [30.691944444444445, -29.80388888888889], [30.68611111111111, -29.81361111111111], [30.488055555555558, -29.705555555555556]]]}}, {"type": "Feature", "properties": {"index": 646, "id": "C2963/26", "location": "FAJA", "valid_from": "2606080606", "valid_to": "2609052359", "height_ft": 345, "is_low": true, "text": "GENERAL JUSTICE GIZENA MPANZA REGIONAL HOSPITAL, KWA-ZULU NATAL\n(292000S 0311659E, 292004S 0311710E, 292013S 0311706E, 292009S\n311655E): UNMANNED AERIAL VEHICLE (UAV) OPS (100FT AGL) TAKING PLACE\nBEYOND VISUAL LINE OF SIGHT (BVLOS). FUA REF: AV 26/05-8.", "centre_lat": -29.334907407407403, "centre_lon": 31.284722222222225, "radius_nm": null}, "geometry": {"type": "Polygon", "coordinates": [[[31.283055555555556, -29.333333333333332], [31.28611111111111, -29.334444444444443], [31.285, -29.336944444444445], [31.283055555555556, -29.333333333333332]]]}}, {"type": "Feature", "properties": {"index": 647, "id": "C2957/26", "location": "FAJA", "valid_from": "2606130001", "valid_to": "2609102359", "height_ft": 1267, "is_low": false, "text": "AMANZIMTOTI, KWAZULU-NATAL (295935S 0305357E, 300100S 0305544E,\n300656S 0305120E, 300510S 0304743E): UAS OPS (1000FT AGL) TAKING\nPLACE BEYOND VISUAL LINE OF SIGHT (BVLOS). REF: DF 26/02-4.", "centre_lat": -30.052847222222223, "centre_lon": 30.869722222222222, "radius_nm": null}, "geometry": {"type": "Polygon", "coordinates": [[[30.899166666666666, -29.993055555555557], [30.92888888888889, -30.016666666666666], [30.855555555555558, -30.115555555555556], [30.79527777777778, -30.08611111111111], [30.899166666666666, -29.993055555555557]]]}}, {"type": "Feature", "properties": {"index": 648, "id": "C2951/26", "location": "FAJA", "valid_from": "2608291500", "valid_to": "2608291900", "height_ft": 5497, "is_low": false, "text": "PLOT 104, PERDEKOP ROAD, HARTZENBERGFONTEIN (262416S 0275737E): HOT\nAIR BALLOON OPS (100FT AGL) TAKING PLACE.", "centre_lat": -26.404444444444444, "centre_lon": 27.960277777777776, "radius_nm": 1}, "geometry": {"type": "Point", "coordinates": [27.960277777777776, -26.404444444444444]}}, {"type": "Feature", "properties": {"index": 649, "id": "C2949/26", "location": "FAJA", "valid_from": "2606080600", "valid_to": "2609051500", "height_ft": 4383, "is_low": false, "text": "SOLOMON LINDA, KWAZULU-NATAL (283306S 0302407E, 283208S 0302553E,\n283349S 0302730E, 283458S 0302539E): UAS OPS (750FT AGL) TAKING\nPLACE.", "centre_lat": -28.55840277777778, "centre_lon": 30.429791666666667, "radius_nm": null}, "geometry": {"type": "Polygon", "coordinates": [[[30.401944444444442, -28.551666666666666], [30.43138888888889, -28.535555555555558], [30.458333333333332, -28.56361111111111], [30.427500000000002, -28.58277777777778], [30.401944444444442, -28.551666666666666]]]}}, {"type": "Feature", "properties": {"index": 650, "id": "C2946/26", "location": "FAUT", "valid_from": "2606051542", "valid_to": "2609021448", "height_ft": null, "is_low": false, "text": "RTHL U/S:\nRWY 14: 3RD LGT FM LEFT AND 2ND LGT FM RIGHT.\nRWY 32: 5TH LGT FM LEFT AND 2ND LGT FM RIGHT.\nC2942/26", "centre_lat": -31.55, "centre_lon": 28.683333333333334, "radius_nm": 5}, "geometry": {"type": "Point", "coordinates": [28.683333333333334, -31.55]}}, {"type": "Feature", "properties": {"index": 651, "id": "C2942/26", "location": "FASY", "valid_from": "2606080400", "valid_to": "2609010400", "height_ft": null, "is_low": false, "text": "AD CLSD TO FIXED WING TFC.\nC2937/26", "centre_lat": -26.35, "centre_lon": 27.783333333333335, "radius_nm": 5}, "geometry": {"type": "Point", "coordinates": [27.783333333333335, -26.35]}}, {"type": "Feature", "properties": {"index": 652, "id": "C2937/26", "location": "FAGM", "valid_from": "2606051232", "valid_to": "2609021000", "height_ft": null, "is_low": false, "text": "ATC TRG TAKING PLACE ON TWR 118.7 MHZ.\nC2934/26", "centre_lat": -26.25, "centre_lon": 28.15, "radius_nm": 5}, "geometry": {"type": "Point", "coordinates": [28.15, -26.25]}}, {"type": "Feature", "properties": {"index": 653, "id": "C2934/26", "location": "FAJA", "valid_from": "2606080000", "valid_to": "2609052359", "height_ft": 5125, "is_low": false, "text": "MIDDELPUNT, WELKOM, FREE STATE (275637S 0265433E, 275621S 0265729E,\n275849S 0265756E, 275916S 0265527E): UNMANNED AERIAL VEHICLE (UAV)\nOPS (400FT AGL) TAKING PLACE BEYOND VISUAL LINE OF SIGHT (BVLOS).", "centre_lat": -27.96270833333333, "centre_lon": 26.93923611111111, "radius_nm": null}, "geometry": {"type": "Polygon", "coordinates": [[[26.909166666666664, -27.94361111111111], [26.958055555555553, -27.939166666666665], [26.965555555555554, -27.980277777777776], [26.924166666666668, -27.98777777777778], [26.909166666666664, -27.94361111111111]]]}}, {"type": "Feature", "properties": {"index": 654, "id": "C2933/26", "location": "FACA", "valid_from": "2606080000", "valid_to": "2609052359", "height_ft": 3329, "is_low": false, "text": "BEAUFORT WEST, WESTERN CAPE (322555S 0223629E, 322546S 0224202E,\n322824S 0224142E, 322829S 0223806E): UNMANNED AERIAL VEHICLE (UAV)\nOPS (400FT AGL) TAKING PLACE BEYOND VISUAL LINE OF SIGHT (BVLOS).", "centre_lat": -32.45236111111111, "centre_lon": 22.659652777777772, "radius_nm": null}, "geometry": {"type": "Polygon", "coordinates": [[[22.608055555555556, -32.43194444444444], [22.700555555555553, -32.42944444444444], [22.695, -32.473333333333336], [22.634999999999998, -32.474722222222226], [22.608055555555556, -32.43194444444444]]]}}, {"type": "Feature", "properties": {"index": 655, "id": "C2932/26", "location": "FAKM", "valid_from": "2606050901", "valid_to": "2609021230", "height_ft": null, "is_low": false, "text": "SID DEP-02 RNAV (GNSS) RWY 02 DATED 13 AUG 2020 SUSPENDED.\nAERONAUTICAL DATA TABULATION DEP-02A RNAV (GNSS) RWY 02 DATED 13 AUG\n2020 SUSPENDED.\nSID DEP-03 RNAV (GNSS) RWY 20 DATED 13 AUG 2020 SUSPENDED.\nAERONAUTICAL DATA TABULATION DEP-03A RNAV (GNSS) RWY 20 DATED 13 AUG\n2020 SUSPENDED.\nC2931/26", "centre_lat": -28.8, "centre_lon": 24.766666666666666, "radius_nm": 5}, "geometry": {"type": "Point", "coordinates": [24.766666666666666, -28.8]}}, {"type": "Feature", "properties": {"index": 656, "id": "C2931/26", "location": "FAKM", "valid_from": "2606050901", "valid_to": "2609021230", "height_ft": null, "is_low": false, "text": "STAR ARR-02 RNAV (GNSS) RWY 02 DATED 13 AUG 2020 SUSPENDED.\nAERONAUTICAL DATA TABULATION ARR-02A RNAV (GNSS) RWY 02 DATED 13 AUG\n2020 SUSPENDED.\nSTAR ARR-03 RNAV (GNSS) RWY 20 DATED 13 AUG 2020 SUSPENDED.\nAERONAUTICAL DATA TABULATION ARR-03A RNAV (GNSS) RWY 20 DATED 13 AUG\n2020 SUSPENDED.\nC2930/26", "centre_lat": -28.8, "centre_lon": 24.766666666666666, "radius_nm": 5}, "geometry": {"type": "Point", "coordinates": [24.766666666666666, -28.8]}}, {"type": "Feature", "properties": {"index": 657, "id": "C2930/26", "location": "FAUT", "valid_from": "2606050900", "valid_to": "2609021230", "height_ft": null, "is_low": false, "text": "IAC RNAV-02 RNAV (GNSS) RWY 32 DATED 08 NOV 2018 SUSPENDED.\nAERONAUTICAL DATA TABULATION RNAV-02A RNAV (GNSS) RWY 32 DATED 03\nJAN 2019 SUSPENDED.\nW5-HC4XRP-CT - 24AUG26 0600 ATNS 92/111\nC2926/26", "centre_lat": -31.55, "centre_lon": 28.683333333333334, "radius_nm": 5}, "geometry": {"type": "Point", "coordinates": [28.683333333333334, -31.55]}}, {"type": "Feature", "properties": {"index": 658, "id": "C2926/26", "location": "FACA", "valid_from": "2606080600", "valid_to": "2609051500", "height_ft": 2847, "is_low": false, "text": "KLEIN VOGELSFONTEIN, NORTHERN CAPE (314721S 0194232E, 314507S\n0194728E, 314659S 0194838E, 314912S 0194342E): UAS OPS TAKING PLACE.", "centre_lat": -31.786041666666662, "centre_lon": 19.759722222222223, "radius_nm": null}, "geometry": {"type": "Polygon", "coordinates": [[[19.70888888888889, -31.789166666666667], [19.791111111111114, -31.751944444444444], [19.810555555555556, -31.783055555555556], [19.72833333333333, -31.82], [19.70888888888889, -31.789166666666667]]]}}, {"type": "Feature", "properties": {"index": 659, "id": "C2922/26", "location": "FARB", "valid_from": "2606041313", "valid_to": "2609011400", "height_ft": null, "is_low": false, "text": "IF A CODE C ACFT SCHEDULED TO PARK AT THE PRKG BAY IN FRONT OF THE\nTERMINAL AND MISSES THE INT EXIT AND VACATES THR 23, TFC SHALL\nRE-ENTER RWY 05, BACKTRACK VIA THE LOOP.\nC2921/26", "centre_lat": -28.733333333333334, "centre_lon": 32.1, "radius_nm": 5}, "geometry": {"type": "Point", "coordinates": [32.1, -28.733333333333334]}}, {"type": "Feature", "properties": {"index": 660, "id": "C2921/26", "location": "FABE", "valid_from": "2606041140", "valid_to": "2608312359", "height_ft": 3134, "is_low": false, "text": "AREA BOUNDED BY (325040S 0271359E, 313434S 0284655E, 314145S\n0285256E, 325521S 0274028E): UAS OPS (400FT AGL) TAKING PLACE BEYOND\nVISUAL LINE OF SIGHT (BVLOS).", "centre_lat": -32.25972222222222, "centre_lon": 28.142916666666668, "radius_nm": null}, "geometry": {"type": "Polygon", "coordinates": [[[27.233055555555556, -32.84444444444445], [28.781944444444445, -31.57611111111111], [28.88222222222222, -31.695833333333333], [27.674444444444447, -32.9225], [27.233055555555556, -32.84444444444445]]]}}, {"type": "Feature", "properties": {"index": 661, "id": "C2918/26", "location": "FAJA", "valid_from": "2607010800", "valid_to": "2609281600", "height_ft": 6306, "is_low": false, "text": "MOGALAKWENA MINE, MOKOPANE, LIMPOPO (235634S 0285256E, 235738S\n0285331E, 235842S 0285303E, 235933S 0285421E): BLASTING (3281FT AGL)\nTAKING PLACE.", "centre_lat": -23.968541666666667, "centre_lon": 28.891041666666666, "radius_nm": null}, "geometry": {"type": "Polygon", "coordinates": [[[28.88222222222222, -23.942777777777778], [28.891944444444444, -23.960555555555555], [28.884166666666665, -23.97833333333333], [28.90583333333333, -23.9925], [28.88222222222222, -23.942777777777778]]]}}, {"type": "Feature", "properties": {"index": 662, "id": "C2906/26", "location": "FAWB", "valid_from": "2606031529", "valid_to": "2608312359", "height_ft": 4485, "is_low": false, "text": "ZAMBEZI COUNTRY ESTATE, TWEE RIVIERE, GAUTENG (253934S 0281536E,\n254033S 0281536E, 254036S 0281639E, 253938S 0281635E): UAS OPS (400FT\nAGL) TAKING PLACE BEYOND VISUAL LINE OF SIGHT (BVLOS). FUA REF GN\n31/05-7.", "centre_lat": -25.668125000000003, "centre_lon": 28.268472222222222, "radius_nm": null}, "geometry": {"type": "Polygon", "coordinates": [[[28.26, -25.659444444444443], [28.26, -25.675833333333333], [28.2775, -25.67666666666667], [28.27638888888889, -25.660555555555554], [28.26, -25.659444444444443]]]}}, {"type": "Feature", "properties": {"index": 663, "id": "C2902/26", "location": "FAGC", "valid_from": "2606031301", "valid_to": "2608312359", "height_ft": 5154, "is_low": false, "text": "KYALAMI, MIDRAND, GAUTENG (255830S 0280605E, 260032S 0280536E,\n260028S 0280250E, 255801S 0280213E): UAS OPS (200FT AGL) TAKING PLACE\nBEYOND VISUAL LINE OF SIGHT (BVLOS). FUA REF: TJ 02/06-6", "centre_lat": -25.989652777777778, "centre_lon": 28.06972222222222, "radius_nm": null}, "geometry": {"type": "Polygon", "coordinates": [[[28.10138888888889, -25.974999999999998], [28.093333333333334, -26.00888888888889], [28.047222222222224, -26.00777777777778], [28.036944444444448, -25.966944444444444], [28.10138888888889, -25.974999999999998]]]}}, {"type": "Feature", "properties": {"index": 664, "id": "C2887/26", "location": "FAJA", "valid_from": "2606070000", "valid_to": "2609042359", "height_ft": 5446, "is_low": false, "text": "BANKENVELD, GAUTENG (260349S 0280530E, 260345S 0280626E, 260454S\n0280649E, 260455S 0280623E): UAS OPS (400FT AGL) TAKING PLACE BEYOND\nVISUAL LINE OF SIGHT (BVLOS).", "centre_lat": -26.072430555555556, "centre_lon": 28.10472222222222, "radius_nm": null}, "geometry": {"type": "Polygon", "coordinates": [[[28.091666666666665, -26.06361111111111], [28.107222222222223, -26.0625], [28.113611111111112, -26.081666666666667], [28.10638888888889, -26.081944444444446], [28.091666666666665, -26.06361111111111]]]}}, {"type": "Feature", "properties": {"index": 665, "id": "C2879/26", "location": "FAJA", "valid_from": "2606030001", "valid_to": "2608312359", "height_ft": 1294, "is_low": false, "text": "MTUNZINI, FAIRBREEZE TRONOX MINE, KWAZULU-NATAL (290035S 0313724E,\n290217S 0314134E, 285757S 0314548E): UAS OPS (1000FT AGL) TAKING\nPLACE BEYOND VISUAL LINE OF SIGHT (BVLOS). FUA REF:AV 27/05-7.", "centre_lat": -29.00453703703704, "centre_lon": 31.69314814814815, "radius_nm": null}, "geometry": {"type": "Polygon", "coordinates": [[[31.623333333333335, -29.009722222222223], [31.692777777777778, -29.03805555555556], [31.763333333333332, -28.965833333333332], [31.623333333333335, -29.009722222222223]]]}}, {"type": "Feature", "properties": {"index": 666, "id": "C2878/26", "location": "FARB", "valid_from": "2606030001", "valid_to": "2608262359", "height_ft": 1021, "is_low": false, "text": "AREA BOUNDED BY (283146S 0321519E, 283608S 0322018E, 282727S\n0322733E, 282524S 0321917E): UAS OPS (100FT AGL) TAKING PLACE BEYOND\nVISUAL LINE OF SIGHT (BVLOS). CAMU REF AV 27/05-5.", "centre_lat": -28.503125, "centre_lon": 32.34354166666667, "radius_nm": null}, "geometry": {"type": "Polygon", "coordinates": [[[32.25527777777778, -28.529444444444444], [32.33833333333334, -28.602222222222224], [32.45916666666667, -28.4575], [32.32138888888889, -28.423333333333336], [32.25527777777778, -28.529444444444444]]]}}, {"type": "Feature", "properties": {"index": 667, "id": "C2873/26", "location": "FAJA", "valid_from": "2606020835", "valid_to": "2608301600", "height_ft": 4534, "is_low": false, "text": "HELDERWATER, AREA BOUNDED BY (290934S 0252233E, 290912S 0252422E,\n291009S 0252453E, 291056S 0252307E): UAS OPS (400FT AGL) TAKING\nPLACE.\nCAMU REF: DF 20056", "centre_lat": -29.16604166666667, "centre_lon": 25.395486111111108, "radius_nm": null}, "geometry": {"type": "Polygon", "coordinates": [[[25.375833333333333, -29.159444444444443], [25.40611111111111, -29.153333333333332], [25.41472222222222, -29.16916666666667], [25.385277777777777, -29.182222222222222], [25.375833333333333, -29.159444444444443]]]}}, {"type": "Feature", "properties": {"index": 668, "id": "C2869/26", "location": "FAVR", "valid_from": "2606030000", "valid_to": "2608312359", "height_ft": 1301, "is_low": false, "text": "KLAWER, VREDENDAL AND LUTZVILLE, WESTERN CAPE (314750S 0183745E,\n313347S 0181817E, 312906S 0182218E, 314201S 0184141E) UNMANNED AERIAL\nVEHICLE (UAV) OPS (1000FT AGL) TAKING PLACE BEYOND VISUAL LINE OF\nSIGHT.\nFUA REF: AV 01/06-1.", "centre_lat": -31.636388888888888, "centre_lon": 18.500069444444446, "radius_nm": null}, "geometry": {"type": "Polygon", "coordinates": [[[18.629166666666666, -31.797222222222224], [18.304722222222225, -31.563055555555557], [18.371666666666666, -31.485], [18.69472222222222, -31.700277777777778], [18.629166666666666, -31.797222222222224]]]}}, {"type": "Feature", "properties": {"index": 669, "id": "C2868/26", "location": "FAKM", "valid_from": "2606030001", "valid_to": "2608312359", "height_ft": 4095, "is_low": false, "text": "UPTOWN KIMBERLEY, NORTHERN CAPE (284410S 244515E, 284409S 244539E,\n284431S 244543E, 284432S 244517E): UNMANNED AERIAL VEHICLE (UAV) OPS\n(400FT AGL) TAKING PLACE BEYOND VISUAL LINE OF SIGHT (BVLOS). FUA\nREF: AV 01/06-2", "centre_lat": -28.733333333333334, "centre_lon": 24.75, "radius_nm": 1}, "geometry": {"type": "Point", "coordinates": [24.75, -28.733333333333334]}}, {"type": "Feature", "properties": {"index": 670, "id": "C2858/26", "location": "FAJA", "valid_from": "2606020000", "valid_to": "2608302359", "height_ft": 3385, "is_low": false, "text": "TWEE FONTEIN FARMS KWAZULU-NATAL (291833S 0304548E, 291851S 0304610E,\n291906S 0304603E, 291855S 0304544E): UNMANNED AERIAL VEHICLE (UAV)\nOPS (400FT AGL) TAKING PLACE BEYOND VISUAL LINE OF SIGHT (BVLOS).", "centre_lat": -29.31423611111111, "centre_lon": 30.765625, "radius_nm": null}, "geometry": {"type": "Polygon", "coordinates": [[[30.763333333333332, -29.309166666666666], [30.769444444444442, -29.31416666666667], [30.7675, -29.31833333333333], [30.76222222222222, -29.31527777777778], [30.763333333333332, -29.309166666666666]]]}}, {"type": "Feature", "properties": {"index": 671, "id": "C2857/26", "location": "FAXX", "valid_from": "2606010848", "valid_to": "2608292359", "height_ft": 5465, "is_low": false, "text": "COLUMBUS, R333 (244335S 0313243E): AREA BOUNDED BY (254309S 0292915E,\n255114S 0293308E, 255452S 0292021E, 254636S 0291859E): UAS OPS (400FT\nAGL) TAKING PLACE BEYOND VISUAL LINE OF SIGHT (BVLOS).", "centre_lat": -25.598111111111113, "centre_lon": 29.848111111111116, "radius_nm": null}, "geometry": {"type": "Polygon", "coordinates": [[[31.54527777777778, -24.726388888888888], [29.4875, -25.719166666666666], [29.552222222222223, -25.85388888888889], [29.339166666666664, -25.91444444444444], [29.31638888888889, -25.776666666666667], [31.54527777777778, -24.726388888888888]]]}}, {"type": "Feature", "properties": {"index": 672, "id": "C2856/26", "location": "FARG", "valid_from": "2606010839", "valid_to": "2608312359", "height_ft": 4628, "is_low": false, "text": "NC BOSHOEK TO ONDERSTEPOORT (252840S 0270727E, 253035S 0270354E,\n254129S 0271344E, 253902S 0271735E, 253836S 0271500E, 254321S\n0271304E, 253956S 0280648E, 253539S 0280701E): UAS OPS (800FT AGL)\nTAKING PLACE BEYOND VISUAL LINE OF SIGHT (BVLOS).", "centre_lat": -25.619374999999998, "centre_lon": 27.426145833333333, "radius_nm": null}, "geometry": {"type": "Polygon", "coordinates": [[[27.124166666666667, -25.477777777777778], [27.065, -25.509722222222223], [27.228888888888886, -25.691388888888888], [27.293055555555558, -25.650555555555552], [27.25, -25.643333333333334], [27.217777777777776, -25.722499999999997], [28.113333333333333, -25.665555555555553], [28.116944444444446, -25.594166666666666], [27.124166666666667, -25.477777777777778]]]}}, {"type": "Feature", "properties": {"index": 673, "id": "C2854/26", "location": "FAGM", "valid_from": "2606020001", "valid_to": "2609012359", "height_ft": 5977, "is_low": false, "text": "SIMMER AND JACK LANDFILL, JOHANNESBURG, GAUTENG (261210S 0280807E,\n261157S 0280855E, 261226S 0280907E,261242S 0280818E): UNMANNED AERIAL\nVEHICLE (UAV) OPS (400FT AGL) TAKING PLACE BEYOND VISUAL LINE OF\nSIGHT (BVLOS). FUA REF: AV 26/05-9", "centre_lat": -26.20520833333333, "centre_lon": 28.143541666666668, "radius_nm": null}, "geometry": {"type": "Polygon", "coordinates": [[[28.135277777777777, -26.202777777777776], [28.148611111111112, -26.199166666666667], [28.151944444444442, -26.20722222222222], [28.138333333333332, -26.211666666666666], [28.135277777777777, -26.202777777777776]]]}}, {"type": "Feature", "properties": {"index": 674, "id": "C2853/26", "location": "FAQR", "valid_from": "2606020001", "valid_to": "2609012359", "height_ft": 4486, "is_low": false, "text": "MOORDDRIFT FARMS, MOKOPANE, LIMPOPO (241334S 0285644E, 241343S\n0285959E, 241726S 0285912E, 241652S 0285639E): UNMANNED AERIAL\nVEHICLE (UAV) OPS (1000FT) TAKING PLACE BEYOND VISUAL LINE OF SIGHT\n(BVLOS). FUA REF: AV 05/02-3.", "centre_lat": -24.25659722222222, "centre_lon": 28.969027777777775, "radius_nm": null}, "geometry": {"type": "Polygon", "coordinates": [[[28.945555555555554, -24.22611111111111], [28.999722222222225, -24.22861111111111], [28.986666666666668, -24.290555555555557], [28.944166666666668, -24.28111111111111], [28.945555555555554, -24.22611111111111]]]}}, {"type": "Feature", "properties": {"index": 675, "id": "C2851/26", "location": "FACA", "valid_from": "2606040001", "valid_to": "2609012359", "height_ft": 558, "is_low": true, "text": "VISSERSHOK, BLOUBERGSTRAND, WESTERN CAPE (334607S 0183215E, 334554S\n0183303E, 334703S 0183255E, 334657S 0183205E): UNMANNED AERIAL\nVEHICLE (UAV) OPS (400FT AGL) TAKING PLACE BEYOND VISUAL LINE OF\nSIGHT (BVLOS).", "centre_lat": -33.77506944444444, "centre_lon": 18.54291666666667, "radius_nm": null}, "geometry": {"type": "Polygon", "coordinates": [[[18.5375, -33.76861111111111], [18.550833333333333, -33.765], [18.548611111111114, -33.784166666666664], [18.534722222222225, -33.7825], [18.5375, -33.76861111111111]]]}}, {"type": "Feature", "properties": {"index": 676, "id": "C2850/26", "location": "FACA", "valid_from": "2606040001", "valid_to": "2609012359", "height_ft": 437, "is_low": true, "text": "COASTAL PARK, MUIZENBERG, WESTERN CAPE (340442S 0182940E, 340439S\n0183033E, 340543S 0183016E, 340545S 0182944E): UNMANNED AERIAL\nVEHICLE (UAV) OPS (400FT AGL) TAKING PLACE BEYOND VISUAL LINE OF\nSIGHT (BVLOS).", "centre_lat": -34.086736111111115, "centre_lon": 18.500902777777778, "radius_nm": null}, "geometry": {"type": "Polygon", "coordinates": [[[18.494444444444447, -34.07833333333333], [18.509166666666665, -34.0775], [18.504444444444445, -34.09527777777778], [18.495555555555555, -34.09583333333334], [18.494444444444447, -34.07833333333333]]]}}, {"type": "Feature", "properties": {"index": 677, "id": "C2847/26", "location": "FAJA", "valid_from": "2606010400", "valid_to": "2608292359", "height_ft": 1740, "is_low": false, "text": "GREATER WESTMEAD, PINETOWN, KWAZULU-NATAL (294815S 0304820E, 294952S\n0304829E, 294943S 0305108E, 294812S 0305105E): UAS OPS (400FT AGL)\nTAKING PLACE BEYOND VISUAL LINE OF SIGHT (BVLOS).", "centre_lat": -29.816805555555554, "centre_lon": 30.829305555555557, "radius_nm": null}, "geometry": {"type": "Polygon", "coordinates": [[[30.805555555555557, -29.804166666666667], [30.808055555555555, -29.83111111111111], [30.852222222222224, -29.828611111111112], [30.85138888888889, -29.803333333333335], [30.805555555555557, -29.804166666666667]]]}}, {"type": "Feature", "properties": {"index": 678, "id": "C2846/26", "location": "FAJA", "valid_from": "2606010150", "valid_to": "2608292359", "height_ft": 3874, "is_low": false, "text": "TWICKENHAM, MODIKWE (241712S 0300420E, 244213S 0301317E, 244530S\n0300650E, 242106S 0295432E): UAS OPS (800FT AGL) TAKING PLACE BEYOND\nVISUAL LINE OF SIGHT (BVLOS).", "centre_lat": -24.52506944444444, "centre_lon": 30.079097222222224, "radius_nm": null}, "geometry": {"type": "Polygon", "coordinates": [[[30.072222222222223, -24.28666666666667], [30.22138888888889, -24.703611111111112], [30.11388888888889, -24.758333333333333], [29.90888888888889, -24.351666666666667], [30.072222222222223, -24.28666666666667]]]}}, {"type": "Feature", "properties": {"index": 679, "id": "C2845/26", "location": "FASO", "valid_from": "2606010148", "valid_to": "2608292359", "height_ft": 3403, "is_low": false, "text": "AREA BOUNDED BY (244708S 0301245E, 245201S 030 0813E, 244949S\n0300407E, 244440S 0300836E): UAS OPS (800FT AGL) TAKING PLACE BEYOND\nVISUAL LINE OF SIGHT (BVLOS).", "centre_lat": -24.78675925925926, "centre_lon": 30.14148148148148, "radius_nm": null}, "geometry": {"type": "Polygon", "coordinates": [[[30.2125, -24.785555555555558], [30.06861111111111, -24.830277777777777], [30.143333333333334, -24.744444444444447], [30.2125, -24.785555555555558]]]}}, {"type": "Feature", "properties": {"index": 680, "id": "C2844/26", "location": "FAJA", "valid_from": "2606010142", "valid_to": "2608292359", "height_ft": 4225, "is_low": false, "text": "AREA BOUNDED BY (253520S 0275440E, 254435S 0275544E, 254618S\n0271520E, 253718S 0271544E): UAS OPS (400FT AGL) TAKING PLACE BEYOND\nVISUAL LINE OF SIGHT (BVLOS).", "centre_lat": -25.681319444444444, "centre_lon": 27.589444444444446, "radius_nm": null}, "geometry": {"type": "Polygon", "coordinates": [[[27.91111111111111, -25.58888888888889], [27.92888888888889, -25.743055555555557], [27.255555555555556, -25.771666666666665], [27.26222222222222, -25.621666666666666], [27.91111111111111, -25.58888888888889]]]}}, {"type": "Feature", "properties": {"index": 681, "id": "C2843/26", "location": "FAMB", "valid_from": "2606010136", "valid_to": "2608292359", "height_ft": 6990, "is_low": false, "text": "MIDDLEBURG TO EMGWENYA, AREA BOUNDED BY (253455S 0302040E, 254641S\n0302040E, 254641S 0302244E, 255403S 0293232E, 254201S 0292805E): UAS\nOPS (800FT AGL) TAKING PLACE BEYOND VISUAL LINE OF SIGHT (BVLOS).", "centre_lat": -25.747833333333336, "centre_lon": 30.01561111111111, "radius_nm": null}, "geometry": {"type": "Polygon", "coordinates": [[[30.344444444444445, -25.581944444444446], [30.344444444444445, -25.778055555555554], [30.378888888888888, -25.778055555555554], [29.542222222222225, -25.90083333333333], [29.468055555555555, -25.700277777777778], [30.344444444444445, -25.581944444444446]]]}}, {"type": "Feature", "properties": {"index": 682, "id": "C2842/26", "location": "FAWI", "valid_from": "2606010133", "valid_to": "2608292359", "height_ft": 5201, "is_low": false, "text": "BRONKHORSPRUIT TO WITBANK (254614S 0292016E, 255516S 0292048E,\n254935S 0284208E, 254546S 0284142E): UAS OPS (400FT AGL) TAKING PLACE\nBEYOND VISUAL LINE OF SIGHT (BVLOS).", "centre_lat": -25.820208333333333, "centre_lon": 29.020416666666662, "radius_nm": null}, "geometry": {"type": "Polygon", "coordinates": [[[29.337777777777777, -25.770555555555553], [29.346666666666664, -25.921111111111113], [28.702222222222222, -25.82638888888889], [28.695, -25.762777777777778], [29.337777777777777, -25.770555555555553]]]}}, {"type": "Feature", "properties": {"index": 683, "id": "C2840/26", "location": "FAGC", "valid_from": "2605312105", "valid_to": "2608282359", "height_ft": 5483, "is_low": false, "text": "AREA BOUNDED BY (255855S 0280943E, 260343S 0280838E, 260335S\n0280432E, 255913S 0280313E): UAS OPS (300FT AGL) TAKING PLACE BEYOND\nVISUAL LINE OF SIGHT (BVLOS).", "centre_lat": -26.02263888888889, "centre_lon": 28.10875, "radius_nm": null}, "geometry": {"type": "Polygon", "coordinates": [[[28.161944444444444, -25.981944444444444], [28.14388888888889, -26.061944444444446], [28.075555555555557, -26.059722222222224], [28.053611111111113, -25.986944444444447], [28.161944444444444, -25.981944444444444]]]}}, {"type": "Feature", "properties": {"index": 684, "id": "C2839/26", "location": "FAOF", "valid_from": "2606010000", "valid_to": "2608292359", "height_ft": 5002, "is_low": false, "text": "TRANSNET FREIGHT RAILWAY, NORTHERN CAPE (275226S 0225941E, 282709S\n0230004E, 282531S 0222626E, 275328S 0222757E): UAS OPS (800FT AGL)\nTAKING PLACE BEYOND VISUAL LINE OF SIGHT (BVLOS).", "centre_lat": -28.160694444444445, "centre_lon": 22.72555555555556, "radius_nm": null}, "geometry": {"type": "Polygon", "coordinates": [[[22.994722222222222, -27.87388888888889], [23.00111111111111, -28.4525], [22.440555555555555, -28.42527777777778], [22.465833333333332, -27.891111111111112], [22.994722222222222, -27.87388888888889]]]}}, {"type": "Feature", "properties": {"index": 685, "id": "C2838/26", "location": "FAJA", "valid_from": "2605312027", "valid_to": "2608282359", "height_ft": 4341, "is_low": false, "text": "GROMER PLAAS, NORTH WEST PROVINCE (254758S 0274047E, 254606S\n0274308E, 254541S 0274517E, 255043S 0274502E, 255143S 0274052E): UAS\nOPS (400FT AGL) TAKING PLACE BEYOND VISUAL LINE OF SIGHT (BVLOS).", "centre_lat": -25.807277777777777, "centre_lon": 27.717000000000002, "radius_nm": null}, "geometry": {"type": "Polygon", "coordinates": [[[27.679722222222225, -25.799444444444447], [27.718888888888888, -25.76833333333333], [27.754722222222224, -25.761388888888888], [27.750555555555554, -25.845277777777778], [27.68111111111111, -25.861944444444447], [27.679722222222225, -25.799444444444447]]]}}, {"type": "Feature", "properties": {"index": 686, "id": "C2835/26", "location": "FAJA", "valid_from": "2605311643", "valid_to": "2608282359", "height_ft": 5774, "is_low": false, "text": "ANNEA, MPUMALANGA (260847S 0292301E, 260841S 0293453E, 261948S\n0293305E, 261814S 0292148E): UAS OPS (400FT AGL) TAKING PLACE BEYOND\nW5-HC4XRP-CT - 24AUG26 0600 ATNS 96/111\nVISUAL LINE OF SIGHT (BVLOS).", "centre_lat": -26.23125, "centre_lon": 29.469930555555557, "radius_nm": null}, "geometry": {"type": "Polygon", "coordinates": [[[29.38361111111111, -26.14638888888889], [29.58138888888889, -26.14472222222222], [29.55138888888889, -26.33], [29.363333333333333, -26.30388888888889], [29.38361111111111, -26.14638888888889]]]}}, {"type": "Feature", "properties": {"index": 687, "id": "C2834/26", "location": "FAPM", "valid_from": "2605311413", "valid_to": "2608291300", "height_ft": null, "is_low": false, "text": "ATC TRG TAKING PLACE ON TWR 122.0 MHZ.\nC2821/26", "centre_lat": -29.65, "centre_lon": 30.4, "radius_nm": 5}, "geometry": {"type": "Point", "coordinates": [30.4, -29.65]}}, {"type": "Feature", "properties": {"index": 688, "id": "C2821/26", "location": "FAJA", "valid_from": "2605301900", "valid_to": "2608272359", "height_ft": 4978, "is_low": false, "text": "FOURWAYS GARDENS ESTATE, GAUTENG (260007S 0280024E): UAS OPS (400FT\nAGL) TAKING PLACE BEYOND VISUAL LINE OF SIGHT (BVLOS).", "centre_lat": -26.001944444444444, "centre_lon": 28.006666666666668, "radius_nm": 1}, "geometry": {"type": "Point", "coordinates": [28.006666666666668, -26.001944444444444]}}, {"type": "Feature", "properties": {"index": 689, "id": "C2819/26", "location": "FAJA", "valid_from": "2605310000", "valid_to": "2608282359", "height_ft": 5285, "is_low": false, "text": "EKANDUSTRIA, MPUMALANGA (253802S 0284701E, 254409S 0284601E, 254332S\n0283920E, 253715S 0283835E): UAS OPS (800FT AGL) TAKING PLACE BEYOND\nVISUAL LINE OF SIGHT (BVLOS). FUA REF: AV 28/05-6.", "centre_lat": -25.67902777777778, "centre_lon": 28.712291666666665, "radius_nm": null}, "geometry": {"type": "Polygon", "coordinates": [[[28.783611111111114, -25.633888888888887], [28.766944444444444, -25.735833333333336], [28.655555555555555, -25.725555555555555], [28.643055555555556, -25.620833333333334], [28.783611111111114, -25.633888888888887]]]}}, {"type": "Feature", "properties": {"index": 690, "id": "C2814/26", "location": "FAJA", "valid_from": "2605310000", "valid_to": "2608282359", "height_ft": 5337, "is_low": false, "text": "KWAGGAFONTEIN, MOLOTO (251314S 0285010E, 252304S,0290249E, 253619S\n0284232E, 252404S 0283100E ): UAS OPS (800FT AGL) TAKING PLACE BEYOND\nVISUAL LINE OF SIGHT (BVLOS).", "centre_lat": -25.40898148148148, "centre_lon": 28.68722222222222, "radius_nm": null}, "geometry": {"type": "Polygon", "coordinates": [[[28.83611111111111, -25.220555555555553], [28.70888888888889, -25.60527777777778], [28.516666666666666, -25.40111111111111], [28.83611111111111, -25.220555555555553]]]}}, {"type": "Feature", "properties": {"index": 691, "id": "C2813/26", "location": "FAJA", "valid_from": "2605310000", "valid_to": "2608282359", "height_ft": 4697, "is_low": false, "text": "SOSHANGUVE, PRETORIA, GAUTENG (252536S 0280805E, 253141S 0280758E,\n253147S 0280156E, 252540S 0280200E): UAS OPS (800FT AGL) TAKING PLACE\nBEYOND VISUAL LINE OF SIGHT (BVLOS).", "centre_lat": -25.478055555555557, "centre_lon": 28.083263888888887, "radius_nm": null}, "geometry": {"type": "Polygon", "coordinates": [[[28.134722222222223, -25.42666666666667], [28.13277777777778, -25.528055555555554], [28.03222222222222, -25.529722222222222], [28.033333333333335, -25.42777777777778], [28.134722222222223, -25.42666666666667]]]}}, {"type": "Feature", "properties": {"index": 692, "id": "C2811/26", "location": "FAGL", "valid_from": "2605310000", "valid_to": "2608282359", "height_ft": 3893, "is_low": false, "text": "NKANGALA DISTRICT, MPUMALANGA (245827S 0291303E, 252041S 0290921E,\n251833S 0285150E, 245543S 0285021E): UAS OPS (800FT AGL) TAKING PLACE\nBEYOND VISUAL LINE OF SIGHT (BVLOS). FUA REF: AV 28/05-5.", "centre_lat": -25.139166666666664, "centre_lon": 29.01909722222222, "radius_nm": null}, "geometry": {"type": "Polygon", "coordinates": [[[29.217499999999998, -24.974166666666665], [29.15583333333333, -25.34472222222222], [28.86388888888889, -25.309166666666666], [28.839166666666664, -24.928611111111113], [29.217499999999998, -24.974166666666665]]]}}, {"type": "Feature", "properties": {"index": 693, "id": "C2810/26", "location": "FAJA", "valid_from": "2605310000", "valid_to": "2608282359", "height_ft": 6116, "is_low": false, "text": "SOWETO, GAUTENG (261117S 0275627E, 261138S 0275858E, 261912S\n0275730E, 261839S 0275056E, 261142S 0275100E, 261156S0275241E,\n261340S0275241E): UAS OPS (800FT AGL) TAKING PLACE BEYOND VISUAL LINE\nOF SIGHT (BVLOS). FUA REF: AV 28/05-2.", "centre_lat": -26.233492063492065, "centre_lon": 27.905277777777776, "radius_nm": null}, "geometry": {"type": "Polygon", "coordinates": [[[27.940833333333334, -26.188055555555557], [27.982777777777777, -26.19388888888889], [27.958333333333332, -26.32], [27.848888888888887, -26.310833333333335], [27.85, -26.195], [27.878055555555555, -26.198888888888888], [27.878055555555555, -26.227777777777778], [27.940833333333334, -26.188055555555557]]]}}, {"type": "Feature", "properties": {"index": 694, "id": "C2802/26", "location": "FAVY", "valid_from": "2605291301", "valid_to": "2608262359", "height_ft": 4164, "is_low": false, "text": "VRYHEID, KWAZULU-NATAL (274504S 0304505E, 274417S 0305023E, 274738S\n0305147E, 274851S 0304540E): UAS OPS (400FT AGL) TAKING PLACE BEYOND\nW5-HC4XRP-CT - 24AUG26 0600 ATNS 97/111\nVISUAL LINE OF SIGHT (BVLOS).", "centre_lat": -27.774305555555557, "centre_lon": 30.803819444444443, "radius_nm": null}, "geometry": {"type": "Polygon", "coordinates": [[[30.75138888888889, -27.75111111111111], [30.83972222222222, -27.738055555555558], [30.863055555555558, -27.79388888888889], [30.761111111111113, -27.81416666666667], [30.75138888888889, -27.75111111111111]]]}}, {"type": "Feature", "properties": {"index": 695, "id": "C2787/26", "location": "FAGR", "valid_from": "2605271408", "valid_to": "2608241000", "height_ft": null, "is_low": false, "text": "IAC RNAV-01 RNAV (GNSS) RWY 04 DATED 25 FEB 2021 SUSPENDED.\nAERONAUTICAL DATA TABULATON RNAV-01A RNAV (GNSS) RWY 04 DATED 25 FEB\n2021 SUSPENDED.\nC2779/26", "centre_lat": -32.2, "centre_lon": 24.533333333333335, "radius_nm": 5}, "geometry": {"type": "Point", "coordinates": [24.533333333333335, -32.2]}}, {"type": "Feature", "properties": {"index": 696, "id": "C2779/26", "location": "FAFO", "valid_from": "2605280001", "valid_to": "2608252359", "height_ft": 2900, "is_low": false, "text": "STUTT GROUP 1, FORT BEAUFORT, WESTERN CAPE (324753S 0263210E, 324753S\n0263230E, 324804S 0263226E, 324758S 0263208E): UNMANNED AERIAL\nVEHICLE (UAV) OPS (400FT AGL) TAKING PLACE BEYOND VISUAL LINE OF\nSIGHT (BVLOS).", "centre_lat": -32.799166666666665, "centre_lon": 26.538472222222225, "radius_nm": null}, "geometry": {"type": "Polygon", "coordinates": [[[26.53611111111111, -32.79805555555556], [26.541666666666668, -32.79805555555556], [26.540555555555557, -32.801111111111105], [26.535555555555558, -32.79944444444444], [26.53611111111111, -32.79805555555556]]]}}, {"type": "Feature", "properties": {"index": 697, "id": "C2771/26", "location": "FAJA", "valid_from": "2605290000", "valid_to": "2608262359", "height_ft": 5724, "is_low": false, "text": "THE EYE OF AFRICA ESTATE, EIKENHOF, GAUTENG (262248S 0275942E,\n262116S 0280126E, 262153S 0280245E, 262337S 0280105E): UAS OPS (400FT\nAGL) TAKING PLACE BEYOND VISUAL LINE OF SIGHT (BVLOS).", "centre_lat": -26.373194444444447, "centre_lon": 28.020694444444445, "radius_nm": null}, "geometry": {"type": "Polygon", "coordinates": [[[27.995, -26.38], [28.023888888888887, -26.354444444444447], [28.045833333333334, -26.364722222222223], [28.018055555555556, -26.39361111111111], [27.995, -26.38]]]}}, {"type": "Feature", "properties": {"index": 698, "id": "C2769/26", "location": "FAJA", "valid_from": "2605280001", "valid_to": "2608252359", "height_ft": 6230, "is_low": false, "text": "DAGGAFONTEIN, SPRINGS, GAUTENG (261615S 0283142E, 261802S 0283020E,\n261655S 0283144E, 261753S 0283323E): UNMANNED AERIAL VEHICLE (UAV)\nOPS (1000FT AGL) TAKING PLACE BEYOND VISUAL LINE OF SIGHT (BVLOS).\nFUA REF: AV 30/01-4.", "centre_lat": -26.287847222222226, "centre_lon": 28.529791666666664, "radius_nm": null}, "geometry": {"type": "Polygon", "coordinates": [[[28.528333333333332, -26.270833333333332], [28.505555555555556, -26.300555555555555], [28.528888888888886, -26.281944444444445], [28.55638888888889, -26.298055555555557], [28.528333333333332, -26.270833333333332]]]}}, {"type": "Feature", "properties": {"index": 699, "id": "C2767/26", "location": "FAJA", "valid_from": "2605280000", "valid_to": "2608262359", "height_ft": 4934, "is_low": false, "text": "THARISA MINERALS, NORTH WEST (254254S 0272638E, 254301S 0273118E,\n254525S 0273103E, 254518S 0272717E): UNMANNED AERIAL VEHICLE (UAV)\nOPS (1000FT AGL) TAKING PLACE BEYOND VISUAL LINE OF SIGHT (BVLOS).\nFUA REF: TM 25/05-6.", "centre_lat": -25.73597222222222, "centre_lon": 27.484444444444442, "radius_nm": null}, "geometry": {"type": "Polygon", "coordinates": [[[27.44388888888889, -25.715], [27.521666666666665, -25.716944444444444], [27.5175, -25.756944444444443], [27.454722222222223, -25.755], [27.44388888888889, -25.715]]]}}, {"type": "Feature", "properties": {"index": 700, "id": "C2745/26", "location": "FAWB", "valid_from": "2608240700", "valid_to": "2609281200", "height_ft": null, "is_low": false, "text": "RWY 11/29 AVBL SUBJ MAINT OPS. PILOTS TO CTC TWR 118.35 MHZ TO\nCONFIRM AVBL.\nC2687/26", "centre_lat": -25.65, "centre_lon": 28.216666666666665, "radius_nm": 5}, "geometry": {"type": "Point", "coordinates": [28.216666666666665, -25.65]}}, {"type": "Feature", "properties": {"index": 701, "id": "C2687/26", "location": "FAJA", "valid_from": "2605270500", "valid_to": "2608241700", "height_ft": 6139, "is_low": false, "text": "NEW CLYDESDALE COLLIERY, MPUMALANGA (260821S 0291835E, 260711S\n0291938E, 260828S 0292007E, 260900S 0291835E): UAS OPS (1000FT AGL)\nTAKING PLACE. FUA REF: MM 21055.", "centre_lat": -26.137500000000003, "centre_lon": 29.320486111111112, "radius_nm": null}, "geometry": {"type": "Polygon", "coordinates": [[[29.309722222222224, -26.139166666666664], [29.327222222222222, -26.119722222222222], [29.335277777777776, -26.141111111111112], [29.309722222222224, -26.15], [29.309722222222224, -26.139166666666664]]]}}, {"type": "Feature", "properties": {"index": 702, "id": "C2685/26", "location": "FAJA", "valid_from": "2605280500", "valid_to": "2608251700", "height_ft": 6210, "is_low": false, "text": "KANGALA COLLIERY, MPUMALANGA (261124S 0283855E, 261043S 0284022E,\n261156S 0284043E, 261226S 0283932E): UAS OPS (1000FT AGL) TAKING\nPLACE. FUA REF: MM 21051.", "centre_lat": -26.193680555555552, "centre_lon": 28.664722222222224, "radius_nm": null}, "geometry": {"type": "Polygon", "coordinates": [[[28.648611111111112, -26.19], [28.672777777777778, -26.178611111111113], [28.678611111111113, -26.198888888888888], [28.65888888888889, -26.20722222222222], [28.648611111111112, -26.19]]]}}, {"type": "Feature", "properties": {"index": 703, "id": "C2562/26", "location": "FAJA", "valid_from": "2605300400", "valid_to": "2608270554", "height_ft": 4359, "is_low": false, "text": "FAD70, MAGALIESBERG EAST AND WEST, MARIKANA, THARISA MINE, NORTH WEST\n(254332S 0272715E, 254501S 0272711E, 254555S 0273041E, 254319S\n0273200E): REMOTELY PILOTED AIRCRAFT SYSTEM (RPAS) OPS (400FT AGL)\nTAKING PLACE BEYOND VISUAL LINE OF SIGHT (BVLOS).", "centre_lat": -25.74076388888889, "centre_lon": 27.48798611111111, "radius_nm": null}, "geometry": {"type": "Polygon", "coordinates": [[[27.454166666666666, -25.725555555555555], [27.453055555555554, -25.75027777777778], [27.511388888888888, -25.76527777777778], [27.533333333333335, -25.721944444444443], [27.454166666666666, -25.725555555555555]]]}}, {"type": "Feature", "properties": {"index": 704, "id": "C2290/26", "location": "FAJA", "valid_from": "2607140600", "valid_to": "2610111800", "height_ft": 6032, "is_low": false, "text": "FAD 182, DRD GOLD MINELOCK RTSF, GAUTENG (262829S 0273656E, 263001S\n0273916E, 263145S 0273808E, 262957S 0273533E): UAS OPS (1000FT AGL)\nTAKING PLACE BEYOND VISUAL LINE OF SIGHT (BVLOS).", "centre_lat": -26.500833333333333, "centre_lon": 27.624513888888888, "radius_nm": null}, "geometry": {"type": "Polygon", "coordinates": [[[27.615555555555556, -26.47472222222222], [27.654444444444444, -26.50027777777778], [27.635555555555555, -26.529166666666665], [27.592499999999998, -26.499166666666667], [27.615555555555556, -26.47472222222222]]]}}, {"type": "Feature", "properties": {"index": 705, "id": "C0183/26", "location": "FAXX", "valid_from": "2610040500", "valid_to": "2610041600", "height_ft": 6522, "is_low": false, "text": "RAND MODEL AERONAUTICAL CLUB (261915S 0280325E) 1NM RADIUS: MODEL\nACFT OPS (1000FT AGL) TAKING PLACE.", "centre_lat": -26.320833333333333, "centre_lon": 28.056944444444444, "radius_nm": 1}, "geometry": {"type": "Point", "coordinates": [28.056944444444444, -26.320833333333333]}}, {"type": "Feature", "properties": {"index": 706, "id": "D0002/19", "location": "FAMP", "valid_from": "1905180353", "valid_to": "PERM", "height_ft": null, "is_low": false, "text": "MIL UNLICENSED AD. 24HR PPR FROM AIR FORCE COMMAND POST ON TEL (012)\n3122410.\nD0348/26", "centre_lat": -22.433333333333334, "centre_lon": 30.883333333333333, "radius_nm": 5}, "geometry": {"type": "Point", "coordinates": [30.883333333333333, -22.433333333333334]}}, {"type": "Feature", "properties": {"index": 707, "id": "D0348/26", "location": "FAHS", "valid_from": "2608220832", "valid_to": "2609221330", "height_ft": null, "is_low": false, "text": "DME HSV CH 87X U/S. ALL ASSOCIATED PROC SUSPENDED.\nD0346/26", "centre_lat": -24.35, "centre_lon": 31.05, "radius_nm": 25}, "geometry": {"type": "Point", "coordinates": [31.05, -24.35]}}, {"type": "Feature", "properties": {"index": 708, "id": "D0346/26", "location": "FAYP", "valid_from": "2608230400", "valid_to": "2608252100", "height_ft": 5054, "is_low": false, "text": "1NM RADIUS CENTRED AT CENTURY CITY CONVENTION CENTRE, CENTURY CITY,\nCAPE TOWN (335330S 0183030E): REMOTELY PILOTED AIRCRAFT SYSTEMS\n(RPAS) OPS(5000FT AGL) TAKING PLACE. CIVILIAN ACFT ARE REQUESTED TO\nREMAIN CLEAR OF THE AREA.", "centre_lat": -33.891666666666666, "centre_lon": 18.508333333333333, "radius_nm": 1}, "geometry": {"type": "Point", "coordinates": [18.508333333333333, -33.891666666666666]}}, {"type": "Feature", "properties": {"index": 709, "id": "D0344/26", "location": "FAWK", "valid_from": "2608250500", "valid_to": "2608311859", "height_ft": 5268, "is_low": false, "text": "BAPSFONTEIN, AREA BOUNDED BY (255832S 0282145E, 255832S 0282205E,\nW5-HC4XRP-CT - 24AUG26 0600 ATNS 99/111\n255842S 0282205E, 255843S 0282145E): UAS OPS (45FT AGL) TAKING PLACE.\nCAMU REF: DN 200710.", "centre_lat": -25.977013888888887, "centre_lon": 28.365277777777777, "radius_nm": null}, "geometry": {"type": "Polygon", "coordinates": [[[28.3625, -25.975555555555555], [28.368055555555557, -25.975555555555555], [28.368055555555557, -25.97833333333333], [28.3625, -25.97861111111111], [28.3625, -25.975555555555555]]]}}, {"type": "Feature", "properties": {"index": 710, "id": "D0343/26", "location": "FASK", "valid_from": "2608260700", "valid_to": "2608311200", "height_ft": 7000, "is_low": false, "text": "MILITARY FLYPAST TAKING PLACE.", "centre_lat": -25.816666666666666, "centre_lon": 28.166666666666668, "radius_nm": 5}, "geometry": {"type": "Point", "coordinates": [28.166666666666668, -25.816666666666666]}}, {"type": "Feature", "properties": {"index": 711, "id": "D0342/26", "location": "FAOB", "valid_from": "2609090800", "valid_to": "2609121400", "height_ft": 645, "is_low": true, "text": "BREDASDORP, NAMPO CAPE, WESTERN CAPE (343138S 0200259E, 343025S\n0200215E, 343032S 0200410E, 343124S 0200328E):UAS OPS (400FT AGL)\nTAKING PLACE  WI VISUAL LINE OF SIGHT (VLOS).", "centre_lat": -34.516597222222224, "centre_lon": 20.05361111111111, "radius_nm": null}, "geometry": {"type": "Polygon", "coordinates": [[[20.049722222222226, -34.52722222222222], [20.0375, -34.50694444444444], [20.069444444444443, -34.50888888888889], [20.05777777777778, -34.52333333333333], [20.049722222222226, -34.52722222222222]]]}}, {"type": "Feature", "properties": {"index": 712, "id": "D0341/26", "location": "FAHS", "valid_from": "2608180001", "valid_to": "2611170000", "height_ft": 1732, "is_low": false, "text": "AREA BOUNDED BY (241840S 0310032E, 240634S 0312745E, 243035S\n0312749E, 243416S 030753E): REMOTELY PILOTED AIRCRAFT SYSTEMS (RPAS)\nOPS (400FT AGL) TAKING PLACE BEYOND VISUAL LINE OF SIGHT (BVLOS).\nFUA: DF 03/08-5.", "centre_lat": -24.310092592592593, "centre_lon": 31.311666666666667, "radius_nm": null}, "geometry": {"type": "Polygon", "coordinates": [[[31.00888888888889, -24.311111111111114], [31.4625, -24.109444444444446], [31.46361111111111, -24.509722222222223], [31.00888888888889, -24.311111111111114]]]}}, {"type": "Feature", "properties": {"index": 713, "id": "D0340/26", "location": "FALW", "valid_from": "2609010000", "valid_to": "2611252359", "height_ft": 410, "is_low": true, "text": "SALDANHA IRON ORE TERMINAL, SALDANHA BAY, WESTERN CAPE (325957S\n0175953E, 330003S 0180019E, 330033S 0180006E, 330025S 0175941E):\nUNMANNED AERIAL VEHICLE (UAV) OPS (400FT AGL) TAKING PLACE BEYOND\nVISUAL LINE OF SIGHT (BVLOS). FUA REF: MM 05/08-2.", "centre_lat": -33.00402777777778, "centre_lon": 17.999930555555554, "radius_nm": null}, "geometry": {"type": "Polygon", "coordinates": [[[17.998055555555556, -32.99916666666667], [18.005277777777778, -33.00083333333333], [18.001666666666665, -33.009166666666665], [17.994722222222222, -33.00694444444444], [17.998055555555556, -32.99916666666667]]]}}, {"type": "Feature", "properties": {"index": 714, "id": "D0339/26", "location": "FALW", "valid_from": "2608241600", "valid_to": "2608290100", "height_ft": 5000, "is_low": false, "text": "MIL NGT FLY OPS TAKING PLACE.", "centre_lat": -32.96666666666667, "centre_lon": 18.166666666666668, "radius_nm": 5}, "geometry": {"type": "Point", "coordinates": [18.166666666666668, -32.96666666666667]}}, {"type": "Feature", "properties": {"index": 715, "id": "D0334/26", "location": "FAWK", "valid_from": "2609030700", "valid_to": "2609061100", "height_ft": 5023, "is_low": false, "text": "UNION BUILDING, PRETORIA, GAUTENG (254425S 0281244E, 254636S\n0281037E): FLYPAST (500FT AGL) TAKING PLACE.", "centre_lat": -25.75, "centre_lon": 28.25, "radius_nm": 5}, "geometry": {"type": "Point", "coordinates": [28.25, -25.75]}}, {"type": "Feature", "properties": {"index": 716, "id": "D0332/26", "location": "FALW", "valid_from": "2608170900", "valid_to": "2608281500", "height_ft": null, "is_low": false, "text": "SALDHANA (325748S 0175812E): SAR PJE TAKING PLACE. REF C4247/26.\nD0331/26", "centre_lat": -32.96333333333334, "centre_lon": 17.97, "radius_nm": 5}, "geometry": {"type": "Point", "coordinates": [17.97, -32.96333333333334]}}, {"type": "Feature", "properties": {"index": 717, "id": "D0331/26", "location": "FAWK", "valid_from": "2608141000", "valid_to": "2609282200", "height_ft": null, "is_low": false, "text": "TWY B BTN TWY C AND D CLSD.\nW5-HC4XRP-CT - 24AUG26 0600 ATNS 100/111\nD0329/26", "centre_lat": -25.833333333333332, "centre_lon": 28.216666666666665, "radius_nm": 5}, "geometry": {"type": "Point", "coordinates": [28.216666666666665, -25.833333333333332]}}, {"type": "Feature", "properties": {"index": 718, "id": "D0329/26", "location": "FAWK", "valid_from": "2608132200", "valid_to": "2608312159", "height_ft": null, "is_low": false, "text": "MIDRAND NORTH, GAUTENG (255221S 0281027E, 255847S 0281014E, 255909S\n0280259E, 255256S 0280308E): UAS OPS (200FT AGL) TAKING PLACE BEYOND\nVISUAL LINE OF SIGHT (BVLOS). FUA REF : MM 02/06-1. REF C4230/26.\nD0326/26", "centre_lat": -25.930069444444445, "centre_lon": 28.111666666666668, "radius_nm": null}, "geometry": {"type": "Polygon", "coordinates": [[[28.174166666666668, -25.8725], [28.170555555555556, -25.97972222222222], [28.049722222222226, -25.985833333333336], [28.052222222222223, -25.88222222222222], [28.174166666666668, -25.8725]]]}}, {"type": "Feature", "properties": {"index": 719, "id": "D0326/26", "location": "FAWK", "valid_from": "2609140500", "valid_to": "2609202200", "height_ft": null, "is_low": false, "text": "CTR RESTRICTION ON OVERFLIGHTS AND GEN AVIATION DUE TO OPERATIONAL\nCONSTRAINTS. ONLY POLICE ON CALLOUTS AND MERCY FLT WILL BE\nACCOMODATED.\nD0320/26", "centre_lat": -25.833333333333332, "centre_lon": 28.216666666666665, "radius_nm": 5}, "geometry": {"type": "Point", "coordinates": [28.216666666666665, -25.833333333333332]}}, {"type": "Feature", "properties": {"index": 720, "id": "D0320/26", "location": "FAWK", "valid_from": "2608060723", "valid_to": "2611031000", "height_ft": null, "is_low": false, "text": "ALL HVY CAT ACFT MUST CATER FOR PUSHBACK DRG START, AS AD DOES NOT\nHAVE PUSHBACK CAPACITY.\nD0319/26", "centre_lat": -25.833333333333332, "centre_lon": 28.216666666666665, "radius_nm": 5}, "geometry": {"type": "Point", "coordinates": [28.216666666666665, -25.833333333333332]}}, {"type": "Feature", "properties": {"index": 721, "id": "D0319/26", "location": "FAHS", "valid_from": "2608050721", "valid_to": "2609041200", "height_ft": null, "is_low": false, "text": "PAPI RWY 27 U/S.\nD0318/26", "centre_lat": -24.35, "centre_lon": 31.05, "radius_nm": 5}, "geometry": {"type": "Point", "coordinates": [31.05, -24.35]}}, {"type": "Feature", "properties": {"index": 722, "id": "D0318/26", "location": "FAWK", "valid_from": "2609061030", "valid_to": "2609061100", "height_ft": 4986, "is_low": false, "text": "ZWARTKOP RACEWAY, CENTURION, GAUTENG (254831S 0280653E): FLAT DISPLAY\nTAKING PLACE. REF NOTAM D0317/26.", "centre_lat": -25.808611111111112, "centre_lon": 28.114722222222223, "radius_nm": 5}, "geometry": {"type": "Point", "coordinates": [28.114722222222223, -25.808611111111112]}}, {"type": "Feature", "properties": {"index": 723, "id": "D0317/26", "location": "FASK", "valid_from": "2609061030", "valid_to": "2609061100", "height_ft": 4986, "is_low": false, "text": "ZWARTKOP RACEWAY, CENTURION, GAUTENG (254831S 0280653E): FLAT DISPLAY\nTAKING PLACE.", "centre_lat": -25.808611111111112, "centre_lon": 28.114722222222223, "radius_nm": 5}, "geometry": {"type": "Point", "coordinates": [28.114722222222223, -25.808611111111112]}}, {"type": "Feature", "properties": {"index": 724, "id": "D0315/26", "location": "FACA FAJA FAJO", "valid_from": "2608010001", "valid_to": "2609010001", "height_ft": null, "is_low": false, "text": "CHECKLIST\nYEAR=2019 0002\nYEAR=2026 0193 0198 0199 0209 0214 0215 0224 0230 0231 0232\n0233 0234 0235 0247 0255 0259 0261 0262 0263 0268\n0269 0271 0276 0281 0287 0289 0294 0301 0303 0309\n0310 0311 0312 0313 0314\nLATEST PUBLICATIONS\nAIP SUPPLEMENT.......057 09 JUL 26\nAIP AMENDMENT .......003 15 JUL 26\nCHECKLIST OF AIP SUP AND AIC\nAIP SUP: 041/2021 042/2021 063/2022 064/2022 098/2024 019/2025\n041/2025\n091/2025 110/2025 111/2025 120/2025 004/2026 021/2026 022/2026\n038/2026 042/2026 047/2026 051/2026 054/2026 056/2026 057/2026\nAIP SUP: 008/2026 009/2026 010/2026 011/2026 012/2026 016/2026\n017/2026\nW5-HC4XRP-CT - 24AUG26 0600 ATNS 101/111\n018/2026 024/2026 025/2026 026/2026 029/2026 030/2026 031/2026\n032/2026 033/2026 039/2026 040/2026 041/2026 044/2026 045/2026\n046/2026 049/2026\nAIC: A001/2014 B...", "centre_lat": -51.86666666666667, "centre_lon": 16.85, "radius_nm": 999}, "geometry": {"type": "Point", "coordinates": [16.85, -51.86666666666667]}}, {"type": "Feature", "properties": {"index": 725, "id": "D0311/26", "location": "FALW", "valid_from": "2608010000", "valid_to": "2610292359", "height_ft": 535, "is_low": true, "text": "HOPEFIELD, WESTERN CAPE, (325957S 0181925E, 330025S 0182200E, 330254S\n0182105E, 330245S 0181926E): UAV OPS (400FT) TAKING PLACE BEYONG\nVISUAL LINE OF SIGHT (BVLOS). FUA REF: DN 30/07-7.", "centre_lat": -33.02506944444444, "centre_lon": 18.34138888888889, "radius_nm": null}, "geometry": {"type": "Polygon", "coordinates": [[[18.32361111111111, -32.99916666666667], [18.366666666666667, -33.00694444444444], [18.35138888888889, -33.04833333333333], [18.323888888888888, -33.045833333333334], [18.32361111111111, -32.99916666666667]]]}}, {"type": "Feature", "properties": {"index": 726, "id": "D0310/26", "location": "FAYP", "valid_from": "2608030600", "valid_to": "2610311500", "height_ft": 263, "is_low": true, "text": "AMAZON, RIVERLANDS, CAPE TOWN (335553S 0182823E, 335551S 0182830E,\n335554S 0182831E, 335556S 0182824E): UAS (150FT AGL) OPS TAKING\nPLACE. CAMU (CENTRAL AIRSPACE MANAGEMENT UNIT) REF: DN 30/07/1.", "centre_lat": -33.931527777777774, "centre_lon": 18.474166666666665, "radius_nm": null}, "geometry": {"type": "Polygon", "coordinates": [[[18.473055555555554, -33.93138888888889], [18.474999999999998, -33.93083333333333], [18.475277777777777, -33.931666666666665], [18.473333333333333, -33.93222222222222], [18.473055555555554, -33.93138888888889]]]}}, {"type": "Feature", "properties": {"index": 727, "id": "D0303/26", "location": "FALW", "valid_from": "2607280000", "valid_to": "2610242359", "height_ft": 481, "is_low": true, "text": "TRONOX, VREDENBURG, WESTERN CAPE (325631S 0180220E, 325644S 0180355E,\n325827S 0180311E, 325808S 0180135E): UNMANNED AERIAL VEHICLE (UAV)\nOPS (400FT AGL) TAKING PLACE BEYOND VISUAL LINE OF SIGHT (BVLOS).\nFUA REF: DF 23/07-2.", "centre_lat": -32.95763888888889, "centre_lon": 18.04590277777778, "radius_nm": null}, "geometry": {"type": "Polygon", "coordinates": [[[18.03888888888889, -32.94194444444444], [18.06527777777778, -32.94555555555555], [18.053055555555556, -32.97416666666667], [18.02638888888889, -32.96888888888889], [18.03888888888889, -32.94194444444444]]]}}, {"type": "Feature", "properties": {"index": 728, "id": "D0301/26", "location": "FAHS", "valid_from": "2607241013", "valid_to": "2610211000", "height_ft": null, "is_low": false, "text": "TEMPO REDL 18/36 U/S.\nD0289/26", "centre_lat": -24.35, "centre_lon": 31.05, "radius_nm": 5}, "geometry": {"type": "Point", "coordinates": [31.05, -24.35]}}, {"type": "Feature", "properties": {"index": 729, "id": "D0289/26", "location": "FAWK", "valid_from": "2608010800", "valid_to": "2610291900", "height_ft": 5171, "is_low": false, "text": "AREA BOUNDED BY (255122S 0281142E, 255128S 0281200E, 255148S\n0281149E, 255138S 0281131E): UAS OPS (400FT AGL) TAKING PLACE. FUA\nREF: MM 16074.", "centre_lat": -25.859444444444442, "centre_lon": 28.19597222222222, "radius_nm": null}, "geometry": {"type": "Polygon", "coordinates": [[[28.195, -25.85611111111111], [28.2, -25.85777777777778], [28.196944444444444, -25.863333333333333], [28.191944444444445, -25.860555555555557], [28.195, -25.85611111111111]]]}}, {"type": "Feature", "properties": {"index": 730, "id": "D0287/26", "location": "FAWK", "valid_from": "2607200500", "valid_to": "2609262200", "height_ft": null, "is_low": false, "text": "RWY 06/24 CLSD.\nD0281/26", "centre_lat": -25.833333333333332, "centre_lon": 28.216666666666665, "radius_nm": 5}, "geometry": {"type": "Point", "coordinates": [28.216666666666665, -25.833333333333332]}}, {"type": "Feature", "properties": {"index": 731, "id": "D0281/26", "location": "FALW", "valid_from": "2607180500", "valid_to": "2609171700", "height_ft": 1000, "is_low": false, "text": "AFRISAM SALDANHA PMA, WESTERN CAPE (325958S 0175500E, 325955S\n0175545E, 330016S 0175550E, 330022S 0175508E): UAS OPS TAKING PLACE\nBEYOND VISUAL LINE OF SIGHT (BVLOS).", "centre_lat": -33.00215277777778, "centre_lon": 17.923819444444444, "radius_nm": null}, "geometry": {"type": "Polygon", "coordinates": [[[17.916666666666668, -32.99944444444444], [17.929166666666667, -32.99861111111111], [17.930555555555557, -33.004444444444445], [17.91888888888889, -33.00611111111111], [17.916666666666668, -32.99944444444444]]]}}, {"type": "Feature", "properties": {"index": 732, "id": "D0276/26", "location": "FAHS", "valid_from": "2607090500", "valid_to": "2610061700", "height_ft": 1871, "is_low": false, "text": "TIMBAVATI PRIVATE NATURE RESERVE, MPUMALANGA (241923S 0310658E,\n241812S 0311203E, 242004S 0311314E, 242124S 0310748E): UAS OPS (400FT\nAGL) TAKING PLACE. FUA REF: GN 06074.", "centre_lat": -24.329375000000002, "centre_lon": 31.166874999999997, "radius_nm": null}, "geometry": {"type": "Polygon", "coordinates": [[[31.116111111111113, -24.323055555555555], [31.200833333333332, -24.303333333333335], [31.220555555555553, -24.334444444444443], [31.13, -24.35666666666667], [31.116111111111113, -24.323055555555555]]]}}, {"type": "Feature", "properties": {"index": 733, "id": "D0271/26", "location": "FALM", "valid_from": "2607070602", "valid_to": "2610051330", "height_ft": null, "is_low": false, "text": "ILS LOC LTI 111.1 MHZ RWY 10 U/S. ALL ASSOCIATED PROC SUSPENDED.\nD0269/26", "centre_lat": -23.166666666666668, "centre_lon": 29.716666666666665, "radius_nm": 5}, "geometry": {"type": "Point", "coordinates": [29.716666666666665, -23.166666666666668]}}, {"type": "Feature", "properties": {"index": 734, "id": "D0269/26", "location": "FAHS", "valid_from": "2607080500", "valid_to": "2610051700", "height_ft": 2493, "is_low": false, "text": "AREA BOUNDED BY (243108S 0305738E, 243213S 0310018E, 243432S\n0305941E, 243313S 0305444E): UAS OPS (400FT AGL) TAKING PLACE. FUA\nREF: GN 03075.", "centre_lat": -24.54625, "centre_lon": 30.968125, "radius_nm": null}, "geometry": {"type": "Polygon", "coordinates": [[[30.960555555555555, -24.51888888888889], [31.005, -24.536944444444448], [30.994722222222222, -24.575555555555557], [30.91222222222222, -24.553611111111113], [30.960555555555555, -24.51888888888889]]]}}, {"type": "Feature", "properties": {"index": 735, "id": "D0268/26", "location": "FALM", "valid_from": "2607021520", "valid_to": "2609290406", "height_ft": null, "is_low": false, "text": "NIL NIGHT OPS.\nD0263/26", "centre_lat": -23.166666666666668, "centre_lon": 29.7, "radius_nm": 5}, "geometry": {"type": "Point", "coordinates": [29.7, -23.166666666666668]}}, {"type": "Feature", "properties": {"index": 736, "id": "D0263/26", "location": "FAWK", "valid_from": "2607010700", "valid_to": "2609282200", "height_ft": null, "is_low": false, "text": "TWR CHG FM 124.1 MHZ TO 121.85 MHZ.\nD0262/26", "centre_lat": -25.833333333333332, "centre_lon": 28.216666666666665, "radius_nm": 5}, "geometry": {"type": "Point", "coordinates": [28.216666666666665, -25.833333333333332]}}, {"type": "Feature", "properties": {"index": 737, "id": "D0262/26", "location": "FALM", "valid_from": "2606300926", "valid_to": "2609271330", "height_ft": null, "is_low": false, "text": "VOR/DME LTV 115.0 MHZ/CH 97X U/S. ALL ASSOCIATED PROC SUSPENDED.\nD0261/26", "centre_lat": -23.15, "centre_lon": 29.683333333333334, "radius_nm": 25}, "geometry": {"type": "Point", "coordinates": [29.683333333333334, -23.15]}}, {"type": "Feature", "properties": {"index": 738, "id": "D0261/26", "location": "FALW", "valid_from": "2607010000", "valid_to": "2609282359", "height_ft": 739, "is_low": true, "text": "VREDENBURG, WESTERN CAPE (325357S 0175957E, 325347S 0180006E, 325414S\n0180048E, 325430S 0180034E): UNMANNED AERIAL VEHICLE (UAV) OPS (400FT\nAGL) TAKING PLACE BEYOND VISUAL LINE OF SIGHT (BVLOS). FUA REF: MM\n25/06-5.", "centre_lat": -32.90194444444444, "centre_lon": 18.005902777777777, "radius_nm": null}, "geometry": {"type": "Polygon", "coordinates": [[[17.999166666666667, -32.899166666666666], [18.001666666666665, -32.896388888888886], [18.013333333333332, -32.903888888888886], [18.009444444444444, -32.90833333333333], [17.999166666666667, -32.899166666666666]]]}}, {"type": "Feature", "properties": {"index": 739, "id": "D0259/26", "location": "FAHS", "valid_from": "2606300000", "valid_to": "2609252359", "height_ft": 2166, "is_low": false, "text": "AREA BOUNDED BY (242000S 0310227E, 241924S 0311931E, 240120S\nW5-HC4XRP-CT - 24AUG26 0600 ATNS 103/111\n0311659E, 240352S 0310219E): REMOTELY PILOTED AIRCRAFT SYSTEMS (RPAS)\nOPS (1000FT AGL) TAKING PLACE BEYOND VISUAL LINE OF SIGHT (BVLOS)\nFUA REF DN23/06-3.", "centre_lat": -24.24037037037037, "centre_lon": 31.134907407407407, "radius_nm": null}, "geometry": {"type": "Polygon", "coordinates": [[[31.040833333333335, -24.333333333333332], [31.325277777777778, -24.323333333333334], [31.038611111111113, -24.064444444444444], [31.040833333333335, -24.333333333333332]]]}}, {"type": "Feature", "properties": {"index": 740, "id": "D0255/26", "location": "FASK", "valid_from": "2606260232", "valid_to": "2609222359", "height_ft": 5302, "is_low": false, "text": "ARCELOR MITTAL PRETORIA (254557S 0280651E, 254523S 0280827E, 254543S\n0280848E, 254620S 0280853E, 254639S 0280811E, 254638S 0280652E): UAS\nOPS (400FT AGL) TAKING PLACE BEYOND VISUAL LINE OF SIGHT (BVLOS).", "centre_lat": -25.768518518518515, "centre_lon": 28.13342592592593, "radius_nm": null}, "geometry": {"type": "Polygon", "coordinates": [[[28.11416666666667, -25.765833333333333], [28.140833333333333, -25.75638888888889], [28.146666666666665, -25.761944444444445], [28.148055555555555, -25.772222222222222], [28.136388888888888, -25.7775], [28.114444444444445, -25.77722222222222], [28.11416666666667, -25.765833333333333]]]}}, {"type": "Feature", "properties": {"index": 741, "id": "D0247/26", "location": "FAYP", "valid_from": "2606160600", "valid_to": "2609131500", "height_ft": 183, "is_low": true, "text": "SUNBIRD RIVERLANDS, AREA BOUNDED BY (335602S 0182824E, 335601S\n0182827E, 335607S 0182831E, 335607S 0182828E): UAS OPS (150FT AGL)\nTAKING PLACE. FUA REF: DF 11 06 01.", "centre_lat": -33.93451388888889, "centre_lon": 18.474305555555553, "radius_nm": null}, "geometry": {"type": "Polygon", "coordinates": [[[18.473333333333333, -33.93388888888889], [18.474166666666665, -33.933611111111105], [18.475277777777777, -33.93527777777778], [18.474444444444444, -33.93527777777778], [18.473333333333333, -33.93388888888889]]]}}, {"type": "Feature", "properties": {"index": 742, "id": "D0235/26", "location": "FALW", "valid_from": "2606050700", "valid_to": "2609021200", "height_ft": 417, "is_low": true, "text": "AREA BOUNDED BY (330250S 0180228E, 330250S 0180230E, 330251S\n0180230E, 330251S 0180228E): UAS OPS TAKING PLACE. CAMU REF: AV\n280510.", "centre_lat": -33.04736111111111, "centre_lon": 18.04138888888889, "radius_nm": null}, "geometry": {"type": "Polygon", "coordinates": [[[18.041111111111114, -33.04722222222222], [18.041666666666668, -33.04722222222222], [18.041666666666668, -33.0475], [18.041111111111114, -33.0475], [18.041111111111114, -33.04722222222222]]]}}, {"type": "Feature", "properties": {"index": 743, "id": "D0234/26", "location": "FAOB", "valid_from": "2606040544", "valid_to": "2609011230", "height_ft": null, "is_low": false, "text": "PAPI RWY 28 U/S.\nD0233/26", "centre_lat": -34.55, "centre_lon": 20.25, "radius_nm": 5}, "geometry": {"type": "Point", "coordinates": [20.25, -34.55]}}, {"type": "Feature", "properties": {"index": 744, "id": "D0233/26", "location": "FAWK", "valid_from": "2606031524", "valid_to": "2608312359", "height_ft": 5201, "is_low": false, "text": "RIETVLEI HEIGHTS COUNTRY ESTATE, CENTURION (255229S 0281552E, 255305S\n0281555E, 255306S 0281506E, 255231S 0281504E): UAS OPS (400FT AGL)\nTAKING PLACE BEYOND VISUAL LINE OF SIGHT (BVLOS). FUA REF GN 34/05-5.", "centre_lat": -25.879930555555557, "centre_lon": 28.258125, "radius_nm": null}, "geometry": {"type": "Polygon", "coordinates": [[[28.264444444444443, -25.87472222222222], [28.26527777777778, -25.884722222222223], [28.251666666666665, -25.884999999999998], [28.25111111111111, -25.87527777777778], [28.264444444444443, -25.87472222222222]]]}}, {"type": "Feature", "properties": {"index": 745, "id": "D0232/26", "location": "FAWK", "valid_from": "2606031522", "valid_to": "2608312359", "height_ft": 5312, "is_low": false, "text": "MOOIKLOOF HEIGHTS ESTATE, PRETORIA, GAUTENG (255057S 0282100E,\n255156S 0282023E, 255120S 0282008E, 255037S 0282046E): UAS OPS (400FT\nAGL) TAKING PLACE BEYOND VISUAL LINE OF SIGHT (BVLOS). FUA REF: GN\n31/05-6.", "centre_lat": -25.853472222222223, "centre_lon": 28.342847222222222, "radius_nm": null}, "geometry": {"type": "Polygon", "coordinates": [[[28.35, -25.849166666666665], [28.33972222222222, -25.865555555555556], [28.335555555555555, -25.855555555555558], [28.34611111111111, -25.84361111111111], [28.35, -25.849166666666665]]]}}, {"type": "Feature", "properties": {"index": 746, "id": "D0231/26", "location": "FAWK", "valid_from": "2606031520", "valid_to": "2608312359", "height_ft": 5159, "is_low": false, "text": "CONSTANTIA GLEN SECURITY VILLAGE, PRETORIA, GAUTENG (254805S\n0281531E, 254730S 0281623E, 254812S 0281619E, 254826S 0281723E): UAS\nOPS (400FT AGL) TAKING PLACE BEYOND VISUAL LINE OF SIGHT (BVLOS).\nFUA REF: GN 31/05-2.", "centre_lat": -25.80090277777778, "centre_lon": 28.273333333333333, "radius_nm": null}, "geometry": {"type": "Polygon", "coordinates": [[[28.25861111111111, -25.80138888888889], [28.273055555555555, -25.791666666666668], [28.271944444444443, -25.803333333333335], [28.289722222222224, -25.807222222222222], [28.25861111111111, -25.80138888888889]]]}}, {"type": "Feature", "properties": {"index": 747, "id": "D0230/26", "location": "FALW", "valid_from": "2606040001", "valid_to": "2609012359", "height_ft": 704, "is_low": true, "text": "ELANDSFONTEIN KROPZ, LANGEBAANWEG, WESTERN CAPE (330501S 0181137E,\n330559S 0181343E, 330728S 0181159E, 330628S 0181057E): UNMANNED\nAERIAL VEHICLE (UAV) OPS (400FT AGL) TAKING PLACE BEYOND VISUAL LINE\nOF SIGHT (BVLOS).\nCAMU REF: AV 03/03-4", "centre_lat": -33.10388888888889, "centre_lon": 18.20111111111111, "radius_nm": null}, "geometry": {"type": "Polygon", "coordinates": [[[18.19361111111111, -33.08361111111111], [18.22861111111111, -33.099722222222226], [18.199722222222224, -33.12444444444444], [18.1825, -33.10777777777778], [18.19361111111111, -33.08361111111111]]]}}, {"type": "Feature", "properties": {"index": 748, "id": "D0224/26", "location": "FAWK", "valid_from": "2605300400", "valid_to": "2608271000", "height_ft": 4805, "is_low": false, "text": "PRETORIA, GAUTENG (254404S 0281559E, 254352S 0281704E, 254427S\n0281700E, 254420S 0281608E): UAS OPS (400FT AGL) TAKING PLACE. CAMU\nREF: GN 22052.", "centre_lat": -25.736319444444444, "centre_lon": 28.27576388888889, "radius_nm": null}, "geometry": {"type": "Polygon", "coordinates": [[[28.26638888888889, -25.734444444444446], [28.284444444444446, -25.731111111111108], [28.283333333333335, -25.740833333333335], [28.26888888888889, -25.73888888888889], [28.26638888888889, -25.734444444444446]]]}}, {"type": "Feature", "properties": {"index": 749, "id": "D0215/26", "location": "FALW", "valid_from": "2605280700", "valid_to": "2608251100", "height_ft": 484, "is_low": true, "text": "AREA BOUNDED BY (330521S 0180243E, 330521S 0180245E, 330523S\n0180245E, 330523S 0180244E): UAS OPS (400FT AGL) TAKING PLACE. CAMU\nREF: DF 19/05-13.", "centre_lat": -33.089444444444446, "centre_lon": 18.045625, "radius_nm": null}, "geometry": {"type": "Polygon", "coordinates": [[[18.04527777777778, -33.08916666666667], [18.045833333333334, -33.08916666666667], [18.045833333333334, -33.08972222222222], [18.045555555555556, -33.08972222222222], [18.04527777777778, -33.08916666666667]]]}}, {"type": "Feature", "properties": {"index": 750, "id": "E0058/26", "location": "FAXX", "valid_from": "2608240700", "valid_to": "2608241900", "height_ft": 5718, "is_low": false, "text": "CAPITAL HILL HELISTOP (260557.40S 0280302.43E): SANDTON CBD, GAUTENG\n(260607S 0280255E, 260608S 0280344E, 260648S 0280341E, 260648S\n0280253E): UAS OPS (400FT AGL) TAKING PLACE.", "centre_lat": -26.10770833333333, "centre_lon": 28.05506944444444, "radius_nm": null}, "geometry": {"type": "Polygon", "coordinates": [[[28.048611111111114, -26.101944444444445], [28.06222222222222, -26.102222222222224], [28.06138888888889, -26.113333333333333], [28.048055555555557, -26.113333333333333], [28.048611111111114, -26.101944444444445]]]}}, {"type": "Feature", "properties": {"index": 751, "id": "E0056/26", "location": "FAXX", "valid_from": "2608111227", "valid_to": "2608311600", "height_ft": null, "is_low": false, "text": "ULTIMATE HELISTOP (260142.12S 0280638.54E) WIP. TFC INBD/OUBD FATO\nIN A SOUTHERLY DIRECTION TO EXER CTN.\nE0054/26", "centre_lat": -26.033333333333335, "centre_lon": 28.116666666666667, "radius_nm": 1}, "geometry": {"type": "Point", "coordinates": [28.116666666666667, -26.033333333333335]}}, {"type": "Feature", "properties": {"index": 752, "id": "E0054/26", "location": "FAXX", "valid_from": "2608120000", "valid_to": "2611092359", "height_ft": 5686, "is_low": false, "text": "CAPITAL HILL HELISTOP (260557.40S 0280302.43E): SANDTON, GAUTENG:\n(260528S 0280355E, 260658S 0280354E, 260654S 0280222E, 260526S\n0280220E): UAS OPS (400FT AGL) TAKING PLACE BEYOND VISUAL LINE OF\nSIGHT (BVLOS).", "centre_lat": -26.103194444444444, "centre_lon": 28.052152777777778, "radius_nm": null}, "geometry": {"type": "Polygon", "coordinates": [[[28.06527777777778, -26.09111111111111], [28.065, -26.116111111111113], [28.039444444444445, -26.115000000000002], [28.03888888888889, -26.090555555555554], [28.06527777777778, -26.09111111111111]]]}}, {"type": "Feature", "properties": {"index": 753, "id": "E0053/26", "location": "FACA FAJA FAJO", "valid_from": "2608010001", "valid_to": "2609010001", "height_ft": null, "is_low": false, "text": "CHECKLIST\nYEAR=2026 0028 0035 0036 0037 0038 0039 0042 0044 0045 0050\n0051 0052\nW5-HC4XRP-CT - 24AUG26 0600 ATNS 105/111\nLATEST PUBLICATIONS\nAIP SUPPLEMENT.......057 09 JUL 26\nAIP AMENDMENT .......003 15 JUL 26\nCHECKLIST OF AIP SUP AND AIC\nAIP SUP: 041/2021 042/2021 063/2022 064/2022 098/2024 019/2025\n041/2025\n091/2025 110/2025 111/2025 120/2025 004/2026 021/2026 022/2026\n038/2026 042/2026 047/2026 051/2026 054/2026 056/2026 057/2026\nAIP SUP: 008/2026 009/2026 010/2026 011/2026 012/2026 016/2026\n017/2026\n018/2026 024/2026 025/2026 026/2026 029/2026 030/2026 031/2026\n032/2026 033/2026 039/2026 040/2026 041/2026 044/2026 045/2026\n046/2026 049/2026\nAIC: A001/2014 B002/2014 D003/2014 F007/2014 C009/2014 A011/2014\nD012/2014\nA014/2014 B015/2014 C017/2014 D018/2014 B001/2015 A003/2015 C007/2015\nA...", "centre_lat": -51.86666666666667, "centre_lon": 16.85, "radius_nm": 999}, "geometry": {"type": "Point", "coordinates": [16.85, -51.86666666666667]}}, {"type": "Feature", "properties": {"index": 754, "id": "E0051/26", "location": "FAXX", "valid_from": "2607240500", "valid_to": "2610211800", "height_ft": 5489, "is_low": false, "text": "THE CAMPUS HELISTOP (260231.955S 0280129.30E):\nAREA BOUNDED BY (260241.401S 0280105.47E, 260246.504S 0280110.41E,\n260249.512S 0280106.51E, 260244.704S 0280101.38E): UAS OPS (400FT\nAGL) TAKING PLACE BEYOND VISUAL LINE OF SIGHT (BVLOS).", "centre_lat": -26.05, "centre_lon": 28.016666666666666, "radius_nm": 1}, "geometry": {"type": "Point", "coordinates": [28.016666666666666, -26.05]}}, {"type": "Feature", "properties": {"index": 755, "id": "E0050/26", "location": "FAXX", "valid_from": "2607011726", "valid_to": "2609282359", "height_ft": 5132, "is_low": false, "text": "CULLINAN DIAMOND MINE HELISTOP (253956.9S 0283025.10E): AREA BOUNDED\nBY (253815S 0283002E, 253902S 0283238E, 254153S 0283137E, 254102S\n0282901E): UAS OPS (400FT AGL) TAKING PLACE BEYOND VISUAL LINE OF\nSIGHT (BVLOS). FUA REF: AV 30/06-1.", "centre_lat": -25.6675, "centre_lon": 28.51375, "radius_nm": null}, "geometry": {"type": "Polygon", "coordinates": [[[28.500555555555554, -25.6375], [28.54388888888889, -25.650555555555552], [28.526944444444442, -25.698055555555555], [28.483611111111113, -25.683888888888887], [28.500555555555554, -25.6375]]]}}, {"type": "Feature", "properties": {"index": 756, "id": "E0045/26", "location": "FAXX", "valid_from": "2606101600", "valid_to": "2609070400", "height_ft": 4385, "is_low": false, "text": "GLENCORE EASTERN CHROME MINES HELISTOP (245830.11S 0300743.17E): AREA\nBOUNDED BY (245739S 0300801E, 250004S 0300808E, 250006S 0300654E,\n245709S 0300705E): UAS OPS (1000FT AGL) TAKING PLACE BEYOND VISUAL\nLINE OF SIGHT (BVLOS).", "centre_lat": -24.979027777777777, "centre_lon": 30.125555555555554, "radius_nm": null}, "geometry": {"type": "Polygon", "coordinates": [[[30.13361111111111, -24.960833333333333], [30.135555555555555, -25.00111111111111], [30.115000000000002, -25.001666666666665], [30.118055555555557, -24.9525], [30.13361111111111, -24.960833333333333]]]}}, {"type": "Feature", "properties": {"index": 757, "id": "E0044/26", "location": "FAXX", "valid_from": "2606031312", "valid_to": "2608312359", "height_ft": 5154, "is_low": false, "text": "KINCARDINE HELISTOP (255817.70S 0280159.81E): KYALAMI, MIDRAND,\nGAUTENG (255830S 0280605E, 260032S 0280536E, 260028S 0280250E,\n255801S 0280213E): UAS OPS (200FT AGL) TAKING PLACE BEYOND VISUAL\nLINE OF SIGHT (BVLOS). FUA REF: TJ 02/06-6.", "centre_lat": -25.989652777777778, "centre_lon": 28.06972222222222, "radius_nm": null}, "geometry": {"type": "Polygon", "coordinates": [[[28.10138888888889, -25.974999999999998], [28.093333333333334, -26.00888888888889], [28.047222222222224, -26.00777777777778], [28.036944444444448, -25.966944444444444], [28.10138888888889, -25.974999999999998]]]}}, {"type": "Feature", "properties": {"index": 758, "id": "E0042/26", "location": "FAXX", "valid_from": "2606010000", "valid_to": "2608292359", "height_ft": 5440, "is_low": false, "text": "CAPITAL HILL HELISTOP (260557.40S 0280302.43E):\nAREA BOUNDED BY (260414S 0280128E, 260759S 0280318E, 260814S\n0280158E, 260458S 0280003E): UAS OPS (400FT AGL) TAKING PLACE BEYOND\nVISUAL LINE OF SIGHT (BVLOS).", "centre_lat": -26.10590277777778, "centre_lon": 28.02826388888889, "radius_nm": null}, "geometry": {"type": "Polygon", "coordinates": [[[28.024444444444445, -26.070555555555554], [28.055, -26.133055555555558], [28.032777777777778, -26.13722222222222], [28.000833333333333, -26.08277777777778], [28.024444444444445, -26.070555555555554]]]}}, {"type": "Feature", "properties": {"index": 759, "id": "F0009/19", "location": "FAJO FAJA FACA", "valid_from": "1905180555", "valid_to": "PERM", "height_ft": null, "is_low": false, "text": "HAND AMEND AIC 20-13 DATED 28 JUN 2012 AS FLW: PAGE 2 PARAGRAPH 3.3.3\n(I) AND 3.3.3 (V) SECOND PARAGRAPH ONLY WITHDRAWN.\nF0219/25", "centre_lat": -51.86666666666667, "centre_lon": 16.85, "radius_nm": 999}, "geometry": {"type": "Point", "coordinates": [16.85, -51.86666666666667]}}, {"type": "Feature", "properties": {"index": 760, "id": "F0219/25", "location": "FAJA FACA", "valid_from": "2512231520", "valid_to": "PERM", "height_ft": null, "is_low": false, "text": "HAND AMEND AIP ENR 3.3 ATS RTE AS FLW:\nZ8 ENR 3.3-39 RBV RPLC BY OKLEP\nUZ8 ENR 3.3-39 RBV RPLC BY OKLEP\nZ11 ENR 3.3-41 GWV RPLC BY OKMUX\nUZ11 ENR 3.3-42 GWV RPLC BY OKMUX\nW5-HC4XRP-CT - 24AUG26 0600 ATNS 107/111\nZ26 ENR 3.3-46 CSV RPLC BY DUMDO\nUZ26 ENR 3.3-46 CSV RPLC BY DUMDO\nUN188 ENR 3.3-69 ABV RPLC BY DUSLA\nQ59 ENR 3.3-93 SSV RPLC BY UDGIM\nUQ59 ENR 3.3-93 SSV RPLC BY UDGIM\nQ62 ENR 3.3-100 ABV RPLC BY DUSLA\nUQ62 ENR 3.3-100 ABV RPLC BY DUSLA\nT125 ENR 3.3-49 PKV RPLC BY IMKAN\nUT125 ENR 3.3-49 PKV RPLC BY IMKAN\nT444 ENR 3.3-51 PKV RPLC BY IMKAN\nUT444 ENR 3.3-51 PKV RPLC BY IMKAN\nQ20 ENR 3.3-55 RBV RPLC BY OKLEP\nUQ20 ENR 3.3-56 RBV RPLC BY OKLEP\nZ41 ENR 3.3-97 UPV RPLC BY IMKIV\nUZ41 ENR 3.3-97 UPV RPLC BY IMKIV\nF0154/26", "centre_lat": -51.86666666666667, "centre_lon": 16.85, "radius_nm": 999}, "geometry": {"type": "Point", "coordinates": [16.85, -51.86666666666667]}}, {"type": "Feature", "properties": {"index": 761, "id": "F0154/26", "location": "FAJA FACA", "valid_from": "2608190725", "valid_to": "2610102359", "height_ft": null, "is_low": false, "text": "HAND AMEND AIP SUP S058/26 DATED 06 AUG 2026 REMOVE POINT 1 AND 2.\nF0152/26", "centre_lat": -28.633333333333333, "centre_lon": 24.966666666666665, "radius_nm": 999}, "geometry": {"type": "Point", "coordinates": [24.966666666666665, -28.633333333333333]}}, {"type": "Feature", "properties": {"index": 762, "id": "F0152/26", "location": "FAEL", "valid_from": "2608071103", "valid_to": "2609022359", "height_ft": null, "is_low": false, "text": "HAND AMEND THE ATCSMAC FAEL RAD-01 DATED 08 SEP 2022 AS FLW:\nMAG VAR TO READ 31 DEG W 2026\nSECT BTN R094 TO R244 TO READ BTN 20 TO 50 DME ELV 1500FT\nSECT BTN R257 TO R317 TO READ BTN 5 TO 13 DME ELV 2500FT\nSECT BTN R244 TO R317 TO READ BTN 20 TO 30 DME ELV 3300FT, BTN 30\nTO 50 DME ELV 4200FT\nSECT BTN R317 TO R352 TO READ 15 TO 25 DME ELV 4100FT, BTN 25 TO 40\nDME ELV 6600FT, BTN\n40 TO 50 DME ELV 7500FT\nSECT BTN R352 TO R042 TO READ BTN 15 TO 30 DME ELV 4300FT, BTN 30\nTO 50 DME ELV 6500FT\nSECT BTN R042 TO R094 TO READ BTN 15 TO 30 DME ELV 3900FT, BTN 30\nTO 45 DME ELV 4300FT,\nBTN 45 TO 50 DME ELV 4800FT\nRADAR MNM HGT IN FEET TO READ 1000 UP TO 50 DME ELV\nDELETE RADAR MNM HGT IN FEET 1500 THEREAFTER.\nF0151/26", "centre_lat": -33.03333333333333, "centre_lon": 27.816666666666666, "radius_nm": 5}, "geometry": {"type": "Point", "coordinates": [27.816666666666666, -33.03333333333333]}}, {"type": "Feature", "properties": {"index": 763, "id": "F0151/26", "location": "FAJA FACA", "valid_from": "2609030001", "valid_to": "2609172359", "height_ft": null, "is_low": false, "text": "TRIGGER NOTAM - AIRAC AIP SUP S071/26 DATED 03 SEP 2026:\nLETDOWN PROCEDURE (WEF 03 SEP 2029-PERM).\nF0150/26", "centre_lat": -28.633333333333333, "centre_lon": 24.966666666666665, "radius_nm": 999}, "geometry": {"type": "Point", "coordinates": [24.966666666666665, -28.633333333333333]}}, {"type": "Feature", "properties": {"index": 764, "id": "F0150/26", "location": "FAJA FACA", "valid_from": "2609030001", "valid_to": "2609172359", "height_ft": null, "is_low": false, "text": "TRIGGER NOTAM - AIRAC AIP SUP S070/26 DATED 03 SEP 2026:\nCHARTS (WEF 03 SEP 2026-PERM).\nF0149/26", "centre_lat": -28.633333333333333, "centre_lon": 24.966666666666665, "radius_nm": 999}, "geometry": {"type": "Point", "coordinates": [24.966666666666665, -28.633333333333333]}}, {"type": "Feature", "properties": {"index": 765, "id": "F0149/26", "location": "FAWK", "valid_from": "2609140600", "valid_to": "2609201700", "height_ft": 18000, "is_low": false, "text": "TRIGGER NOTAM - AIRAC AIP SUP S069/26 DATED 03 SEP 2026:\nW5-HC4XRP-CT - 24AUG26 0600 ATNS 108/111\nAFRICA AEROSPACE AND DEFENCE AIRSHOW (WEF 14-20 SEP 2026).", "centre_lat": -25.833333333333332, "centre_lon": 28.216666666666665, "radius_nm": 5}, "geometry": {"type": "Point", "coordinates": [28.216666666666665, -25.833333333333332]}}, {"type": "Feature", "properties": {"index": 766, "id": "F0148/26", "location": "FAKR", "valid_from": "2609240700", "valid_to": "2609271500", "height_ft": 6350, "is_low": false, "text": "TRIGGER NOTAM - AIRAC AIP SUP S068/26 DATED 03 SEP 2026:\nFLY-IN (WEF 24-27 SEP 2026).", "centre_lat": -26.083333333333332, "centre_lon": 27.733333333333334, "radius_nm": 5}, "geometry": {"type": "Point", "coordinates": [27.733333333333334, -26.083333333333332]}}, {"type": "Feature", "properties": {"index": 767, "id": "F0146/26", "location": "FALE", "valid_from": "2608031351", "valid_to": "2609022359", "height_ft": null, "is_low": false, "text": "AIRAC AIP SUP S051/26 DATED 09 JULY 2026 WITHDRAWN.\nF0145/26", "centre_lat": -29.616666666666667, "centre_lon": 31.116666666666667, "radius_nm": 5}, "geometry": {"type": "Point", "coordinates": [31.116666666666667, -29.616666666666667]}}, {"type": "Feature", "properties": {"index": 768, "id": "F0145/26", "location": "FACA FAJA FAJO", "valid_from": "2608010001", "valid_to": "2609010001", "height_ft": null, "is_low": false, "text": "CHECKLIST\nYEAR=2019 0009\nYEAR=2025 0219\nYEAR=2026 0016 0099 0119 0120 0123 0124 0126 0127 0129 0130\n0132 0137 0138 0139 0141 0142 0143\nLATEST PUBLICATIONS\nAIP SUPPLEMENT.......057 09 JUL 26\nAIP AMENDMENT .......003 15 JUL 26\nCHECKLIST OF AIP SUP AND AIC\nAIP SUP: 041/2021 042/2021 063/2022 064/2022 098/2024 019/2025\n041/2025\n091/2025 110/2025 111/2025 120/2025 004/2026 021/2026 022/2026\n038/2026 042/2026 047/2026 051/2026 054/2026 056/2026 057/2026\nAIP SUP: 008/2026 009/2026 010/2026 011/2026 012/2026 016/2026\n017/2026\n018/2026 024/2026 025/2026 026/2026 029/2026 030/2026 031/2026\n032/2026 033/2026 039/2026 040/2026 041/2026 044/2026 045/2026\n046/2026 049/2026\nAIC: A001/2014 B002/2014 D003/2014 F007/2014 C009/2014 A011/2014\nD012/2014\nA014/2014 B015/2014 C017/2014 D018/2014 B001/2015 A003/20...", "centre_lat": -51.86666666666667, "centre_lon": 16.85, "radius_nm": 999}, "geometry": {"type": "Point", "coordinates": [16.85, -51.86666666666667]}}, {"type": "Feature", "properties": {"index": 769, "id": "F0142/26", "location": "FAKM", "valid_from": "2607300818", "valid_to": "2609022359", "height_ft": null, "is_low": false, "text": "AIP AIRAC SUP S120/25 WITHDRAWN.\nF0138/26", "centre_lat": -28.8, "centre_lon": 24.766666666666666, "radius_nm": 5}, "geometry": {"type": "Point", "coordinates": [24.766666666666666, -28.8]}}, {"type": "Feature", "properties": {"index": 770, "id": "F0138/26", "location": "FARB", "valid_from": "2608060001", "valid_to": "PERM", "height_ft": null, "is_low": false, "text": "HAND AMEND AIRAC AIP SUP S064/26 DATED 06 AUG 2026 AS FLW: FARB\nVOR-03, PAGE 77: MSA 25NM RBV VOR, CHANGE SECTOR 270DEG - 360DEG\n2100' TO 2200'.\nF0129/26", "centre_lat": -28.733333333333334, "centre_lon": 32.1, "radius_nm": 5}, "geometry": {"type": "Point", "coordinates": [32.1, -28.733333333333334]}}, {"type": "Feature", "properties": {"index": 771, "id": "F0129/26", "location": "FAGG", "valid_from": "2607150001", "valid_to": "PERM", "height_ft": null, "is_low": false, "text": "HAND AMEND AIP FAGG AD 2.14 AS FLW:\nADD REMARKS :\n1. RCL (RWY 29) TWY OBST.\nREMOTE SWITCHING OF RWY, TWY AND APN LIGHTS:\n2. AFTER HOURS REMOTE SWITCHING: 5 CLICKS ON MICROPHONE BUTTON WITHIN\n5 SECONDS ON FREQ.118.9 MHZ SWITCHES RWY,\nTWY AND APN LIGHTS ON FOR 15 MINUTES. IF REQUIRED, THE PROCEDURE MAY\nBE REPEATED FOR A FURTHER 15 MINUTES PERIOD.\n3. NOTE: THE USE OF THIS FACILITY IS RESTRICTED TO AIRCRAFT\nEXPERIENCING IN-FLIGHT EMERGENCIES OR MEDICAL EMERGENCY\nFLIGHTS AND SHOULD BE USED IN CONJUNCTION WITH A NON-PROCEDURAL\nAPPROACH. IN ALL OTHER CASES, PERMISSION TO USE THE\nFACILITIES AFTER HOD OF THE AD, MUST BE OBTAINED FROM THE AD CHF.\nSEE AD 2.3(12).\n4. THR RWY 29 IS DISPLACED BY 120M.\nF0127/26", "centre_lat": -34.0, "centre_lon": 22.366666666666667, "radius_nm": 5}, "geometry": {"type": "Point", "coordinates": [22.366666666666667, -34.0]}}, {"type": "Feature", "properties": {"index": 772, "id": "F0127/26", "location": "FARB", "valid_from": "2607081323", "valid_to": "PERM", "height_ft": null, "is_low": false, "text": "HAND AMEND FARB IAC VOR-03 VOR Z RWY 23 DATED 25 DEC 2025 AS FLW:\nMSA 25NM RBV VOR, CHANGE SECTOR 270DEG - 360DEG 2100' TO 2200'.\nF0126/26", "centre_lat": -28.733333333333334, "centre_lon": 32.1, "radius_nm": 5}, "geometry": {"type": "Point", "coordinates": [32.1, -28.733333333333334]}}, {"type": "Feature", "properties": {"index": 773, "id": "F0126/26", "location": "FAXX", "valid_from": "2608280600", "valid_to": "2608291400", "height_ft": 6767, "is_low": false, "text": "TRIGGER NOTAM - AIRAC AIP SUP S067/26 DATED 06 AUG 2026:\nAIRSHOW - RHINO PARK AERODROME (254959S 0283227E)(WEF 28 - 29 AUG\n2026).", "centre_lat": -25.833055555555557, "centre_lon": 28.540833333333335, "radius_nm": 5}, "geometry": {"type": "Point", "coordinates": [28.540833333333335, -25.833055555555557]}}, {"type": "Feature", "properties": {"index": 774, "id": "F0120/26", "location": "FAKN", "valid_from": "2606261420", "valid_to": "PERM", "height_ft": null, "is_low": false, "text": "HAND AMEND FAKN IAC ILS-01 ILS Z RWY 05 DATED 27 NOV 2025 AS FLW:\nPLANVIEW, CHANGE PKV CH 103X TO CH 72X.\nF0099/26", "centre_lat": -25.383333333333333, "centre_lon": 31.1, "radius_nm": 5}, "geometry": {"type": "Point", "coordinates": [31.1, -25.383333333333333]}}, {"type": "Feature", "properties": {"index": 775, "id": "F0099/26", "location": "FALA", "valid_from": "2605180849", "valid_to": "PERM", "height_ft": null, "is_low": false, "text": "HAND AMEND RSA AIP FALA AD 2.8 ROW 1, COLUMN 3, APN A PCR TO READ\n570/F/C/X/T.\nF0016/26", "centre_lat": -25.933333333333334, "centre_lon": 27.933333333333334, "radius_nm": 5}, "geometry": {"type": "Point", "coordinates": [27.933333333333334, -25.933333333333334]}}, {"type": "Feature", "properties": {"index": 776, "id": "F0016/26", "location": "FAJA FACA", "valid_from": "2601280719", "valid_to": "PERM", "height_ft": null, "is_low": false, "text": "HAND AMEND AIC D005/2017 DATED 02 MAR 2017 AS FLW:\n1. ADD TO POINT C) FIELD 8 (FLIGHT RULES): IN THE EVENT THAT THE\nTRANSITION ALTITUDE IS NOT REACHED DURING BVLOS OPERATIONS, THE LEVEL\nWILL BE INDICATED IN ALTITUDE (EG: A004 OR A010), NOT FLIGHT LEVELS\n(FL).\n2. ADD TO POINT Q) FIELD 18 (OTHER INFORMATION): FOR FLIGHTS WHICH\nWILL BE FLYING BVLOS, INDICATE RMK/BVLOS OPS.\nEND OF DOCUMENT\nW5-HC4XRP-CT - 24AUG26 0600 ATNS 111/111", "centre_lat": -28.633333333333333, "centre_lon": 24.966666666666665, "radius_nm": 533}, "geometry": {"type": "Point", "coordinates": [24.966666666666665, -28.633333333333333]}}]}